-- phpMyAdmin SQL Dump
-- version 5.0.3
-- https://www.phpmyadmin.net/
--
-- Host: 127.0.0.1
-- Generation Time: Dec 31, 2020 at 07:09 PM
-- Server version: 10.4.14-MariaDB
-- PHP Version: 7.4.11

SET SQL_MODE = "NO_AUTO_VALUE_ON_ZERO";
START TRANSACTION;
SET time_zone = "+00:00";


/*!40101 SET @OLD_CHARACTER_SET_CLIENT=@@CHARACTER_SET_CLIENT */;
/*!40101 SET @OLD_CHARACTER_SET_RESULTS=@@CHARACTER_SET_RESULTS */;
/*!40101 SET @OLD_COLLATION_CONNECTION=@@COLLATION_CONNECTION */;
/*!40101 SET NAMES utf8mb4 */;

--
-- Database: `bengles`
--

-- --------------------------------------------------------

--
-- Table structure for table `account`
--

CREATE TABLE `account` (
  `id` int(11) NOT NULL,
  `title` varchar(50) NOT NULL,
  `type` int(11) NOT NULL,
  `description` varchar(1000) DEFAULT NULL,
  `balance` decimal(10,2) NOT NULL,
  `is_petty_cash` int(1) NOT NULL DEFAULT 0,
  `status` int(11) NOT NULL DEFAULT 1,
  `ts` timestamp NOT NULL DEFAULT current_timestamp() ON UPDATE current_timestamp()
) ENGINE=InnoDB DEFAULT CHARSET=latin1;

--
-- Dumping data for table `account`
--

INSERT INTO `account` (`id`, `title`, `type`, `description`, `balance`, `is_petty_cash`, `status`, `ts`) VALUES
(1, 'TAHA MUZAHIR', 2, '', '0.00', 0, 1, '2020-08-08 10:14:42'),
(2, 'MSS', 2, '', '0.00', 0, 1, '2020-08-08 10:14:56'),
(3, 'CASH', 0, '', '0.00', 0, 1, '2020-08-11 06:55:37'),
(4, 'MSS RF', 0, '', '0.00', 0, 1, '2020-09-01 12:38:34'),
(6, 'TM CLAIM', 0, '', '0.00', 0, 1, '2020-08-11 07:48:00'),
(7, 'MSS CLAIM', 0, '', '0.00', 0, 1, '2020-08-11 07:48:29'),
(8, 'TM RF', 0, '', '0.00', 0, 1, '2020-09-01 12:38:50');

-- --------------------------------------------------------

--
-- Table structure for table `admin`
--

CREATE TABLE `admin` (
  `id` int(11) NOT NULL,
  `admin_type_id` int(11) NOT NULL,
  `username` varchar(200) NOT NULL,
  `email` varchar(200) NOT NULL,
  `name` varchar(200) NOT NULL,
  `monthly_salary` decimal(10,2) NOT NULL,
  `password` varchar(200) NOT NULL,
  `status` int(11) NOT NULL DEFAULT 1,
  `ts` timestamp NOT NULL DEFAULT current_timestamp() ON UPDATE current_timestamp()
) ENGINE=MyISAM DEFAULT CHARSET=utf8;

--
-- Dumping data for table `admin`
--

INSERT INTO `admin` (`id`, `admin_type_id`, `username`, `email`, `name`, `monthly_salary`, `password`, `status`, `ts`) VALUES
(1, 1, 'admin', 'vickyali2@hotmail.com', 'Admin', '0.00', 'admin', 1, '2020-02-01 10:09:12');

-- --------------------------------------------------------

--
-- Table structure for table `admin_type`
--

CREATE TABLE `admin_type` (
  `id` int(11) NOT NULL,
  `title` varchar(200) NOT NULL,
  `can_add` int(1) NOT NULL DEFAULT 0,
  `can_edit` int(1) NOT NULL DEFAULT 0,
  `can_delete` int(1) NOT NULL DEFAULT 0,
  `can_read` int(1) NOT NULL DEFAULT 0,
  `status` int(1) NOT NULL DEFAULT 1,
  `ts` timestamp NULL DEFAULT current_timestamp() ON UPDATE current_timestamp()
) ENGINE=InnoDB DEFAULT CHARSET=utf8mb4;

--
-- Dumping data for table `admin_type`
--

INSERT INTO `admin_type` (`id`, `title`, `can_add`, `can_edit`, `can_delete`, `can_read`, `status`, `ts`) VALUES
(1, 'Administrator', 1, 1, 1, 1, 1, '2017-02-27 12:10:38'),
(3, 'Employee', 0, 0, 0, 1, 1, '2017-12-30 22:56:51');

-- --------------------------------------------------------

--
-- Table structure for table `color`
--

CREATE TABLE `color` (
  `id` int(11) NOT NULL,
  `title` varchar(100) NOT NULL,
  `title_urdu` varchar(1000) CHARACTER SET utf8mb4 NOT NULL,
  `sortorder` int(11) NOT NULL,
  `rate` decimal(10,2) NOT NULL,
  `status` int(1) NOT NULL DEFAULT 1,
  `ts` timestamp NOT NULL DEFAULT current_timestamp() ON UPDATE current_timestamp()
) ENGINE=InnoDB DEFAULT CHARSET=latin1;

--
-- Dumping data for table `color`
--

INSERT INTO `color` (`id`, `title`, `title_urdu`, `sortorder`, `rate`, `status`, `ts`) VALUES
(13, 'MSS COPPER', 'MSS  کوپر', 0, '160.00', 1, '2020-10-19 18:06:39'),
(14, 'TM MULTI', 'TM ملٹی', 0, '60.00', 1, '2020-10-26 14:52:03'),
(15, 'TM MOTIA', 'TM موتیا', 0, '50.00', 1, '2020-10-26 14:52:31'),
(16, 'TM SILVER', 'TM سلور', 0, '50.00', 1, '2020-10-26 14:53:00'),
(17, 'TM VIRUS', 'TM  وائرس', 0, '90.00', 1, '2020-10-26 14:57:13'),
(18, 'TM Motia kara', 'TM موتیا کڑا', 0, '75.00', 1, '2020-10-26 14:57:44'),
(19, 'TM Silver kara', 'TM سلور کڑا', 0, '75.00', 1, '2020-10-26 14:58:16'),
(20, 'TM Multi kara', 'TM ملٹی کڑا', 0, '75.00', 1, '2020-10-26 14:58:27'),
(21, 'MSS SET', 'MSS سیٹ', 0, '40.00', 1, '2020-10-26 14:58:50'),
(22, 'MSS kara', 'MSSکڑا', 0, '240.00', 1, '2020-10-26 14:47:16'),
(23, 'MSS FANCY', 'MSS  فٰینسی', 0, '200.00', 1, '2020-10-26 14:59:03'),
(24, 'MSS kara', 'MSSکڑا', 0, '240.00', 1, '2020-10-26 14:47:51'),
(25, 'MSS kara', 'MSS کڑا', 0, '240.00', 1, '2020-10-26 14:48:15'),
(26, 'SADA MALL', 'سا دھ مال', 0, '95.00', 1, '2020-10-26 14:59:20'),
(27, 'MSS COPPER Supper', 'MSS  کوپر سپر', 0, '300.00', 1, '2020-10-26 14:59:41'),
(28, 'TM COPPER-120', 'TM  کوپر 120', 0, '120.00', 1, '2020-10-26 15:00:30'),
(29, 'TM SET', 'TM سیٹ', 0, '40.00', 1, '2020-10-26 15:00:57'),
(30, 'TM COPPER ', 'TM کوپر', 0, '160.00', 1, '2020-10-26 15:01:34'),
(31, 'TM COPPER SUPPER', 'TM کوپر سپر', 0, '240.00', 1, '2020-10-26 15:01:49'),
(32, 'TM COPPER SPECIAL', 'TM  کوپر اسپیشل', 0, '200.00', 1, '2020-10-26 15:02:35'),
(33, 'MSS DABA', 'MSS  ڈبہ', 0, '120.00', 1, '2020-10-26 15:03:13'),
(34, 'TM COPPER 300', 'TM کوپر   300', 0, '300.00', 1, '2020-10-26 15:03:48'),
(35, 'MSS VIRUS', 'MSS  وائرس', 0, '90.00', 1, '2020-10-26 15:04:07'),
(36, 'NIL', 'ڈائی', 0, '0.00', 1, '2020-11-09 07:10:49');

-- --------------------------------------------------------

--
-- Table structure for table `config_type`
--

CREATE TABLE `config_type` (
  `id` int(11) NOT NULL,
  `title` varchar(200) NOT NULL,
  `sortorder` int(11) NOT NULL
) ENGINE=MyISAM DEFAULT CHARSET=utf8;

--
-- Dumping data for table `config_type`
--

INSERT INTO `config_type` (`id`, `title`, `sortorder`) VALUES
(1, 'General Settings', 1),
(9, 'Invoice Setting', 2);

-- --------------------------------------------------------

--
-- Table structure for table `config_variable`
--

CREATE TABLE `config_variable` (
  `id` int(11) NOT NULL,
  `config_type_id` int(11) NOT NULL,
  `title` varchar(512) NOT NULL,
  `notes` varchar(512) NOT NULL,
  `type` varchar(200) NOT NULL,
  `default_values` text NOT NULL,
  `key` varchar(200) NOT NULL,
  `value` text NOT NULL,
  `sortorder` int(11) NOT NULL
) ENGINE=MyISAM DEFAULT CHARSET=utf8;

--
-- Dumping data for table `config_variable`
--

INSERT INTO `config_variable` (`id`, `config_type_id`, `title`, `notes`, `type`, `default_values`, `key`, `value`, `sortorder`) VALUES
(1, 1, 'Site URL', '', 'text', '', 'site_url', 'http://mss', 2),
(2, 1, 'Site Title', '', 'text', '', 'site_title', 'TM Life time Polish', 1),
(3, 1, 'Admin Logo', '', 'file', '', 'admin_logo', '', 4),
(10, 1, 'Currency Symbol', '', 'text', '', 'currency_symbol', 'Rs', 5),
(7, 1, 'Admin Email', 'Main Email Address where all the notifications will be sent.', 'text', '', 'admin_email', '', 3),
(18, 1, 'Address/Phone', '', 'editor', '', 'address_phone', '<!DOCTYPE html>\r\n<html>\r\n<head>\r\n</head>\r\n<body>\r\n\r\n</body>\r\n</html>', 6),
(19, 1, 'Header', '', 'editor', '', 'fees_chalan_header', '<!DOCTYPE html>\r\n<html>\r\n<head>\r\n</head>\r\n<body>\r\n<h1>TM&nbsp;Life Time Polish</h1>\r\n</body>\r\n</html>', 7),
(21, 9, 'Supplier Detail', '', 'editor', '', 'supplier_detail', '<!DOCTYPE html>\r\n<html>\r\n<head>\r\n</head>\r\n<body>\r\n\r\n</body>\r\n</html>', 8),
(22, 1, 'Customer ID', '', 'text', '', 'customer_id', '3', 9);

-- --------------------------------------------------------

--
-- Table structure for table `customer`
--

CREATE TABLE `customer` (
  `id` int(11) NOT NULL,
  `customer_name` varchar(100) NOT NULL,
  `customer_name_urdu` varchar(1000) CHARACTER SET utf8mb4 NOT NULL,
  `phone` varchar(20) NOT NULL,
  `address` text NOT NULL,
  `balance` int(11) NOT NULL,
  `machine_id` int(11) NOT NULL DEFAULT 0,
  `status` int(1) NOT NULL DEFAULT 1,
  `ts` timestamp NOT NULL DEFAULT current_timestamp() ON UPDATE current_timestamp()
) ENGINE=InnoDB DEFAULT CHARSET=latin1;

--
-- Dumping data for table `customer`
--

INSERT INTO `customer` (`id`, `customer_name`, `customer_name_urdu`, `phone`, `address`, `balance`, `machine_id`, `status`, `ts`) VALUES
(3, 'MZ BANGLE', ' MZ بینگل اسٹور', '', '', 0, 17, 1, '2020-10-28 12:18:02'),
(5, 'M NADEM JUNAID BANGLE', 'ایم ندیم جنید بینگل اسٹور', '', '', 0, 17, 1, '2020-10-28 12:13:39'),
(6, 'HASAN ZAHER BNGLE', 'حسان ظہیر بینگل اسٹور', '', '', 321295, 17, 1, '2020-11-02 12:16:07'),
(7, 'FAIZAN MEMONA BANGLE', 'فیضان میمونہ بینگل اسٹور', '', '', 17200, 17, 1, '2020-10-28 11:49:54'),
(8, 'QAZI AKRAM BANGLE', 'قا ضی ا کرم     بینگل اسٹور', '', '', 0, 17, 1, '2020-10-28 13:01:58'),
(9, 'AL QURESH BANGLE', 'القریش بٰینگل اسٹور', '', '', 120440, 17, 1, '2020-10-28 11:39:11'),
(10, 'UMAIR CASH', 'عمیر    بینگل اسٹور', '', '', 0, 17, 1, '2020-10-28 14:00:15'),
(11, 'ALOO BHAI BANGLE', 'امیر آلو بٰینگل اسٹور', '', '', 120440, 17, 1, '2020-10-28 11:40:41'),
(12, 'NIHAL SHAH BANGLE', 'نہال شاہ بینگل اسٹور', '', '', 404600, 17, 1, '2020-10-28 12:58:00'),
(13, 'ASIF IN SHA BANGLE', 'آ صف    انشاء بینگل اسٹور', '', '', 35425, 17, 1, '2020-10-31 12:48:02'),
(15, 'FAROOQ ERUM BANGLE', 'فاروق ارم بینگل اسٹور', '', '', 346716, 17, 1, '2020-10-28 11:50:36'),
(16, 'HAMID HUSAIN BANGLE', 'حامد  حسین   بینگل اسٹور', '', '', 0, 17, 1, '2020-10-28 12:07:17'),
(17, 'ARIF ASIF BANGLE', 'عارف آصف بینگل اسٹور', '', '', 164290, 17, 1, '2020-10-28 11:43:31'),
(19, 'FAROOQ NOOR BANGLE', 'فاروق نور بینگل اسٹور', '', '', 794403, 17, 1, '2020-10-28 11:51:24'),
(20, 'QADIR BANGLE', 'قادر بینگل اسٹور', '', '', 0, 17, 1, '2020-10-28 13:00:52'),
(21, '7 STAR BANGLE', '7 اسٹار بینگل اسٹور', '', '', 100000, 17, 1, '2020-10-31 10:50:45'),
(22, 'SAJID MAMO', 'ساجد ماموں بینگل اسٹور', '', '', 0, 17, 1, '2020-10-28 13:52:42'),
(23, 'M ZUBAIR JUNAID BANGLE', 'ایم زبیر جنید بینگل اسٹور', '', '', 0, 17, 1, '2020-10-28 12:14:10'),
(24, 'FAROOQ KATAI WLY', 'فاروق کٹے بینگل اسٹور', '', '', 0, 17, 1, '2020-10-28 11:51:01'),
(25, 'NASIR CHAND BANGLE', 'نا صر چاندبینگل اسٹور', '', '', 0, 17, 1, '2020-10-28 12:53:19'),
(26, 'BAHAR E MADINA BANGLE', 'بہار مدینہ بینگل اسٹور', '', '', 0, 17, 1, '2020-10-28 11:46:19'),
(27, 'SALMAN GAO SHALA', 'سلمان    بینگل اسٹور', '', '', 0, 17, 1, '2020-10-28 13:53:38'),
(28, 'TAHIR SHAH BANGLE', 'طاھر شاہ    بینگل اسٹور', '', '', 42000, 17, 1, '2020-10-28 13:58:39'),
(29, 'HINA NAEEM BANGLE', 'حنا نعیم بینگل اسٹور', '', '', 254480, 17, 1, '2020-10-28 12:09:08'),
(30, 'MAHNOOR BANGLE', 'ماہ  نوربینگل اسٹور', '', '', 66000, 17, 1, '2020-10-28 12:14:54'),
(31, 'MANTHAR BANGLE', ' منٹھار    بینگل اسٹور', '', '', 0, 17, 1, '2020-10-28 12:15:51'),
(32, 'LAL QALANDER BANGLE', 'لعل قلندر  بینگل اسٹور', '', '', 0, 17, 1, '2020-10-28 12:12:47'),
(33, 'FALAK STAR BANGLE', 'فلک اسٹار بینگل اسٹور', '', '', 0, 17, 1, '2020-10-28 11:50:09'),
(34, 'ZAHID BHAI BANGLE', '  زاھد  بھا ئی    بینگل اسٹور', '', '', 0, 17, 1, '2020-10-28 14:01:50'),
(35, 'MUNEB HASHMI BANGLE', 'منیب ہاشمی بینگل اسٹور', '', '', 0, 17, 1, '2020-10-28 12:17:27'),
(36, 'HAJI  FARHAN BANGLE', 'حا جی فر حان بینگل اسٹور', '', '', 0, 17, 1, '2020-10-28 12:05:58'),
(37, 'NAJED MIRZA BANGLE', 'نجید مرزا    بینگل اسٹور', '', '', 227620, 17, 1, '2020-10-28 12:52:45'),
(38, 'A J AZHAR BANGLE', 'AJ  بٰینگل اسٹور', '', '', 0, 17, 1, '2020-10-19 15:33:38'),
(39, 'HAJI NISAR BANGLE', 'حا جی نثار بینگل اسٹور', '', '', 0, 17, 1, '2020-10-28 12:06:37'),
(40, 'FAZL E RABI BANGLE', 'فضلِ ربیِ   بینگل اسٹور', '', '', 0, 17, 1, '2020-10-28 12:04:34'),
(41, 'ABUL HASAN BANGLE', 'ابولحسن بینگل اسٹعور', '', '', 0, 17, 1, '2020-10-27 05:18:16'),
(42, 'RASHID MELAP', 'میلاپ بینگل اسٹور', '', '', 0, 17, 1, '2020-10-31 12:02:32'),
(43, 'PRIME BANGLE', 'پرائم  بینگل اسٹور', '', '', 10400, 17, 1, '2020-10-28 13:00:23'),
(44, 'AKHTAR INSHA BANGLE', 'اختر انشاء بینگل اسٹور', '', '', 0, 17, 1, '2020-10-28 11:33:30'),
(46, 'AMIR SIDDIQI BANGLE', 'عامر صدیقی بٰینگل اسٹور', '', '', 120440, 17, 1, '2020-10-28 11:41:23'),
(47, 'ADIL BANGLE', 'عا د ل     بینگل اسٹور', '', '', 0, 17, 1, '2020-10-28 11:29:41'),
(49, 'MARYUM NASIR BANGLE', 'مریم ناصر   بینگل اسٹور', '', '', 33200, 17, 1, '2020-10-28 12:16:32'),
(50, 'ALI EBAD BANGLE', 'علی عباد بٰینگل اسٹور', '', '', 0, 17, 1, '2020-10-28 11:40:08'),
(51, 'GOLDEN JUBLIEE BANGLE', 'گولڈن جوبلی بینگل اسٹور', '', '', 0, 17, 1, '2020-10-28 12:05:26'),
(52, 'MILAN BANGLE', 'ملن    بینگل اسٹور', '', '', 0, 17, 1, '2020-10-28 12:16:56'),
(53, 'MAKKAH BANGLE', 'مکہ بینگل اسٹور', '', '', 0, 17, 1, '2020-10-28 12:15:12'),
(54, 'BABO IDRESS BANGLE', 'با بو ادریس بینگل اسٹور', '', '', 0, 17, 1, '2020-10-28 11:44:57'),
(55, 'AMIR STAR GOLD BANGLE', 'عامر اسٹار گولڈ  بٰینگل اسٹور', '', '', 0, 17, 1, '2020-10-28 11:42:01'),
(56, 'NADEM ADNAN', 'ندیم عدنان    بینگل اسٹور', '', '', 0, 17, 1, '2020-10-28 12:19:33'),
(57, 'AISHA NOOR BANGLE', 'عا ئشہ بینگل اسٹور', '', '', 0, 17, 1, '2020-10-28 11:31:32'),
(58, 'TAHIR USTAD BANGLE', '  طاھر استاد    بینگل اسٹور', '', '', 0, 17, 1, '2020-10-28 13:59:10'),
(59, 'SHAMSHAD BANGLE', 'شمشاد    بینگل اسٹور', '', '', 0, 17, 1, '2020-10-28 13:56:29'),
(60, 'BARKHA BANGLE', 'برکھا بینگل اسٹور', '', '', 17200, 17, 1, '2020-10-28 11:46:59'),
(61, 'JALWA BANGLE', 'جلوہ بینگل اسٹور', '', '', 623360, 17, 1, '2020-10-28 12:11:13'),
(62, 'REHAN AKHTAR BANGLE', 'ر یحان اختر   بینگل اسٹور', '', '', 50000, 17, 1, '2020-10-28 13:04:31'),
(63, 'AL MUKHTIYAR BANGLE', 'المختیار بٰینگل اسٹور', '', '', 0, 17, 1, '2020-10-28 11:36:47'),
(64, 'SAEED BANGLE', 'سعید بینگل اسٹور', '', '', 8500, 17, 1, '2020-10-28 13:52:01'),
(65, 'PUBLIC BANGLE', 'پبلک بینگل اسٹور', '', '', 0, 17, 1, '2020-10-28 13:00:36'),
(66, 'MAHEN BANGLE', 'ما حین بینگل اسٹور', '', '', 110000, 17, 1, '2020-10-28 12:14:28'),
(67, 'BASHER BANGLE', 'بشیر بینگل اسٹور', '', '', 0, 17, 1, '2020-10-28 11:47:21'),
(68, 'AL MANZAR BANGLE', 'المنظر     بٰینگل اسٹور', '', '', 0, 17, 1, '2020-10-28 11:36:00'),
(69, 'FAYSAL ALO BHAI', 'فیصل آلو  بینگل اسٹور', '', '', 13950, 17, 1, '2020-10-28 11:54:10'),
(71, 'NIYAZUDIN BANGLE', 'نیاز الدین بینگل اسٹور', '', '', 0, 17, 1, '2020-10-28 12:59:04'),
(74, 'AL NASEMA', 'النسیمہ بٰینگل اسٹور', '', '', 0, 17, 1, '2020-10-31 12:19:28'),
(78, 'IRFAN SHRAF BANGLE', 'عرفان اشرف بینگل اسٹور', '', '', 50000, 17, 1, '2020-10-28 12:10:35'),
(100, 'AL NOOR RASHID', 'النور بٰینگل اسٹور', '', '', 100000, 17, 1, '2020-10-28 11:38:40'),
(101, 'TAIBA NOOR BANGLE', 'طیبہ نور    بینگل اسٹور', '', '', 0, 17, 1, '2020-10-28 13:59:43'),
(102, 'SHAHABUDIN BANGLE', 'شھاب الدین    بینگل اسٹور', '', '', 0, 17, 1, '2020-10-28 13:54:56'),
(103, 'RAFIQ MALIK BANGE', 'ر فیق ملک بینگل اسٹور', '', '', 0, 17, 1, '2020-10-28 13:02:40'),
(104, 'NOOR WAHAB BANGLE', 'نور وھاب بینگل اسٹور', '', '', 0, 17, 1, '2020-10-28 12:59:34'),
(106, 'SALEM MIRZA BANGLE', 'سلیم مرزا    بینگل اسٹور', '', '', 0, 17, 1, '2020-10-28 13:53:15'),
(107, 'HASSAN BANGLE', 'حسان بینگل اسٹور', '', '', 0, 17, 1, '2020-10-28 12:08:42'),
(108, 'KHALID ZAFAR BANGLE', 'خالد ظفر     بینگل اسٹور', '', '', 0, 17, 1, '2020-10-28 12:11:50'),
(109, 'REHAN AMAN BANGLE', 'ریحا  ن امان    بینگل اسٹور', '', '', 0, 17, 1, '2020-10-28 13:49:56'),
(110, 'RIYAZUDIN BANGLE', 'ریاض الدین   بینگل اسٹور', '', '', 0, 17, 1, '2020-10-28 13:50:38'),
(111, 'ZAHIID SONIA BANGLE', 'زاھد   سو نیا   بینگل اسٹور', '', '', 0, 17, 1, '2020-10-28 14:02:56'),
(112, 'SHAHID QURESHI BANGLE', 'شا ھد قریشی   بینگل اسٹور', '', '', 0, 17, 1, '2020-10-28 13:55:27'),
(113, 'SHAFIQ NIAZI BANGLE', 'شفیق نیازی   بینگل اسٹور', '', '', 0, 17, 1, '2020-10-28 13:54:22'),
(114, 'NOORANI BANGLE', 'نورانی بینگل اسٹور', '', '', 0, 17, 1, '2020-10-28 12:59:52'),
(115, 'SHAZIA WAJID BANGLE', 'شازیہ واجد     بینگل اسٹور', '', '', 0, 17, 1, '2020-10-28 13:57:01'),
(116, 'ISHRAT BANGLE', 'عشرت بینگل اسٹور', '', '', 0, 17, 1, '2020-10-28 12:10:55'),
(117, 'FATIMA MAHAK BANGLE', 'فاطمہ مہک بینگل اسٹور', '', '', 0, 17, 1, '2020-10-28 11:52:52'),
(118, 'HAMZA BILAL BANGLE', 'حمزہ بلال بینگل اسٹور', '', '', 0, 17, 1, '2020-10-28 12:07:42'),
(119, 'SUPER KASHISH BANGLE', 'سپر کشش    بینگل اسٹور', '', '', 0, 17, 1, '2020-10-28 13:57:27'),
(120, 'YASIN BHAI', 'یاسین    بینگل اسٹور', '', '', 57700, 17, 1, '2020-10-28 14:00:46'),
(121, 'CASH SALE', 'کیش سیل', '', '', 0, 17, 1, '2020-10-28 11:49:01'),
(122, 'AL RAFHAT', 'الرفعت بٰینگل اسٹور', '', '', 0, 17, 1, '2020-10-28 11:39:39'),
(123, 'M MALIK', 'ا یم مالک  بینگل اسٹور', '', '', 0, 17, 1, '2020-10-28 12:13:07'),
(124, 'RAHEL BANGLE', 'راحیل بینگل اسٹور', '', '', 0, 17, 1, '2020-10-28 13:03:00'),
(126, 'KOH E NOOR BANGLE', 'کوہِ نور  بینگل اسٹور', '', '', 0, 17, 1, '2020-10-28 12:12:18'),
(127, 'SHAHNAWAZ BNGLE', 'شا ھنواز      بینگل اسٹور', '', '', 0, 17, 1, '2020-10-28 13:56:02'),
(131, 'NIGAH E KARAM BANGLE', 'نگاہِ کرم بینگل اسٹور', '', '', 0, 17, 1, '2020-10-28 12:53:55'),
(135, 'IMRAN ZAMER', 'عمران ضمیر بینگل اسٹور', '', '', 0, 17, 1, '2020-10-31 12:20:22'),
(136, 'AHTISHAM BANGLE', 'ا حتشام بینگل اسٹور', '', '', 0, 17, 1, '2020-10-31 12:19:40'),
(140, 'ABID BROTHERS', 'عا بد برادرس', '', '', 0, 17, 1, '2020-10-31 12:19:35'),
(141, 'DUBAI BANGLE', 'د بئی بینگل اسٹور', '', '', 0, 17, 1, '2020-10-31 12:20:07'),
(142, 'COLOR STAR', 'کلر اسٹار بینگل اسٹور', '', '', 0, 17, 1, '2020-10-31 12:20:01'),
(143, 'NASIR NOOR', 'نا صر نور  بینگل اسٹور', '', '', 0, 17, 1, '2020-10-31 12:20:37'),
(144, 'BOMBAY BANGLE', 'بمبئی    بینگل اسٹور', '', '', 0, 17, 1, '2020-10-31 12:19:55'),
(145, 'ASIA BANGLE', 'ا یشیا    بینگل اسٹور', '', '', 0, 17, 1, '2020-10-31 12:19:48'),
(146, 'JUNAID HOURAIN', '  جنید    حورین    بینگل اسٹور', '', '', 0, 17, 1, '2020-10-31 12:20:29'),
(147, 'HAJI ZUBAIR', '  حا جی ز بیر   بینگل اسٹور', '', '', 0, 17, 1, '2020-10-31 12:20:15'),
(148, 'M SUBHAN', 'سبھان  بینگل اسٹور', '', '', 0, 17, 1, '2020-11-05 06:45:34'),
(149, 'AFSHEN FAROQ', 'افشین فاروق  بینگل اسٹور', '', '', 0, 17, 1, '2020-11-05 06:45:08'),
(150, 'NIMRA FARYAL', 'نمرہ فر یال بینگل اسٹور', '', '', 0, 0, 1, '2020-11-05 06:59:32'),
(151, 'SHAHNAI', 'شھنا  ئی بینگل اسٹور', '', '', 0, 0, 1, '2020-11-05 07:04:12'),
(152, 'SARWER', 'سرور بینگل اسٹور', '', '', 0, 0, 1, '2020-11-05 06:59:49'),
(153, 'QAMAR', 'قمر بینگل اسٹور', '', '', 0, 0, 1, '2020-11-30 02:18:54'),
(154, 'IMRAN MUNER', '', '', '', 0, 0, 1, '2020-11-17 04:29:26'),
(155, 'JAMEL AJMERI', 'جمیل اجمیری بینگل اسٹور', '', '', 0, 0, 1, '2020-11-30 02:20:51'),
(156, 'ARIF KASHIF', 'کا شف آ صف   بینگل اسٹور', '', '', 0, 0, 1, '2020-11-30 15:08:12'),
(157, 'ccvv', '', '', '', 0, 0, 1, '2020-12-22 11:47:59');

-- --------------------------------------------------------

--
-- Table structure for table `customer_payment`
--

CREATE TABLE `customer_payment` (
  `id` int(11) NOT NULL,
  `customer_id` int(11) NOT NULL,
  `machine_id` int(11) NOT NULL DEFAULT 0,
  `datetime_added` datetime NOT NULL,
  `amount` decimal(10,2) NOT NULL,
  `discount` decimal(10,2) NOT NULL,
  `account_id` int(11) NOT NULL,
  `details` varchar(1000) NOT NULL,
  `status` int(1) NOT NULL DEFAULT 1,
  `ts` timestamp NOT NULL DEFAULT current_timestamp() ON UPDATE current_timestamp()
) ENGINE=InnoDB DEFAULT CHARSET=latin1;

--
-- Dumping data for table `customer_payment`
--

INSERT INTO `customer_payment` (`id`, `customer_id`, `machine_id`, `datetime_added`, `amount`, `discount`, `account_id`, `details`, `status`, `ts`) VALUES
(11, 9, 0, '2020-08-08 03:39:34', '0.00', '0.00', 1, 'Payment against Delivery #0010', 1, '2020-08-08 10:39:34'),
(15, 11, 0, '2020-08-08 03:45:13', '0.00', '0.00', 1, 'Payment against Delivery #0014', 1, '2020-08-08 10:45:13'),
(18, 12, 0, '2020-08-08 03:49:49', '0.00', '0.00', 1, 'Payment against Delivery #0017', 1, '2020-08-08 10:49:49'),
(23, 15, 0, '2020-08-08 04:01:19', '0.00', '0.00', 1, 'Payment against Delivery #0022', 1, '2020-08-08 11:01:19'),
(26, 15, 0, '2020-08-08 04:05:45', '0.00', '0.00', 1, 'Payment against Delivery #0025', 1, '2020-08-08 11:13:08'),
(29, 11, 0, '2020-08-08 04:16:03', '0.00', '0.00', 1, 'Payment against Delivery #0028', 1, '2020-08-08 11:16:03'),
(35, 20, 0, '2020-08-08 04:40:36', '0.00', '0.00', 1, 'Payment against Delivery #35', 1, '2020-08-08 11:40:36'),
(37, 22, 0, '2020-08-08 04:47:41', '0.00', '0.00', 9, 'Payment against Delivery #37', 1, '2020-08-08 11:47:41'),
(39, 19, 0, '2020-08-08 04:59:35', '0.00', '0.00', 1, 'Payment against Delivery #32', 1, '2020-08-15 09:06:55'),
(43, 25, 0, '2020-08-08 05:14:18', '0.00', '0.00', 1, 'Payment against Delivery #42', 1, '2020-08-08 12:14:18'),
(55, 30, 0, '2020-08-08 05:29:47', '0.00', '0.00', 1, 'Payment against Delivery #53', 1, '2020-08-08 12:29:47'),
(56, 22, 0, '2020-08-08 05:31:19', '0.00', '0.00', 1, 'Payment against Delivery #54', 1, '2020-08-08 12:31:19'),
(57, 31, 0, '2020-08-08 05:32:20', '0.00', '0.00', 1, 'Payment against Delivery #55', 1, '2020-08-08 12:32:20'),
(66, 35, 0, '2020-08-08 05:59:41', '0.00', '0.00', 1, 'Payment against Delivery #66', 1, '2020-08-08 12:59:41'),
(69, 35, 0, '2020-08-08 06:06:15', '0.00', '0.00', 1, 'Payment against Delivery #69', 1, '2020-08-08 13:06:15'),
(79, 38, 0, '2020-08-08 06:23:14', '0.00', '0.00', 1, 'Payment against Delivery #79', 1, '2020-08-08 13:23:14'),
(86, 41, 0, '2020-08-08 06:41:19', '0.00', '0.00', 1, 'Payment against Delivery #87', 1, '2020-08-08 13:41:19'),
(88, 12, 0, '2020-08-08 06:44:37', '0.00', '0.00', 1, 'Payment against Delivery #89', 1, '2020-08-08 13:44:37'),
(101, 44, 0, '2020-08-09 18:26:27', '0.00', '0.00', 1, 'Payment against Delivery #101', 1, '2020-08-10 01:26:27'),
(104, 38, 0, '2020-08-09 18:28:53', '0.00', '0.00', 1, 'Payment against Delivery #104', 1, '2020-08-10 01:28:53'),
(105, 12, 0, '2020-08-09 18:30:11', '0.00', '0.00', 1, 'Payment against Delivery #105', 1, '2020-08-10 01:30:11'),
(107, 22, 0, '2020-08-09 18:31:55', '0.00', '0.00', 1, 'Payment against Delivery #107', 1, '2020-08-10 01:31:55'),
(111, 46, 0, '2020-08-09 18:35:23', '0.00', '0.00', 1, 'Payment against Delivery #111', 1, '2020-08-10 01:43:41'),
(112, 13, 16, '2020-08-12 18:35:00', '0.00', '0.00', 1, 'Payment against Delivery #112', 1, '2020-11-30 15:09:39'),
(113, 31, 0, '2020-08-09 18:36:33', '0.00', '0.00', 1, 'Payment against Delivery #113', 1, '2020-08-10 01:36:33'),
(120, 46, 0, '2020-08-09 18:41:36', '0.00', '0.00', 1, 'Payment against Delivery #120', 1, '2020-08-10 01:43:27'),
(128, 28, 0, '2020-08-09 18:50:08', '0.00', '0.00', 1, 'Payment against Delivery #128', 1, '2020-08-10 01:50:08'),
(135, 44, 0, '2020-08-09 18:58:09', '0.00', '0.00', 1, 'Payment against Delivery #135', 1, '2020-08-10 01:58:09'),
(139, 29, 0, '2020-08-09 19:00:59', '0.00', '0.00', 1, 'Payment against Delivery #139', 1, '2020-08-10 02:00:59'),
(140, 47, 0, '2020-08-09 19:01:42', '0.00', '0.00', 1, 'Payment against Delivery #140', 1, '2020-08-10 02:01:42'),
(161, 9, 0, '2020-08-09 21:02:44', '0.00', '0.00', 9, 'Payment against Delivery #850', 1, '2020-08-10 04:02:44'),
(164, 53, 0, '2020-08-09 21:09:16', '0.00', '0.00', 9, 'Payment against Delivery #853', 1, '2020-08-10 04:09:16'),
(168, 55, 0, '2020-08-09 21:16:11', '0.00', '0.00', 9, 'Payment against Delivery #857', 1, '2020-08-10 04:16:11'),
(172, 39, 0, '2020-08-09 23:31:33', '0.00', '0.00', 1, 'Payment against Delivery #65', 1, '2020-08-10 06:31:33'),
(173, 39, 0, '2020-08-09 23:35:15', '0.00', '0.00', 1, 'Payment against Delivery #83', 1, '2020-08-10 06:35:15'),
(175, 43, 0, '2020-08-09 23:42:50', '0.00', '0.00', 1, 'Payment against Delivery #142', 1, '2020-08-10 06:42:50'),
(176, 49, 0, '2020-08-09 23:46:29', '0.00', '0.00', 2, 'Payment against Delivery #832', 1, '2020-08-10 06:46:29'),
(178, 56, 0, '2020-08-10 00:25:25', '0.00', '0.00', 2, 'Payment against Delivery #861', 1, '2020-08-10 07:25:25'),
(179, 57, 0, '2020-08-10 00:26:24', '0.00', '0.00', 2, 'Payment against Delivery #862', 1, '2020-08-10 07:26:24'),
(181, 55, 0, '2020-08-10 00:31:49', '0.00', '0.00', 2, 'Payment against Delivery #864', 1, '2020-08-10 07:31:49'),
(184, 9, 0, '2020-08-10 02:28:38', '0.00', '0.00', 2, 'Payment against Delivery #867', 1, '2020-08-10 09:28:38'),
(185, 58, 0, '2020-08-10 02:32:03', '0.00', '0.00', 2, 'Payment against Delivery #868', 1, '2020-08-10 09:32:03'),
(186, 59, 0, '2020-08-10 02:33:01', '0.00', '0.00', 2, 'Payment against Delivery #869', 1, '2020-08-10 09:33:01'),
(188, 60, 0, '2020-08-10 02:34:32', '0.00', '0.00', 2, 'Payment against Delivery #871', 1, '2020-08-10 09:34:32'),
(197, 39, 0, '2020-08-10 03:06:10', '0.00', '0.00', 2, 'Payment against Delivery #882', 1, '2020-08-10 10:06:10'),
(200, 55, 0, '2020-08-10 03:09:16', '0.00', '0.00', 2, 'Payment against Delivery #884', 1, '2020-08-10 10:09:16'),
(204, 12, 0, '2020-08-10 03:16:37', '0.00', '0.00', 2, 'Payment against Delivery #888', 1, '2020-08-10 10:16:37'),
(205, 39, 0, '2020-08-10 03:17:12', '0.00', '0.00', 2, 'Payment against Delivery #889', 1, '2020-08-10 10:17:12'),
(212, 68, 0, '2020-08-10 06:24:11', '0.00', '0.00', 2, 'Payment against Delivery #895', 1, '2020-08-11 02:21:00'),
(215, 53, 0, '2020-08-10 06:26:13', '0.00', '0.00', 2, 'Payment against Delivery #898', 1, '2020-08-10 13:26:13'),
(217, 64, 0, '2020-08-10 06:27:47', '0.00', '0.00', 2, 'Payment against Delivery #890', 1, '2020-08-10 13:27:47'),
(222, 12, 0, '2020-08-10 06:31:09', '0.00', '0.00', 2, 'Payment against Delivery #895', 1, '2020-08-10 13:31:09'),
(231, 65, 0, '2020-08-10 06:40:24', '0.00', '0.00', 2, 'Payment against Delivery #914', 1, '2020-08-10 13:40:24'),
(238, 41, 0, '2020-08-10 06:47:52', '0.00', '0.00', 2, 'Payment against Delivery #921', 1, '2020-08-10 13:47:52'),
(245, 62, 0, '2020-08-10 06:54:08', '0.00', '0.00', 2, 'Payment against Delivery #928', 1, '2020-08-10 13:54:08'),
(246, 51, 0, '2020-08-10 06:54:59', '0.00', '0.00', 2, 'Payment against Delivery #929', 1, '2020-08-10 13:54:59'),
(249, 60, 0, '2020-08-10 06:57:35', '0.00', '0.00', 2, 'Payment against Delivery #932', 1, '2020-08-10 13:57:35'),
(252, 55, 0, '2020-08-10 07:00:25', '0.00', '0.00', 2, 'Payment against Delivery #935', 1, '2020-08-10 14:00:25'),
(255, 23, 0, '2020-08-10 07:03:54', '0.00', '0.00', 2, 'Payment against Delivery #938', 1, '2020-08-10 14:03:54'),
(257, 63, 0, '2020-08-10 07:06:13', '0.00', '0.00', 2, 'Payment against Delivery #940', 1, '2020-08-10 14:06:13'),
(258, 17, 0, '2020-08-10 07:06:58', '0.00', '0.00', 2, 'Payment against Delivery #942', 1, '2020-08-10 14:06:58'),
(259, 53, 0, '2020-08-10 07:07:38', '0.00', '0.00', 2, 'Payment against Delivery #943', 1, '2020-08-10 14:07:38'),
(263, 66, 17, '2020-08-10 07:10:00', '1600.00', '0.00', 2, 'Payment against Delivery #947', 1, '2020-10-01 08:56:20'),
(264, 68, 0, '2020-08-10 07:11:15', '0.00', '0.00', 2, 'Payment against Delivery #98', 1, '2020-08-10 14:11:15'),
(272, 51, 0, '2020-08-10 19:39:10', '0.00', '0.00', 2, 'Payment against Delivery #843', 1, '2020-08-11 02:39:10'),
(273, 3, 16, '2020-05-31 19:54:00', '27000.00', '0.00', 3, 'Payment against Delivery #874', 1, '2020-08-11 07:00:12'),
(276, 3, 16, '2020-05-31 12:01:00', '3000.00', '0.00', 4, '', 1, '2020-08-11 07:01:49'),
(277, 8, 16, '2020-05-31 12:07:00', '24750.00', '0.00', 3, '', 1, '2020-08-11 07:08:33'),
(278, 8, 16, '2020-05-31 12:09:00', '2750.00', '0.00', 4, '', 1, '2020-08-11 07:10:03'),
(279, 5, 16, '2020-05-31 12:10:00', '47250.00', '0.00', 3, '', 1, '2020-08-11 07:10:51'),
(280, 5, 16, '2020-05-31 12:11:00', '5250.00', '0.00', 4, '', 1, '2020-08-11 07:39:00'),
(283, 5, 16, '2020-07-31 12:35:00', '930.00', '0.00', 6, '', 1, '2020-08-15 14:38:20'),
(284, 7, 16, '2020-05-31 13:18:00', '8325.00', '0.00', 6, '', 1, '2020-08-11 08:31:40'),
(285, 7, 16, '2020-05-31 13:22:00', '76050.00', '0.00', 3, '', 1, '2020-08-11 08:31:08'),
(286, 7, 16, '2020-05-31 13:29:00', '30000.00', '0.00', 6, '', 1, '2020-08-11 08:31:27'),
(287, 4, 16, '2020-05-31 13:49:00', '4500.00', '0.00', 3, '', 1, '2020-08-11 08:50:40'),
(288, 69, 16, '2020-05-31 13:52:00', '12555.00', '0.00', 3, '', 1, '2020-08-11 08:53:26'),
(289, 69, 16, '2020-05-31 13:54:00', '1395.00', '0.00', 6, '', 1, '2020-08-11 08:54:33'),
(290, 70, 16, '2020-05-31 13:56:00', '77490.00', '0.00', 3, '', 1, '2020-08-11 08:57:02'),
(291, 70, 16, '2020-05-31 13:57:00', '8610.00', '0.00', 6, '', 1, '2020-08-11 08:57:56'),
(292, 4, 16, '2020-05-31 14:00:00', '4500.00', '0.00', 3, '', 1, '2020-08-11 09:01:30'),
(293, 4, 0, '2020-05-31 14:02:00', '4500.00', '0.00', 3, '', 1, '2020-08-11 09:03:16'),
(294, 4, 16, '2020-05-31 14:03:00', '500.00', '0.00', 6, '', 1, '2020-08-11 09:03:44'),
(295, 71, 16, '2020-05-31 14:06:00', '4500.00', '0.00', 3, '', 1, '2020-08-11 09:07:18'),
(296, 71, 16, '2020-05-31 14:07:00', '500.00', '0.00', 6, '', 1, '2020-08-11 09:07:58'),
(297, 15, 16, '2020-07-31 14:57:00', '63700.00', '0.00', 3, '', 1, '2020-08-15 13:03:18'),
(299, 50, 17, '2020-07-31 15:50:00', '150000.00', '0.00', 2, '', 1, '2020-08-11 10:52:51'),
(303, 22, 16, '2020-07-31 16:37:00', '500.00', '0.00', 6, '', 1, '2020-08-11 11:38:08'),
(304, 67, 17, '2020-07-31 18:01:00', '42000.00', '0.00', 2, '', 1, '2020-08-11 13:01:57'),
(305, 67, 17, '2020-07-31 18:02:00', '2760.00', '0.00', 7, '', 1, '2020-08-11 13:02:26'),
(306, 52, 17, '2020-07-31 19:05:00', '35825.00', '0.00', 7, '', 1, '2020-08-11 14:06:40'),
(307, 104, 0, '2020-08-11 07:20:48', '0.00', '0.00', 2, 'Payment against Delivery #', 1, '2020-08-15 15:04:21'),
(308, 20, 16, '2020-07-31 14:23:00', '11000.00', '0.00', 1, '', 1, '2020-08-15 09:28:13'),
(309, 20, 16, '2020-07-31 14:23:00', '2200.00', '0.00', 6, '', 1, '2020-08-15 09:25:43'),
(314, 11, 16, '2020-07-31 19:11:00', '12555.00', '0.00', 1, '', 1, '2020-08-15 14:11:46'),
(315, 11, 16, '2020-07-31 19:12:00', '1395.00', '0.00', 6, '', 1, '2020-08-15 14:12:31'),
(316, 46, 16, '2020-07-31 19:21:00', '1450.00', '0.00', 6, '', 1, '2020-08-15 14:22:39'),
(317, 46, 16, '2020-07-31 19:22:00', '12100.00', '0.00', 1, '', 1, '2020-08-15 14:23:05'),
(318, 78, 16, '2020-05-31 19:29:00', '77490.00', '0.00', 1, '', 1, '2020-08-15 14:29:57'),
(319, 78, 16, '2020-05-31 19:30:00', '8610.00', '0.00', 6, '', 1, '2020-08-15 14:31:00'),
(320, 31, 16, '2020-07-31 19:39:00', '23000.00', '0.00', 1, '', 1, '2020-08-15 14:39:29'),
(321, 31, 16, '2020-07-31 19:40:00', '3500.00', '0.00', 6, '', 1, '2020-08-15 14:41:03'),
(324, 59, 17, '2020-07-31 20:09:00', '10000.00', '0.00', 2, '', 1, '2020-08-15 15:09:34'),
(325, 59, 17, '2020-07-31 20:09:00', '3440.00', '0.00', 7, '', 1, '2020-08-15 15:09:57'),
(326, 74, 0, '2020-08-15 08:14:40', '0.00', '0.00', 2, 'Payment against Delivery #SABQA', 1, '2020-08-15 15:14:40'),
(327, 106, 17, '2020-08-15 08:18:00', '0.00', '0.00', 0, 'Payment against Delivery #SABQA', 1, '2020-10-01 09:09:39'),
(328, 107, 0, '2020-08-15 08:22:47', '0.00', '0.00', 2, 'Payment against Delivery #SABQA', 1, '2020-08-15 15:22:47'),
(329, 108, 0, '2020-08-15 08:24:22', '0.00', '0.00', 9, 'Payment against Delivery #SABQA', 1, '2020-08-15 15:24:22'),
(330, 109, 0, '2020-08-15 08:25:19', '0.00', '0.00', 2, 'Payment against Delivery #SABQA', 1, '2020-08-15 15:25:19'),
(331, 110, 0, '2020-08-15 08:26:37', '0.00', '0.00', 9, 'Payment against Delivery #SABQA', 1, '2020-08-15 15:26:37'),
(332, 111, 0, '2020-08-15 08:27:42', '0.00', '0.00', 2, 'Payment against Delivery #SABQA', 1, '2020-08-15 15:27:42'),
(333, 112, 0, '2020-08-15 08:29:07', '0.00', '0.00', 2, 'Payment against Delivery #SABQA', 1, '2020-08-15 15:29:07'),
(334, 113, 0, '2020-08-15 08:29:52', '0.00', '0.00', 9, 'Payment against Delivery #SABQA', 1, '2020-08-15 15:29:52'),
(335, 114, 0, '2020-08-15 08:30:41', '0.00', '0.00', 2, 'Payment against Delivery #SABQA', 1, '2020-08-15 15:30:41'),
(336, 115, 0, '2020-08-15 08:33:19', '0.00', '0.00', 2, 'Payment against Delivery #SABQA', 1, '2020-08-15 15:33:19'),
(337, 116, 17, '2020-08-15 08:34:00', '0.00', '0.00', 2, 'Payment against Delivery #SABQA', 1, '2020-10-01 08:52:23'),
(338, 21, 16, '2020-07-31 20:20:00', '0.00', '0.00', 1, '', 1, '2020-11-30 15:17:55'),
(346, 102, 0, '2020-08-26 03:20:15', '0.00', '0.00', 15, 'Payment against Delivery #963', 1, '2020-08-26 10:20:15'),
(355, 52, 0, '2020-09-01 00:17:01', '0.00', '0.00', 15, 'Payment against Delivery #972', 1, '2020-09-01 07:17:01'),
(359, 55, 0, '2020-09-01 00:20:00', '0.00', '0.00', 15, 'Payment against Delivery #975', 1, '2020-09-01 07:20:00'),
(363, 7, 0, '2020-09-01 00:24:31', '0.00', '0.00', 15, 'Payment against Delivery #979', 1, '2020-09-01 07:24:31'),
(369, 41, 0, '2020-09-01 00:28:52', '0.00', '0.00', 15, 'Payment against Delivery #985', 1, '2020-09-01 07:28:52'),
(376, 53, 0, '2020-09-01 00:36:31', '0.00', '0.00', 15, 'Payment against Delivery #993', 1, '2020-09-01 07:36:31'),
(377, 55, 0, '2020-09-01 00:37:36', '0.00', '0.00', 15, 'Payment against Delivery #994', 1, '2020-09-01 07:37:36'),
(378, 55, 0, '2020-09-01 00:38:25', '0.00', '0.00', 15, 'Payment against Delivery #995', 1, '2020-09-01 07:38:25'),
(383, 52, 0, '2020-09-01 00:42:28', '0.00', '0.00', 15, 'Payment against Delivery #1000', 1, '2020-09-01 07:42:28'),
(389, 7, 0, '2020-09-01 00:49:16', '0.00', '0.00', 15, 'Payment against Delivery #143', 1, '2020-09-01 07:49:16'),
(392, 7, 0, '2020-09-01 00:53:18', '0.00', '0.00', 15, 'Payment against Delivery #146', 1, '2020-09-01 07:53:18'),
(394, 117, 0, '2020-09-01 00:54:59', '0.00', '0.00', 15, 'Payment against Delivery #148', 1, '2020-09-01 07:54:59'),
(396, 7, 0, '2020-09-01 00:56:49', '0.00', '0.00', 15, 'Payment against Delivery #150', 1, '2020-09-01 07:56:49'),
(398, 25, 0, '2020-09-01 00:58:15', '0.00', '0.00', 15, 'Payment against Delivery #152', 1, '2020-09-01 07:58:15'),
(399, 7, 0, '2020-09-01 00:59:31', '0.00', '0.00', 15, 'Payment against Delivery #153', 1, '2020-09-01 07:59:31'),
(403, 25, 0, '2020-09-01 01:02:49', '0.00', '0.00', 15, 'Payment against Delivery #157', 1, '2020-09-01 08:02:49'),
(404, 71, 0, '2020-09-01 01:03:29', '0.00', '0.00', 15, 'Payment against Delivery #158', 1, '2020-09-01 08:03:29'),
(407, 100, 17, '2020-08-06 15:16:00', '50000.00', '0.00', 2, '', 1, '2020-09-01 10:16:54'),
(409, 62, 17, '2020-07-31 15:18:00', '50000.00', '0.00', 2, '', 1, '2020-09-02 12:09:19'),
(410, 12, 17, '2020-08-11 15:18:00', '170000.00', '0.00', 2, '', 1, '2020-09-01 10:18:58'),
(415, 66, 17, '2020-08-12 15:21:00', '4000.00', '0.00', 2, '', 1, '2020-09-01 10:21:59'),
(416, 100, 17, '2020-08-13 15:22:00', '50000.00', '0.00', 2, '', 1, '2020-09-01 10:22:31'),
(417, 60, 17, '2020-08-13 15:22:00', '40000.00', '0.00', 2, '', 1, '2020-09-01 10:23:05'),
(418, 108, 17, '2020-08-13 15:23:00', '10000.00', '0.00', 2, '', 1, '2020-09-01 10:24:38'),
(419, 42, 17, '2020-08-13 15:24:00', '22034.00', '0.00', 2, '', 1, '2020-09-01 10:25:42'),
(420, 21, 17, '2020-08-13 15:25:00', '50000.00', '0.00', 2, '', 1, '2020-09-01 10:26:13'),
(421, 112, 17, '2020-08-16 15:26:00', '35000.00', '0.00', 2, '', 1, '2020-09-01 10:26:45'),
(422, 120, 17, '2020-08-16 15:28:00', '57700.00', '0.00', 2, '', 1, '2020-09-01 10:28:38'),
(423, 52, 17, '2020-07-31 15:28:00', '165000.00', '0.00', 2, '', 1, '2020-09-01 15:56:54'),
(424, 57, 17, '2020-08-17 15:29:00', '15000.00', '0.00', 2, '', 1, '2020-09-01 10:29:33'),
(425, 39, 17, '2020-08-17 15:29:00', '97500.00', '0.00', 2, '', 1, '2020-09-01 10:30:03'),
(426, 21, 17, '2020-08-17 15:30:00', '50000.00', '0.00', 2, '', 1, '2020-09-01 10:30:36'),
(427, 78, 17, '2020-08-18 15:30:00', '50000.00', '0.00', 2, '', 1, '2020-09-01 10:31:07'),
(428, 107, 17, '2020-08-18 15:31:00', '94000.00', '0.00', 2, '', 1, '2020-09-01 10:31:35'),
(430, 9, 17, '2020-08-20 15:32:00', '91000.00', '0.00', 2, '', 1, '2020-09-01 10:32:48'),
(431, 36, 17, '2020-08-20 15:32:00', '100000.00', '0.00', 2, '', 1, '2020-09-01 10:33:20'),
(433, 104, 17, '2020-08-20 15:35:00', '15000.00', '0.00', 2, '', 1, '2020-09-01 10:35:52'),
(434, 26, 17, '2020-08-21 15:35:00', '70000.00', '0.00', 2, '', 1, '2020-09-01 10:36:20'),
(435, 71, 17, '2020-08-23 15:36:00', '63520.00', '0.00', 2, '', 1, '2020-09-01 10:36:51'),
(436, 52, 17, '2020-07-31 15:36:00', '33000.00', '0.00', 2, '', 1, '2020-09-01 15:57:05'),
(437, 26, 17, '2020-08-24 15:37:00', '30000.00', '0.00', 2, '', 1, '2020-09-01 10:37:51'),
(438, 50, 17, '2020-08-24 15:37:00', '200000.00', '0.00', 2, '', 1, '2020-09-01 10:38:21'),
(439, 121, 17, '2020-08-24 15:39:00', '28975.00', '0.00', 2, '', 1, '2020-09-01 10:39:39'),
(440, 49, 17, '2020-08-25 15:39:00', '50000.00', '0.00', 2, '', 1, '2020-09-01 10:40:11'),
(441, 49, 17, '2020-08-27 15:40:00', '50000.00', '0.00', 2, '', 1, '2020-09-01 10:40:37'),
(442, 37, 17, '2020-08-27 15:40:00', '98500.00', '0.00', 2, '', 1, '2020-09-01 10:41:05'),
(443, 110, 17, '2020-08-27 15:41:00', '50000.00', '0.00', 2, '', 1, '2020-09-01 10:41:33'),
(444, 12, 16, '2020-08-11 15:52:00', '30000.00', '0.00', 1, '', 1, '2020-09-01 10:52:54'),
(445, 22, 16, '2020-08-13 15:52:00', '14000.00', '0.00', 1, '', 1, '2020-09-01 10:53:23'),
(446, 42, 16, '2020-08-13 15:53:00', '11966.00', '0.00', 1, '', 1, '2020-09-01 10:53:55'),
(447, 25, 16, '2020-08-16 15:53:00', '10000.00', '0.00', 1, '', 1, '2020-09-01 10:57:53'),
(448, 39, 16, '2020-08-17 15:57:00', '22500.00', '0.00', 1, '', 1, '2020-09-01 10:58:23'),
(449, 78, 16, '2020-08-18 15:58:00', '57000.00', '0.00', 1, '', 1, '2020-09-01 10:58:56'),
(450, 9, 16, '2020-08-20 15:58:00', '9000.00', '0.00', 1, '', 1, '2020-09-01 10:59:28'),
(451, 36, 16, '2020-08-20 15:59:00', '50000.00', '0.00', 1, '', 1, '2020-09-01 11:00:04'),
(452, 33, 16, '2020-08-20 16:00:00', '61000.00', '0.00', 1, '', 1, '2020-09-01 11:01:04'),
(453, 16, 16, '2020-08-20 16:01:00', '23600.00', '0.00', 1, '', 1, '2020-09-01 11:01:32'),
(454, 26, 16, '2020-08-21 16:01:00', '40000.00', '0.00', 1, '', 1, '2020-09-01 11:02:01'),
(455, 71, 16, '2020-08-23 16:02:00', '36480.00', '0.00', 1, '', 1, '2020-09-01 11:02:27'),
(457, 64, 0, '2020-09-01 05:26:55', '0.00', '0.00', 15, 'Payment against Delivery #1005', 1, '2020-09-01 12:26:55'),
(459, 52, 0, '2020-09-01 05:28:28', '0.00', '0.00', 15, 'Payment against Delivery #1007', 1, '2020-09-01 12:28:28'),
(461, 52, 0, '2020-09-01 05:29:52', '0.00', '0.00', 15, 'Payment against Delivery #1012', 1, '2020-09-01 12:29:52'),
(463, 42, 17, '2020-08-12 17:35:00', '2880.00', '0.00', 7, '', 1, '2020-09-02 12:47:12'),
(464, 42, 17, '2020-08-16 17:37:00', '2286.00', '0.00', 7, '', 1, '2020-09-02 12:47:01'),
(465, 108, 17, '2020-08-13 17:37:00', '0.00', '1000.00', 7, '', 1, '2020-09-01 12:38:01'),
(466, 57, 17, '2020-08-17 17:39:00', '0.00', '1000.00', 4, '', 1, '2020-09-01 12:39:28'),
(467, 39, 17, '2020-08-17 17:39:00', '0.00', '8100.00', 4, '', 1, '2020-09-01 12:39:53'),
(468, 52, 17, '2020-07-31 17:40:00', '37535.00', '0.00', 4, '', 1, '2020-09-01 15:59:54'),
(469, 112, 17, '2020-08-17 17:40:00', '11800.00', '0.00', 4, '', 1, '2020-10-03 11:21:22'),
(471, 55, 17, '2020-08-18 17:41:00', '69920.00', '0.00', 4, '', 1, '2020-09-01 15:15:42'),
(472, 107, 17, '2020-08-21 17:42:00', '0.00', '6000.00', 4, '', 1, '2020-09-01 12:42:33'),
(473, 78, 17, '2020-08-20 17:42:00', '43090.00', '0.00', 4, '', 1, '2020-09-02 13:53:24'),
(475, 52, 17, '2020-08-23 17:45:00', '21712.00', '0.00', 7, '', 1, '2020-09-01 16:21:04'),
(476, 42, 17, '2020-08-23 17:45:00', '12700.00', '0.00', 7, '', 1, '2020-09-02 12:46:31'),
(477, 53, 17, '2020-08-30 17:46:00', '1425.00', '0.00', 7, '', 1, '2020-09-02 12:49:52'),
(478, 32, 17, '2020-08-23 17:46:00', '45200.00', '0.00', 7, '', 1, '2020-09-02 13:56:01'),
(479, 8, 17, '2020-08-27 17:46:00', '25740.00', '0.00', 7, '', 1, '2020-09-02 12:32:16'),
(480, 6, 17, '2020-08-31 17:47:00', '50000.00', '0.00', 4, '', 1, '2020-09-02 14:25:18'),
(481, 22, 16, '2020-08-13 17:51:00', '0.00', '1600.00', 8, '', 1, '2020-09-01 12:51:56'),
(482, 42, 16, '2020-08-18 17:52:00', '6334.00', '0.00', 8, '', 1, '2020-09-02 12:46:46'),
(483, 25, 16, '2020-08-16 17:52:00', '1200.00', '0.00', 8, '', 1, '2020-09-02 14:11:25'),
(484, 39, 16, '2020-08-17 17:52:00', '0.00', '2500.00', 8, '', 1, '2020-09-01 12:53:16'),
(485, 9, 16, '2020-08-20 17:53:00', '1000.00', '0.00', 8, '', 1, '2020-09-02 12:15:30'),
(486, 16, 16, '2020-08-20 17:53:00', '2650.00', '0.00', 8, '', 1, '2020-09-02 13:20:02'),
(487, 33, 16, '2020-08-20 17:54:00', '7250.00', '0.00', 8, '', 1, '2020-09-02 14:14:29'),
(488, 71, 16, '2020-08-23 17:54:00', '4170.00', '0.00', 8, '', 1, '2020-09-02 12:23:27'),
(492, 74, 17, '2020-08-31 16:29:00', '80000.00', '0.00', 2, '', 1, '2020-09-02 11:30:13'),
(493, 53, 17, '2020-07-31 17:52:00', '8070.00', '0.00', 7, '', 1, '2020-09-02 12:52:57'),
(495, 37, 0, '2020-08-31 18:43:00', '66600.00', '0.00', 7, '', 1, '2020-09-02 13:43:56'),
(496, 37, 0, '2020-08-31 18:43:00', '5550.00', '0.00', 4, '', 1, '2020-09-02 13:44:19'),
(497, 5, 17, '2020-07-31 19:17:00', '40600.00', '0.00', 7, '', 1, '2020-09-02 14:18:05'),
(498, 37, 17, '2020-08-31 11:20:00', '97290.00', '0.00', 4, '', 1, '2020-09-03 06:21:52'),
(499, 8, 0, '2020-09-09 23:48:46', '0.00', '0.00', 15, 'Payment against Delivery #1008', 1, '2020-09-10 06:48:46'),
(500, 78, 0, '2020-09-09 23:49:50', '0.00', '0.00', 15, 'Payment against Delivery #1009', 1, '2020-09-10 06:49:50'),
(501, 7, 0, '2020-09-09 23:50:32', '0.00', '0.00', 15, 'Payment against Delivery #1010', 1, '2020-09-10 06:50:32'),
(502, 8, 0, '2020-09-09 23:51:43', '0.00', '0.00', 15, 'Payment against Delivery #1013', 1, '2020-09-10 06:51:43'),
(503, 103, 0, '2020-09-09 23:54:00', '0.00', '0.00', 15, 'Payment against Delivery #1014', 1, '2020-09-10 06:54:00'),
(504, 37, 0, '2020-09-09 23:56:36', '0.00', '0.00', 15, 'Payment against Delivery #1015', 1, '2020-09-10 06:56:36'),
(505, 52, 0, '2020-09-10 00:00:25', '0.00', '0.00', 15, 'Payment against Delivery #1016', 1, '2020-09-10 07:00:25'),
(506, 55, 0, '2020-09-10 00:05:17', '0.00', '0.00', 15, 'Payment against Delivery #01', 1, '2020-09-10 07:05:17'),
(507, 71, 0, '2020-09-10 00:06:35', '0.00', '0.00', 15, 'Payment against Delivery #02', 1, '2020-09-10 07:06:35'),
(508, 42, 0, '2020-09-10 00:07:08', '0.00', '0.00', 15, 'Payment against Delivery #03', 1, '2020-09-10 07:07:08'),
(509, 53, 0, '2020-09-10 00:08:23', '0.00', '0.00', 15, 'Payment against Delivery #04', 1, '2020-10-01 11:02:41'),
(510, 62, 0, '2020-09-10 00:08:53', '0.00', '0.00', 15, 'Payment against Delivery #05', 1, '2020-09-10 07:08:53'),
(511, 42, 0, '2020-09-10 00:10:07', '0.00', '0.00', 15, 'Payment against Delivery #06', 1, '2020-09-10 07:10:07'),
(512, 44, 0, '2020-09-10 00:10:34', '0.00', '0.00', 15, 'Payment against Delivery #07', 1, '2020-09-10 07:10:34'),
(513, 100, 0, '2020-09-10 00:11:14', '0.00', '0.00', 15, 'Payment against Delivery #08', 1, '2020-09-10 07:11:14'),
(514, 32, 0, '2020-09-10 00:12:04', '0.00', '0.00', 15, 'Payment against Delivery #09', 1, '2020-09-10 07:12:04'),
(515, 32, 0, '2020-09-10 00:12:43', '0.00', '0.00', 15, 'Payment against Delivery #10', 1, '2020-09-10 07:12:43'),
(516, 40, 0, '2020-09-10 00:13:19', '0.00', '0.00', 15, 'Payment against Delivery #11', 1, '2020-09-10 07:13:19'),
(517, 55, 0, '2020-09-10 00:14:26', '0.00', '0.00', 15, 'Payment against Delivery #12', 1, '2020-09-10 07:14:26'),
(518, 3, 0, '2020-09-10 00:15:20', '0.00', '0.00', 15, 'Payment against Delivery #14', 1, '2020-09-10 07:15:20'),
(519, 32, 0, '2020-09-10 00:17:31', '0.00', '0.00', 15, 'Payment against Delivery #15', 1, '2020-09-10 07:17:31'),
(520, 62, 0, '2020-09-10 00:18:33', '0.00', '0.00', 15, 'Payment against Delivery #16', 1, '2020-09-10 07:18:33'),
(521, 38, 0, '2020-09-10 00:19:08', '0.00', '0.00', 15, 'Payment against Delivery #17', 1, '2020-09-10 07:19:08'),
(522, 32, 0, '2020-09-10 00:19:42', '0.00', '0.00', 15, 'Payment against Delivery #18', 1, '2020-09-10 07:19:42'),
(523, 38, 0, '2020-09-10 00:20:20', '0.00', '0.00', 15, 'Payment against Delivery #19', 1, '2020-09-10 07:20:20'),
(524, 26, 0, '2020-09-10 00:21:01', '0.00', '0.00', 15, 'Payment against Delivery #20', 1, '2020-09-10 07:21:01'),
(525, 29, 0, '2020-09-10 00:21:40', '0.00', '0.00', 15, 'Payment against Delivery #21', 1, '2020-09-10 07:21:40'),
(526, 100, 0, '2020-09-10 00:23:46', '0.00', '0.00', 15, 'Payment against Delivery #22', 1, '2020-09-10 07:23:46'),
(527, 3, 0, '2020-09-10 00:24:21', '0.00', '0.00', 15, 'Payment against Delivery #23', 1, '2020-09-10 07:24:21'),
(528, 52, 0, '2020-09-10 00:25:06', '0.00', '0.00', 15, 'Payment against Delivery #24', 1, '2020-09-10 07:25:06'),
(529, 56, 0, '2020-09-10 00:25:48', '0.00', '0.00', 15, 'Payment against Delivery #25', 1, '2020-09-10 07:25:48'),
(530, 7, 0, '2020-09-10 00:27:12', '0.00', '0.00', 15, 'Payment against Delivery #26', 1, '2020-09-10 07:27:12'),
(531, 100, 0, '2020-09-10 00:28:20', '0.00', '0.00', 15, 'Payment against Delivery #27', 1, '2020-09-10 07:28:20'),
(532, 29, 0, '2020-09-10 00:29:09', '0.00', '0.00', 15, 'Payment against Delivery #28', 1, '2020-09-10 07:29:09'),
(533, 32, 0, '2020-09-10 00:32:17', '0.00', '0.00', 15, 'Payment against Delivery #162', 1, '2020-09-10 07:32:17'),
(534, 54, 0, '2020-09-10 00:34:14', '0.00', '0.00', 15, 'Payment against Delivery #163', 1, '2020-09-10 07:34:14'),
(535, 62, 0, '2020-09-10 00:34:46', '0.00', '0.00', 15, 'Payment against Delivery #164', 1, '2020-09-10 07:34:46'),
(536, 54, 0, '2020-09-10 00:35:32', '0.00', '0.00', 15, 'Payment against Delivery #165', 1, '2020-09-10 07:35:32'),
(537, 54, 0, '2020-09-10 00:41:14', '0.00', '0.00', 15, 'Payment against Delivery #166', 1, '2020-09-10 07:41:14'),
(538, 50, 0, '2020-09-10 00:45:22', '0.00', '0.00', 15, 'Payment against Delivery #167', 1, '2020-09-10 07:45:22'),
(539, 54, 0, '2020-09-10 00:46:18', '0.00', '0.00', 15, 'Payment against Delivery #168', 1, '2020-09-10 07:46:18'),
(540, 71, 0, '2020-09-10 00:47:04', '0.00', '0.00', 15, 'Payment against Delivery #169', 1, '2020-09-10 07:47:04'),
(541, 37, 0, '2020-09-10 00:47:43', '0.00', '0.00', 15, 'Payment against Delivery #170', 1, '2020-09-10 07:47:43'),
(542, 25, 0, '2020-09-10 00:48:17', '0.00', '0.00', 15, 'Payment against Delivery #171', 1, '2020-09-10 07:48:17'),
(543, 26, 0, '2020-09-10 00:48:54', '0.00', '0.00', 15, 'Payment against Delivery #172', 1, '2020-09-10 07:48:54'),
(544, 26, 0, '2020-09-10 00:49:31', '0.00', '0.00', 15, 'Payment against Delivery #173', 1, '2020-09-10 07:49:31'),
(545, 55, 0, '2020-09-19 23:39:52', '0.00', '0.00', 15, 'Payment against Delivery #29', 1, '2020-09-20 06:39:52'),
(546, 8, 0, '2020-09-19 23:40:47', '0.00', '0.00', 15, 'Payment against Delivery #30', 1, '2020-09-20 06:40:47'),
(547, 100, 0, '2020-09-19 23:41:57', '0.00', '0.00', 15, 'Payment against Delivery #31', 1, '2020-09-20 06:41:57'),
(548, 36, 0, '2020-09-19 23:42:32', '0.00', '0.00', 15, 'Payment against Delivery #32', 1, '2020-09-20 06:42:32'),
(550, 112, 0, '2020-09-19 23:43:43', '0.00', '0.00', 15, 'Payment against Delivery #34', 1, '2020-09-20 06:43:43'),
(551, 26, 0, '2020-09-19 23:44:14', '0.00', '0.00', 15, 'Payment against Delivery #35', 1, '2020-09-20 06:44:14'),
(552, 7, 0, '2020-09-19 23:44:48', '0.00', '0.00', 15, 'Payment against Delivery #36', 1, '2020-09-20 06:44:48'),
(553, 23, 0, '2020-09-19 23:45:35', '0.00', '0.00', 15, 'Payment against Delivery #37', 1, '2020-09-20 06:45:35'),
(554, 37, 0, '2020-09-19 23:48:01', '0.00', '0.00', 15, 'Payment against Delivery #38', 1, '2020-09-20 06:48:01'),
(555, 12, 0, '2020-09-19 23:49:27', '0.00', '0.00', 15, 'Payment against Delivery #39', 1, '2020-09-20 06:49:27'),
(556, 124, 0, '2020-09-20 00:14:18', '0.00', '0.00', 15, 'Payment against Delivery #40', 1, '2020-09-20 07:14:18'),
(557, 9, 0, '2020-09-20 00:18:29', '0.00', '0.00', 15, 'Payment against Delivery #41', 1, '2020-09-20 07:18:29'),
(558, 118, 0, '2020-09-20 00:19:14', '0.00', '0.00', 15, 'Payment against Delivery #42', 1, '2020-09-20 07:19:14'),
(559, 26, 0, '2020-09-20 00:19:47', '0.00', '0.00', 15, 'Payment against Delivery #43', 1, '2020-09-20 07:19:47'),
(560, 21, 0, '2020-09-20 00:22:34', '0.00', '0.00', 15, 'Payment against Delivery #44', 1, '2020-09-20 07:22:34'),
(561, 65, 0, '2020-09-20 00:23:33', '0.00', '0.00', 15, 'Payment against Delivery #45', 1, '2020-09-20 07:23:33'),
(562, 62, 0, '2020-09-20 00:31:01', '0.00', '0.00', 15, 'Payment against Delivery #46', 1, '2020-09-20 07:31:01'),
(563, 23, 0, '2020-09-20 00:31:42', '0.00', '0.00', 15, 'Payment against Delivery #47', 1, '2020-09-20 07:31:42'),
(564, 27, 0, '2020-09-20 00:32:14', '0.00', '0.00', 15, 'Payment against Delivery #48', 1, '2020-09-20 07:32:14'),
(565, 37, 0, '2020-09-20 00:32:44', '0.00', '0.00', 15, 'Payment against Delivery #49', 1, '2020-09-20 07:32:44'),
(566, 8, 0, '2020-09-20 00:33:38', '0.00', '0.00', 15, 'Payment against Delivery #50', 1, '2020-09-20 07:33:38'),
(567, 52, 0, '2020-09-20 00:34:11', '0.00', '0.00', 15, 'Payment against Delivery #51', 1, '2020-09-20 07:34:11'),
(568, 32, 0, '2020-09-20 00:34:50', '0.00', '0.00', 15, 'Payment against Delivery #52', 1, '2020-09-20 07:34:50'),
(569, 19, 0, '2020-09-20 00:42:58', '0.00', '0.00', 15, 'Payment against Delivery #53', 1, '2020-09-20 07:42:58'),
(571, 26, 0, '2020-09-20 00:44:03', '0.00', '0.00', 15, 'Payment against Delivery #55', 1, '2020-09-20 07:44:03'),
(572, 122, 0, '2020-09-20 00:44:00', '0.00', '0.00', 0, 'Payment against Delivery #56', 1, '2020-11-30 13:08:13'),
(573, 54, 0, '2020-09-20 00:45:09', '0.00', '0.00', 15, 'Payment against Delivery #57', 1, '2020-09-20 07:45:09'),
(574, 3, 0, '2020-09-20 00:45:46', '0.00', '0.00', 15, 'Payment against Delivery #58', 1, '2020-09-20 07:45:46'),
(575, 21, 0, '2020-09-20 00:46:21', '0.00', '0.00', 15, 'Payment against Delivery #59', 1, '2020-09-20 07:46:21'),
(576, 74, 0, '2020-09-20 00:47:00', '0.00', '0.00', 15, 'Payment against Delivery #60', 1, '2020-09-20 07:47:00'),
(577, 9, 0, '2020-09-20 00:47:35', '0.00', '0.00', 15, 'Payment against Delivery #61', 1, '2020-09-20 07:47:35'),
(578, 12, 0, '2020-09-20 00:48:07', '0.00', '0.00', 15, 'Payment against Delivery #62', 1, '2020-09-20 07:48:07'),
(579, 52, 0, '2020-09-20 00:48:34', '0.00', '0.00', 15, 'Payment against Delivery #63', 1, '2020-09-20 07:48:34'),
(580, 42, 0, '2020-09-20 00:49:04', '0.00', '0.00', 15, 'Payment against Delivery #64', 1, '2020-09-20 07:49:04'),
(581, 74, 0, '2020-09-20 00:49:33', '0.00', '0.00', 15, 'Payment against Delivery #65', 1, '2020-09-20 07:49:33'),
(582, 36, 0, '2020-09-21 00:43:25', '0.00', '0.00', 15, 'Payment against Delivery #66', 1, '2020-09-21 07:43:25'),
(584, 13, 0, '2020-09-24 01:06:38', '0.00', '0.00', 15, 'Payment against Delivery #67', 1, '2020-09-24 08:06:38'),
(585, 53, 0, '2020-09-24 01:07:05', '0.00', '0.00', 15, 'Payment against Delivery #68', 1, '2020-09-24 08:07:05'),
(586, 65, 0, '2020-09-24 01:07:35', '0.00', '0.00', 15, 'Payment against Delivery #69', 1, '2020-09-24 08:07:35'),
(587, 103, 0, '2020-09-24 01:08:11', '0.00', '0.00', 15, 'Payment against Delivery #70', 1, '2020-09-24 08:08:11'),
(588, 55, 0, '2020-09-24 01:08:37', '0.00', '0.00', 15, 'Payment against Delivery #71', 1, '2020-09-24 08:08:37'),
(589, 41, 0, '2020-09-24 01:09:07', '0.00', '0.00', 15, 'Payment against Delivery #72', 1, '2020-09-24 08:09:07'),
(590, 34, 0, '2020-09-24 01:09:37', '0.00', '0.00', 15, 'Payment against Delivery #73', 1, '2020-09-24 08:09:37'),
(591, 118, 0, '2020-09-24 01:10:09', '0.00', '0.00', 15, 'Payment against Delivery #74', 1, '2020-09-24 08:10:09'),
(592, 53, 0, '2020-09-24 01:10:34', '0.00', '0.00', 15, 'Payment against Delivery #75', 1, '2020-09-24 08:10:34'),
(596, 119, 0, '2020-09-29 01:04:13', '0.00', '0.00', 15, 'Payment against Delivery #76', 1, '2020-09-29 08:04:13'),
(597, 19, 0, '2020-09-29 01:04:54', '0.00', '0.00', 15, 'Payment against Delivery #77', 1, '2020-09-29 08:04:54'),
(598, 52, 0, '2020-09-29 01:05:23', '0.00', '0.00', 15, 'Payment against Delivery #78', 1, '2020-09-29 08:05:23'),
(599, 33, 0, '2020-09-29 01:05:55', '0.00', '0.00', 15, 'Payment against Delivery #79', 1, '2020-09-29 08:05:55'),
(600, 6, 0, '2020-09-29 01:06:28', '0.00', '0.00', 15, 'Payment against Delivery #80', 1, '2020-09-29 08:06:28'),
(601, 38, 0, '2020-09-29 01:07:01', '0.00', '0.00', 15, 'Payment against Delivery #81', 1, '2020-09-29 08:07:01'),
(602, 100, 0, '2020-09-29 01:07:34', '0.00', '0.00', 15, 'Payment against Delivery #82', 1, '2020-09-29 08:07:34'),
(603, 100, 0, '2020-09-29 01:08:07', '0.00', '0.00', 15, 'Payment against Delivery #83', 1, '2020-09-29 08:08:07'),
(604, 38, 0, '2020-09-29 01:08:48', '0.00', '0.00', 15, 'Payment against Delivery #84', 1, '2020-09-29 08:08:48'),
(605, 8, 0, '2020-09-29 01:09:46', '0.00', '0.00', 15, 'Payment against Delivery #85', 1, '2020-09-29 08:09:46'),
(606, 55, 0, '2020-09-29 01:11:16', '0.00', '0.00', 15, 'Payment against Delivery #86', 1, '2020-09-29 08:11:16'),
(607, 74, 0, '2020-09-29 01:37:15', '0.00', '0.00', 15, 'Payment against Delivery #185', 1, '2020-09-29 08:37:15'),
(608, 36, 0, '2020-09-29 01:38:26', '0.00', '0.00', 15, 'Payment against Delivery #186', 1, '2020-09-29 08:38:26'),
(609, 50, 0, '2020-09-29 01:39:49', '0.00', '0.00', 15, 'Payment against Delivery #187', 1, '2020-09-29 08:39:49'),
(610, 54, 0, '2020-09-29 01:41:45', '0.00', '0.00', 15, 'Payment against Delivery #188', 1, '2020-09-29 08:41:45'),
(611, 50, 0, '2020-09-29 01:42:30', '0.00', '0.00', 15, 'Payment against Delivery #189', 1, '2020-09-29 08:42:30'),
(613, 21, 0, '2020-09-29 01:43:48', '0.00', '0.00', 15, 'Payment against Delivery #191', 1, '2020-09-29 08:43:48'),
(614, 54, 0, '2020-09-29 01:45:00', '0.00', '0.00', 15, 'Payment against Delivery #192', 1, '2020-09-29 08:45:00'),
(615, 50, 0, '2020-09-29 01:45:51', '0.00', '0.00', 15, 'Payment against Delivery #193', 1, '2020-09-29 08:45:51'),
(616, 6, 0, '2020-09-29 01:46:37', '0.00', '0.00', 15, 'Payment against Delivery #194', 1, '2020-09-29 08:46:37'),
(617, 36, 0, '2020-09-29 01:47:17', '0.00', '0.00', 15, 'Payment against Delivery #195', 1, '2020-09-29 08:47:17'),
(618, 25, 0, '2020-09-29 01:47:55', '0.00', '0.00', 15, 'Payment against Delivery #196', 1, '2020-09-29 08:47:55'),
(619, 21, 0, '2020-09-29 01:49:01', '0.00', '0.00', 15, 'Payment against Delivery #197', 1, '2020-09-29 08:49:01'),
(620, 50, 16, '2020-09-29 01:49:00', '47814.00', '0.00', 6, 'Payment against Delivery #198', 1, '2020-11-30 06:12:33'),
(622, 21, 0, '2020-09-29 01:51:03', '0.00', '0.00', 15, 'Payment against Delivery #200', 1, '2020-09-29 08:51:03'),
(623, 27, 0, '2020-09-29 01:52:23', '0.00', '0.00', 15, 'Payment against Delivery #201', 1, '2020-09-29 08:52:23'),
(624, 7, 0, '2020-09-29 02:51:00', '0.00', '0.00', 15, 'Payment against Delivery #174', 1, '2020-09-29 09:51:00'),
(625, 6, 0, '2020-09-29 02:51:38', '0.00', '0.00', 15, 'Payment against Delivery #175', 1, '2020-09-29 09:51:38'),
(626, 37, 0, '2020-09-29 02:52:19', '0.00', '0.00', 15, 'Payment against Delivery #176', 1, '2020-09-29 09:52:19'),
(627, 25, 0, '2020-09-29 02:53:15', '0.00', '0.00', 15, 'Payment against Delivery #177', 1, '2020-09-29 09:53:15'),
(628, 7, 0, '2020-09-29 02:53:50', '0.00', '0.00', 15, 'Payment against Delivery #178', 1, '2020-09-29 09:53:50'),
(630, 32, 0, '2020-09-29 02:55:04', '0.00', '0.00', 15, 'Payment against Delivery #180', 1, '2020-09-29 09:55:04'),
(631, 62, 0, '2020-09-29 02:55:50', '0.00', '0.00', 15, 'Payment against Delivery #181', 1, '2020-09-29 09:55:50'),
(632, 54, 0, '2020-09-29 02:56:33', '0.00', '0.00', 15, 'Payment against Delivery #182', 1, '2020-09-29 09:56:33'),
(633, 32, 0, '2020-09-29 02:57:07', '0.00', '0.00', 15, 'Payment against Delivery #183', 1, '2020-09-29 09:57:07'),
(634, 32, 0, '2020-09-29 02:57:38', '0.00', '0.00', 15, 'Payment against Delivery #184', 1, '2020-09-29 09:57:38'),
(635, 131, 0, '2020-09-30 23:05:34', '0.00', '0.00', 15, 'Payment against Delivery #202', 1, '2020-10-01 06:05:34'),
(636, 8, 0, '2020-09-30 23:06:23', '0.00', '0.00', 15, 'Payment against Delivery #203', 1, '2020-10-01 06:06:23'),
(637, 27, 0, '2020-09-30 23:07:18', '0.00', '0.00', 15, 'Payment against Delivery #204', 1, '2020-10-01 06:07:18'),
(638, 7, 0, '2020-09-30 23:08:01', '0.00', '0.00', 15, 'Payment against Delivery #205', 1, '2020-10-01 06:08:01'),
(639, 7, 0, '2020-09-30 23:17:07', '0.00', '0.00', 15, 'Payment against Delivery #87', 1, '2020-10-01 06:17:07'),
(640, 16, 0, '2020-09-30 23:17:38', '0.00', '0.00', 15, 'Payment against Delivery #88', 1, '2020-10-01 06:17:38'),
(641, 37, 0, '2020-09-30 23:18:13', '0.00', '0.00', 15, 'Payment against Delivery #89', 1, '2020-10-01 06:18:13'),
(642, 51, 0, '2020-09-30 23:18:41', '0.00', '0.00', 15, 'Payment against Delivery #90', 1, '2020-10-01 06:18:41'),
(643, 37, 0, '2020-09-30 23:19:38', '0.00', '0.00', 15, 'Payment against Delivery #91', 1, '2020-10-01 06:19:38'),
(644, 23, 0, '2020-09-30 23:20:40', '0.00', '0.00', 15, 'Payment against Delivery #92', 1, '2020-10-01 06:20:40'),
(645, 52, 0, '2020-09-30 23:21:13', '0.00', '0.00', 15, 'Payment against Delivery #93', 1, '2020-10-01 06:21:13'),
(646, 127, 0, '2020-09-30 23:21:57', '0.00', '0.00', 15, 'Payment against Delivery #94', 1, '2020-10-01 06:21:57'),
(647, 55, 0, '2020-09-30 23:22:38', '0.00', '0.00', 15, 'Payment against Delivery #95', 1, '2020-10-01 06:22:38'),
(648, 61, 0, '2020-09-30 23:23:07', '0.00', '0.00', 15, 'Payment against Delivery #96', 1, '2020-10-01 06:23:07'),
(649, 50, 17, '2020-08-31 13:10:00', '120440.00', '0.00', 7, '', 1, '2020-11-30 06:13:15'),
(650, 11, 17, '2020-08-31 13:12:00', '120440.00', '0.00', 3, '', 1, '2020-10-01 08:13:48'),
(651, 46, 17, '2020-08-31 13:14:00', '120440.00', '0.00', 3, '', 1, '2020-10-01 08:14:31'),
(654, 7, 17, '2020-08-31 13:31:00', '17200.00', '0.00', 3, '', 1, '2020-10-01 08:31:18'),
(658, 78, 17, '2020-08-31 15:28:00', '0.00', '51200.00', 7, '', 1, '2020-10-01 10:28:24'),
(659, 50, 0, '2020-10-01 04:04:33', '0.00', '0.00', 15, 'Payment against Delivery #54', 1, '2020-10-01 11:04:33'),
(660, 74, 0, '2020-10-01 04:06:34', '0.00', '0.00', 15, 'Payment against Delivery #33', 1, '2020-10-01 11:06:34'),
(661, 21, 16, '2020-09-08 16:18:00', '15000.00', '0.00', 1, '', 1, '2020-11-30 15:16:53'),
(662, 21, 16, '2020-09-17 16:19:00', '20000.00', '0.00', 1, '', 1, '2020-11-30 15:16:43'),
(663, 21, 16, '2020-09-30 16:20:00', '50000.00', '0.00', 1, '', 1, '2020-11-30 15:15:53'),
(664, 47, 16, '2020-09-15 16:23:00', '15000.00', '0.00', 3, '', 1, '2020-10-01 11:25:56'),
(665, 13, 16, '2020-08-10 16:26:00', '113900.00', '0.00', 3, '', 1, '2020-10-03 06:43:43'),
(666, 26, 16, '2020-09-12 16:26:00', '30000.00', '0.00', 3, '', 1, '2020-10-01 11:27:05'),
(667, 6, 16, '2020-09-02 16:27:00', '23825.00', '0.00', 3, '', 1, '2020-10-01 11:27:31'),
(668, 78, 16, '2020-09-10 16:27:00', '50000.00', '0.00', 3, '', 1, '2020-10-01 11:27:56'),
(669, 32, 16, '2020-09-12 16:28:00', '100000.00', '0.00', 3, '', 1, '2020-10-01 11:28:21'),
(670, 23, 16, '2020-09-08 16:28:00', '30000.00', '0.00', 3, '', 1, '2020-10-01 11:28:56'),
(671, 30, 16, '2020-09-02 16:29:00', '11250.00', '0.00', 3, '', 1, '2020-10-01 11:29:29'),
(672, 35, 16, '2020-09-08 16:29:00', '25000.00', '0.00', 3, '', 1, '2020-10-01 11:29:53'),
(673, 3, 16, '2020-09-27 16:30:00', '20000.00', '0.00', 3, '', 1, '2020-10-01 11:31:08'),
(674, 37, 16, '2020-09-30 16:31:00', '35000.00', '0.00', 3, '', 1, '2020-10-01 11:31:31'),
(675, 25, 16, '2020-09-15 16:31:00', '15000.00', '0.00', 3, '', 1, '2020-10-01 11:32:00'),
(676, 8, 16, '2020-09-27 16:32:00', '20000.00', '0.00', 3, '', 1, '2020-10-01 11:32:21'),
(677, 27, 16, '2020-08-24 16:32:00', '112000.00', '0.00', 3, '', 1, '2020-10-03 09:07:31'),
(678, 21, 17, '2020-09-08 16:34:00', '15000.00', '0.00', 2, '', 1, '2020-11-30 14:01:13'),
(679, 21, 17, '2020-09-17 16:36:00', '30000.00', '0.00', 2, '', 1, '2020-10-01 11:36:27'),
(680, 21, 17, '2020-09-30 16:36:00', '100000.00', '0.00', 2, '', 1, '2020-10-01 11:36:47'),
(681, 63, 17, '2020-09-07 16:36:00', '30000.00', '0.00', 2, '', 1, '2020-10-01 11:37:17'),
(682, 74, 17, '2020-09-04 16:37:00', '40000.00', '0.00', 2, '', 1, '2020-10-01 11:37:40'),
(683, 50, 17, '2020-09-15 16:37:00', '100000.00', '0.00', 2, '', 1, '2020-10-01 11:38:17'),
(684, 50, 17, '2020-09-22 16:38:00', '100000.00', '0.00', 2, '', 1, '2020-10-01 11:38:47'),
(685, 55, 17, '2020-09-07 16:38:00', '6000.00', '0.00', 2, '', 1, '2020-10-01 11:39:17'),
(686, 55, 17, '2020-09-12 16:39:00', '20000.00', '0.00', 2, '', 1, '2020-10-01 11:39:45'),
(687, 55, 17, '2020-09-15 16:39:00', '100000.00', '0.00', 2, '', 1, '2020-10-01 11:40:12'),
(688, 55, 17, '2020-09-21 16:40:00', '100000.00', '0.00', 2, '', 1, '2020-10-01 11:40:31'),
(689, 13, 17, '2020-08-08 16:40:00', '34100.00', '0.00', 2, '', 1, '2020-10-03 06:43:26'),
(690, 26, 17, '2020-09-12 16:41:00', '40000.00', '0.00', 2, '', 1, '2020-10-01 11:41:58'),
(691, 51, 17, '2020-09-01 16:42:00', '50000.00', '0.00', 2, '', 1, '2020-10-01 11:42:22'),
(692, 6, 17, '2020-09-02 16:42:00', '26175.00', '0.00', 2, '', 1, '2020-10-01 11:42:50'),
(693, 6, 17, '2020-09-22 16:43:00', '50000.00', '0.00', 2, '', 1, '2020-10-01 11:45:40'),
(694, 6, 17, '2020-09-30 16:45:00', '50000.00', '0.00', 2, '', 1, '2020-10-01 11:46:16'),
(695, 29, 17, '2020-09-05 16:46:00', '50000.00', '0.00', 2, '', 1, '2020-10-01 11:47:24'),
(696, 29, 17, '2020-09-10 16:47:00', '50000.00', '0.00', 2, '', 1, '2020-10-01 11:47:50'),
(697, 29, 17, '2020-09-22 16:47:00', '50000.00', '0.00', 2, '', 1, '2020-10-01 11:48:15'),
(698, 116, 17, '2020-09-15 16:48:00', '40000.00', '0.00', 2, '', 1, '2020-10-01 11:48:50'),
(699, 61, 17, '2020-09-19 16:48:00', '150000.00', '0.00', 2, '', 1, '2020-10-01 11:49:17'),
(700, 32, 17, '2020-09-12 16:49:00', '100000.00', '0.00', 2, '', 1, '2020-10-01 11:49:46'),
(701, 23, 17, '2020-09-08 16:49:00', '70000.00', '0.00', 2, '', 1, '2020-10-01 11:50:21'),
(702, 66, 17, '2020-09-23 16:50:00', '50000.00', '0.00', 2, '', 1, '2020-10-01 11:50:51'),
(703, 53, 17, '2020-09-10 16:50:00', '100000.00', '0.00', 2, '', 1, '2020-10-01 11:51:23'),
(704, 52, 17, '2020-09-17 16:51:00', '50000.00', '0.00', 2, '', 1, '2020-10-01 11:54:31'),
(705, 3, 17, '2020-09-27 16:54:00', '30000.00', '0.00', 2, '', 1, '2020-10-01 11:55:25'),
(706, 37, 17, '2020-09-30 16:55:00', '65000.00', '0.00', 2, '', 1, '2020-10-01 11:55:56'),
(707, 71, 17, '2020-09-10 16:56:00', '20000.00', '0.00', 2, '', 1, '2020-10-01 11:57:09'),
(708, 114, 17, '2020-09-07 16:57:00', '20000.00', '0.00', 2, '', 1, '2020-10-01 11:57:40'),
(709, 65, 17, '2020-09-28 16:57:00', '47000.00', '0.00', 2, '', 1, '2020-10-01 11:58:12'),
(710, 8, 17, '2020-09-27 16:58:00', '30000.00', '0.00', 2, '', 1, '2020-10-01 11:58:34'),
(711, 124, 17, '2020-09-17 16:58:00', '28500.00', '0.00', 2, '', 1, '2020-10-01 11:59:01'),
(712, 64, 17, '2020-09-30 16:59:00', '30000.00', '0.00', 2, '', 1, '2020-10-01 11:59:22'),
(713, 102, 17, '2020-09-15 16:59:00', '31000.00', '0.00', 2, '', 1, '2020-10-01 11:59:46'),
(714, 115, 17, '2020-09-19 16:59:00', '13000.00', '0.00', 2, '', 1, '2020-10-01 12:00:49'),
(715, 30, 17, '2020-09-02 17:00:00', '54000.00', '0.00', 2, '', 1, '2020-10-01 12:01:18'),
(717, 63, 17, '2020-09-10 17:09:00', '0.00', '0.00', 7, '', 1, '2020-11-30 14:03:45'),
(718, 50, 17, '2020-09-28 17:09:00', '91890.00', '0.00', 7, '', 1, '2020-11-30 06:13:05'),
(719, 55, 17, '2020-09-05 17:10:00', '40000.00', '0.00', 7, '', 1, '2020-11-30 06:22:21'),
(721, 116, 17, '2020-09-16 17:11:00', '10200.00', '0.00', 7, '', 1, '2020-11-30 14:44:49'),
(722, 30, 17, '2020-10-01 17:12:00', '12000.00', '0.00', 7, '', 1, '2020-11-30 12:40:48'),
(723, 23, 17, '2020-09-16 17:12:00', '0.00', '1810.00', 7, '', 1, '2020-10-01 12:12:55'),
(724, 42, 17, '2020-09-16 17:13:00', '0.00', '5439.00', 7, '', 1, '2020-10-01 12:13:46'),
(725, 52, 17, '2020-09-30 17:13:00', '0.00', '59440.00', 7, '', 1, '2020-10-01 12:14:43'),
(726, 65, 17, '2020-09-28 17:14:00', '3200.00', '0.00', 7, '', 1, '2020-11-30 13:17:43'),
(727, 124, 17, '2020-09-16 17:15:00', '1500.00', '0.00', 7, '', 1, '2020-11-30 14:47:18'),
(728, 115, 17, '2020-09-16 17:15:00', '0.00', '8502.00', 7, '', 1, '2020-10-01 12:16:06'),
(729, 50, 16, '2020-09-12 17:16:00', '47814.00', '0.00', 6, '', 1, '2020-11-30 06:12:46'),
(731, 13, 16, '2020-08-17 17:17:00', '0.00', '0.00', 6, '', 1, '2020-11-30 15:09:24'),
(732, 32, 16, '2020-09-12 17:17:00', '0.00', '51870.00', 6, '', 1, '2020-10-01 12:18:00'),
(733, 30, 16, '2020-09-05 17:18:00', '1250.00', '0.00', 6, '', 1, '2020-11-30 01:58:18'),
(734, 8, 16, '2020-09-05 17:18:00', '0.00', '2516.00', 6, '', 1, '2020-10-01 12:18:47'),
(735, 62, 16, '2020-09-12 17:18:00', '0.00', '3220.00', 6, '', 1, '2020-10-01 12:19:14'),
(742, 21, 17, '2020-08-31 10:28:00', '0.00', '13250.00', 2, '', 1, '2020-10-03 05:29:10'),
(743, 21, 16, '2020-08-31 10:29:00', '750.00', '0.00', 6, '', 1, '2020-11-30 15:15:26'),
(746, 13, 0, '2020-08-18 11:45:00', '1325.00', '0.00', 7, '', 1, '2020-11-30 15:07:49'),
(747, 13, 0, '2020-08-27 11:48:00', '18575.00', '0.00', 7, '', 1, '2020-11-30 15:07:41'),
(750, 60, 0, '2020-09-28 12:25:00', '0.00', '0.00', 2, '', 1, '2020-10-03 07:26:00'),
(751, 5, 0, '2020-09-30 13:01:00', '0.00', '0.00', 0, '', 1, '2020-10-03 08:02:13'),
(752, 49, 0, '2020-09-30 13:07:00', '0.00', '0.00', 0, '', 1, '2020-10-03 08:07:58'),
(753, 68, 0, '2020-09-28 13:15:00', '0.00', '0.00', 0, '', 1, '2020-10-03 08:15:32'),
(754, 104, 0, '2020-09-30 13:20:00', '0.00', '0.00', 0, '', 1, '2020-10-03 08:20:19'),
(755, 43, 0, '2020-09-29 13:23:00', '0.00', '0.00', 0, '', 1, '2020-10-03 08:23:48'),
(756, 109, 0, '2020-09-30 13:37:00', '0.00', '0.00', 0, '', 1, '2020-10-03 08:37:35'),
(757, 110, 0, '2020-09-30 13:38:00', '0.00', '0.00', 0, '', 1, '2020-10-03 08:38:34'),
(758, 106, 0, '2020-09-30 13:40:00', '0.00', '0.00', 0, '', 1, '2020-10-03 08:40:26'),
(760, 113, 0, '2020-09-30 14:10:00', '0.00', '0.00', 0, '', 1, '2020-10-03 09:10:43'),
(761, 28, 0, '2020-09-30 14:13:00', '0.00', '0.00', 0, '', 1, '2020-10-03 09:13:51'),
(762, 58, 0, '2020-09-30 14:14:00', '0.00', '0.00', 0, '', 1, '2020-10-03 09:14:35'),
(763, 34, 0, '2020-09-30 14:14:00', '0.00', '0.00', 0, '', 1, '2020-10-03 09:16:00'),
(764, 111, 0, '2020-09-30 14:17:00', '0.00', '0.00', 0, '', 1, '2020-10-03 09:17:35'),
(765, 43, 0, '2020-09-28 14:18:00', '50000.00', '0.00', 1, '', 1, '2020-10-03 09:19:07'),
(766, 74, 0, '2020-08-10 14:47:00', '0.00', '32640.00', 2, '', 1, '2020-10-03 09:48:37'),
(767, 74, 0, '2020-09-01 14:50:00', '0.00', '32640.00', 2, '', 1, '2020-10-03 09:51:18'),
(769, 21, 0, '2020-10-07 06:45:52', '0.00', '0.00', 15, 'Payment against Delivery #97', 1, '2020-10-07 13:45:52'),
(770, 32, 0, '2020-10-07 06:46:39', '0.00', '0.00', 15, 'Payment against Delivery #98', 1, '2020-10-07 13:46:39'),
(771, 37, 0, '2020-10-07 06:47:12', '0.00', '0.00', 15, 'Payment against Delivery #99', 1, '2020-10-07 13:47:12'),
(772, 50, 0, '2020-10-07 06:48:12', '0.00', '0.00', 15, 'Payment against Delivery #01', 1, '2020-10-07 13:48:12'),
(773, 51, 0, '2020-10-07 06:48:46', '0.00', '0.00', 15, 'Payment against Delivery #02', 1, '2020-10-07 13:48:46'),
(774, 71, 0, '2020-10-07 06:49:33', '0.00', '0.00', 15, 'Payment against Delivery #03', 1, '2020-10-07 13:49:33'),
(775, 21, 0, '2020-10-07 06:50:03', '0.00', '0.00', 15, 'Payment against Delivery #04', 1, '2020-10-07 13:50:03'),
(776, 55, 0, '2020-10-07 06:50:31', '0.00', '0.00', 15, 'Payment against Delivery #05', 1, '2020-10-07 13:50:31'),
(777, 42, 0, '2020-10-07 06:50:57', '0.00', '0.00', 15, 'Payment against Delivery #06', 1, '2020-10-07 13:50:57'),
(778, 32, 0, '2020-10-07 06:52:11', '0.00', '0.00', 15, 'Payment against Delivery #07', 1, '2020-10-07 13:52:11'),
(780, 16, 0, '2020-10-07 06:53:17', '0.00', '0.00', 15, 'Payment against Delivery #05', 1, '2020-10-07 13:53:17'),
(781, 37, 0, '2020-10-07 06:53:46', '0.00', '0.00', 15, 'Payment against Delivery #10', 1, '2020-10-07 13:53:46'),
(782, 51, 0, '2020-10-07 06:54:30', '0.00', '0.00', 15, 'Payment against Delivery #11', 1, '2020-10-07 13:54:30'),
(783, 68, 0, '2020-10-07 06:56:01', '0.00', '0.00', 15, 'Payment against Delivery #12', 1, '2020-10-07 13:56:01'),
(784, 38, 0, '2020-10-07 06:56:43', '0.00', '0.00', 15, 'Payment against Delivery #13', 1, '2020-10-07 13:56:43'),
(785, 54, 0, '2020-10-07 06:57:23', '0.00', '0.00', 15, 'Payment against Delivery #14', 1, '2020-10-07 13:57:23'),
(786, 52, 0, '2020-10-07 06:57:49', '0.00', '0.00', 15, 'Payment against Delivery #15', 1, '2020-10-07 13:57:49'),
(787, 32, 0, '2020-10-07 06:58:14', '0.00', '0.00', 15, 'Payment against Delivery #16', 1, '2020-10-07 13:58:14'),
(788, 16, 0, '2020-10-07 06:58:54', '0.00', '0.00', 15, 'Payment against Delivery #17', 1, '2020-10-07 13:58:54'),
(789, 126, 0, '2020-10-07 06:59:22', '0.00', '0.00', 15, 'Payment against Delivery #18', 1, '2020-10-07 13:59:22'),
(790, 71, 0, '2020-10-07 06:59:57', '0.00', '0.00', 15, 'Payment against Delivery #19', 1, '2020-10-07 13:59:57'),
(791, 21, 0, '2020-10-07 07:00:27', '0.00', '0.00', 15, 'Payment against Delivery #20', 1, '2020-10-07 14:00:27'),
(792, 55, 0, '2020-10-07 07:00:56', '0.00', '0.00', 15, 'Payment against Delivery #21', 1, '2020-10-07 14:00:56'),
(793, 52, 0, '2020-10-07 07:01:31', '0.00', '0.00', 15, 'Payment against Delivery #22', 1, '2020-10-07 14:01:31'),
(794, 131, 0, '2020-10-07 07:02:00', '0.00', '0.00', 15, 'Payment against Delivery #23', 1, '2020-10-07 14:02:00'),
(795, 54, 0, '2020-10-07 07:02:27', '0.00', '0.00', 15, 'Payment against Delivery #24', 1, '2020-10-07 14:02:27'),
(796, 64, 0, '2020-10-07 07:03:13', '0.00', '0.00', 15, 'Payment against Delivery #25', 1, '2020-10-07 14:03:13'),
(798, 50, 0, '2020-10-07 07:04:36', '0.00', '0.00', 15, 'Payment against Delivery #27', 1, '2020-10-07 14:04:36'),
(799, 26, 0, '2020-10-07 07:05:07', '0.00', '0.00', 15, 'Payment against Delivery #28', 1, '2020-10-07 14:05:07'),
(800, 8, 0, '2020-10-07 07:05:39', '0.00', '0.00', 15, 'Payment against Delivery #29', 1, '2020-10-07 14:05:39'),
(801, 62, 17, '2020-10-03 15:54:00', '40000.00', '0.00', 2, '', 1, '2020-10-31 15:22:34'),
(802, 62, 16, '2020-10-03 15:55:00', '10000.00', '0.00', 1, '', 1, '2020-10-31 15:22:28'),
(803, 9, 17, '2020-10-04 15:55:00', '25000.00', '0.00', 2, '', 1, '2020-10-31 15:22:16'),
(804, 127, 17, '2020-10-04 15:56:00', '6000.00', '0.00', 2, '', 1, '2020-10-31 15:22:10'),
(805, 8, 17, '2020-10-04 00:00:00', '30000.00', '0.00', 2, '', 1, '2020-10-31 15:22:21'),
(806, 71, 17, '2020-10-04 15:59:00', '10000.00', '0.00', 2, '', 1, '2020-10-31 15:21:58'),
(807, 8, 16, '2020-10-04 15:59:00', '20000.00', '0.00', 1, '', 1, '2020-10-31 15:22:05');
INSERT INTO `customer_payment` (`id`, `customer_id`, `machine_id`, `datetime_added`, `amount`, `discount`, `account_id`, `details`, `status`, `ts`) VALUES
(808, 71, 16, '2020-10-04 16:00:00', '10000.00', '0.00', 1, '', 1, '2020-10-31 15:21:52'),
(809, 26, 17, '2020-10-05 16:03:00', '30000.00', '0.00', 2, '', 1, '2020-10-31 15:21:47'),
(810, 26, 16, '2020-10-05 16:04:00', '20000.00', '0.00', 1, '', 1, '2020-10-31 15:21:31'),
(811, 21, 17, '2020-10-05 16:04:00', '30000.00', '0.00', 2, '', 1, '2020-10-31 15:21:36'),
(812, 21, 16, '2020-10-05 16:04:00', '20000.00', '0.00', 1, '', 1, '2020-10-31 15:21:41'),
(813, 7, 17, '2020-10-05 16:05:00', '30000.00', '0.00', 2, '', 1, '2020-10-31 15:21:19'),
(814, 7, 16, '2020-10-05 16:05:00', '20000.00', '0.00', 1, '', 1, '2020-10-31 15:21:24'),
(815, 55, 17, '2020-10-06 16:07:00', '40000.00', '0.00', 2, '', 1, '2020-10-31 15:20:57'),
(816, 55, 16, '2020-10-06 16:07:00', '10000.00', '0.00', 1, '', 1, '2020-10-31 15:21:03'),
(817, 50, 17, '2020-10-06 16:07:00', '70000.00', '0.00', 2, '', 1, '2020-10-31 15:21:12'),
(818, 50, 16, '2020-10-06 16:08:00', '30000.00', '0.00', 1, '', 1, '2020-10-31 15:20:50'),
(819, 120, 17, '2020-10-07 16:08:00', '50000.00', '0.00', 2, '', 1, '2020-10-31 15:20:37'),
(820, 25, 16, '2020-10-07 16:09:00', '20000.00', '0.00', 1, '', 1, '2020-10-31 15:20:32'),
(821, 62, 17, '2020-10-08 16:10:00', '40000.00', '0.00', 2, '', 1, '2020-10-31 15:20:27'),
(822, 51, 17, '2020-10-08 16:11:00', '40000.00', '0.00', 2, '', 1, '2020-10-31 15:20:21'),
(823, 6, 17, '2020-10-08 16:12:00', '10000.00', '0.00', 2, '', 1, '2020-10-31 15:20:10'),
(824, 47, 16, '2020-10-08 16:12:00', '3000.00', '0.00', 1, '', 1, '2020-10-31 15:20:15'),
(825, 55, 17, '2020-10-15 16:13:00', '40000.00', '0.00', 2, '', 1, '2020-10-31 15:19:55'),
(826, 55, 17, '2020-10-15 16:13:00', '50000.00', '0.00', 2, '', 1, '2020-10-31 15:20:00'),
(827, 114, 17, '2020-10-15 16:13:00', '23000.00', '0.00', 2, '', 1, '2020-10-31 15:20:05'),
(828, 32, 17, '2020-10-18 16:14:00', '25000.00', '0.00', 2, '', 1, '2020-10-31 15:19:45'),
(829, 32, 16, '2020-10-18 16:14:00', '25000.00', '0.00', 1, '', 1, '2020-10-31 15:19:51'),
(830, 54, 0, '2020-10-19 00:09:32', '0.00', '0.00', 15, 'Payment against Delivery #30', 1, '2020-10-19 07:09:32'),
(831, 36, 0, '2020-10-19 00:10:33', '0.00', '0.00', 15, 'Payment against Delivery #31', 1, '2020-10-19 07:10:33'),
(832, 38, 0, '2020-10-19 00:11:27', '0.00', '0.00', 15, 'Payment against Delivery #32', 1, '2020-10-19 07:11:27'),
(833, 122, 0, '2020-10-19 00:12:34', '0.00', '0.00', 15, 'Payment against Delivery #33', 1, '2020-10-19 07:12:34'),
(834, 42, 0, '2020-10-19 00:13:15', '0.00', '0.00', 15, 'Payment against Delivery #34', 1, '2020-10-19 07:13:15'),
(835, 13, 0, '2020-10-19 00:13:46', '0.00', '0.00', 15, 'Payment against Delivery #35', 1, '2020-10-19 07:13:46'),
(836, 23, 0, '2020-10-19 00:14:14', '0.00', '0.00', 15, 'Payment against Delivery #36', 1, '2020-10-19 07:14:14'),
(837, 7, 0, '2020-10-19 00:14:40', '0.00', '0.00', 15, 'Payment against Delivery #37', 1, '2020-10-19 07:14:40'),
(838, 8, 0, '2020-10-19 00:15:02', '0.00', '0.00', 15, 'Payment against Delivery #38', 1, '2020-10-19 07:15:02'),
(839, 16, 0, '2020-10-19 00:15:24', '0.00', '0.00', 15, 'Payment against Delivery #39', 1, '2020-10-19 07:15:24'),
(840, 126, 0, '2020-10-19 00:15:50', '0.00', '0.00', 15, 'Payment against Delivery #40', 1, '2020-10-19 07:15:50'),
(841, 50, 0, '2020-10-19 00:16:20', '0.00', '0.00', 15, 'Payment against Delivery #41', 1, '2020-10-19 07:16:20'),
(842, 21, 0, '2020-10-19 00:16:42', '0.00', '0.00', 15, 'Payment against Delivery #42', 1, '2020-10-19 07:16:42'),
(843, 8, 0, '2020-10-19 00:17:11', '0.00', '0.00', 15, 'Payment against Delivery #43', 1, '2020-10-19 07:17:11'),
(844, 52, 0, '2020-10-19 00:17:36', '0.00', '0.00', 15, 'Payment against Delivery #44', 1, '2020-10-19 07:17:36'),
(845, 32, 0, '2020-10-19 00:18:03', '0.00', '0.00', 15, 'Payment against Delivery #45', 1, '2020-10-19 07:18:03'),
(846, 21, 0, '2020-10-19 00:18:27', '0.00', '0.00', 15, 'Payment against Delivery #46', 1, '2020-10-19 07:18:27'),
(847, 16, 0, '2020-10-19 00:18:48', '0.00', '0.00', 15, 'Payment against Delivery #47', 1, '2020-10-19 07:18:48'),
(848, 41, 0, '2020-10-19 00:19:10', '0.00', '0.00', 15, 'Payment against Delivery #48', 1, '2020-10-19 07:19:10'),
(849, 26, 0, '2020-10-19 00:19:29', '0.00', '0.00', 15, 'Payment against Delivery #49', 1, '2020-10-19 07:19:29'),
(850, 34, 0, '2020-10-19 00:19:50', '0.00', '0.00', 15, 'Payment against Delivery #50', 1, '2020-10-19 07:19:50'),
(851, 29, 0, '2020-10-19 00:20:10', '0.00', '0.00', 15, 'Payment against Delivery #51', 1, '2020-10-19 07:20:10'),
(852, 52, 0, '2020-10-19 00:20:34', '0.00', '0.00', 15, 'Payment against Delivery #52', 1, '2020-10-19 07:20:34'),
(853, 9, 0, '2020-10-19 00:21:20', '0.00', '0.00', 15, 'Payment against Delivery #53', 1, '2020-10-19 07:21:20'),
(854, 55, 0, '2020-10-19 00:21:39', '0.00', '0.00', 15, 'Payment against Delivery #54', 1, '2020-10-19 07:21:39'),
(855, 23, 0, '2020-10-19 00:22:03', '0.00', '0.00', 15, 'Payment against Delivery #55', 1, '2020-10-19 07:22:03'),
(856, 34, 0, '2020-10-19 00:22:24', '0.00', '0.00', 15, 'Payment against Delivery #56', 1, '2020-10-19 07:22:24'),
(857, 3, 0, '2020-10-19 00:22:43', '0.00', '0.00', 15, 'Payment against Delivery #57', 1, '2020-10-19 07:22:43'),
(858, 3, 0, '2020-10-19 00:23:04', '0.00', '0.00', 15, 'Payment against Delivery #58', 1, '2020-10-19 07:23:04'),
(859, 36, 0, '2020-10-19 00:23:25', '0.00', '0.00', 15, 'Payment against Delivery #59', 1, '2020-10-19 07:23:25'),
(861, 16, 0, '2020-10-19 00:24:11', '0.00', '0.00', 15, 'Payment against Delivery #61', 1, '2020-10-19 07:24:11'),
(862, 118, 0, '2020-10-19 00:24:33', '0.00', '0.00', 15, 'Payment against Delivery #62', 1, '2020-10-19 07:24:33'),
(863, 32, 0, '2020-10-19 00:24:53', '0.00', '0.00', 15, 'Payment against Delivery #63', 1, '2020-10-19 07:24:53'),
(864, 23, 0, '2020-10-19 00:25:14', '0.00', '0.00', 15, 'Payment against Delivery #64', 1, '2020-10-19 07:25:14'),
(865, 71, 0, '2020-10-19 00:25:51', '0.00', '0.00', 15, 'Payment against Delivery #65', 1, '2020-10-19 07:25:51'),
(866, 102, 0, '2020-10-19 00:26:18', '0.00', '0.00', 15, 'Payment against Delivery #66', 1, '2020-10-19 07:26:18'),
(867, 55, 0, '2020-10-19 00:26:36', '0.00', '0.00', 15, 'Payment against Delivery #67', 1, '2020-10-19 07:26:36'),
(868, 23, 0, '2020-10-19 00:26:58', '0.00', '0.00', 15, 'Payment against Delivery #68', 1, '2020-10-19 07:26:58'),
(869, 21, 0, '2020-10-19 00:27:30', '0.00', '0.00', 15, 'Payment against Delivery #69', 1, '2020-10-19 07:27:30'),
(870, 3, 0, '2020-10-19 00:28:01', '0.00', '0.00', 15, 'Payment against Delivery #70', 1, '2020-10-19 07:28:01'),
(871, 52, 0, '2020-10-19 00:28:22', '0.00', '0.00', 15, 'Payment against Delivery #71', 1, '2020-10-19 07:28:22'),
(872, 102, 0, '2020-10-19 00:28:42', '0.00', '0.00', 15, 'Payment against Delivery #72', 1, '2020-10-19 07:28:42'),
(873, 8, 0, '2020-10-19 00:29:06', '0.00', '0.00', 15, 'Payment against Delivery #73', 1, '2020-10-19 07:29:06'),
(874, 6, 0, '2020-10-19 00:29:26', '0.00', '0.00', 15, 'Payment against Delivery #74', 1, '2020-10-19 07:29:26'),
(875, 26, 0, '2020-10-19 00:29:50', '0.00', '0.00', 15, 'Payment against Delivery #75', 1, '2020-10-19 07:29:50'),
(876, 53, 0, '2020-10-19 00:30:09', '0.00', '0.00', 15, 'Payment against Delivery #76', 1, '2020-10-19 07:30:09'),
(877, 37, 0, '2020-10-19 00:30:27', '0.00', '0.00', 15, 'Payment against Delivery #77', 1, '2020-10-19 07:30:27'),
(878, 37, 0, '2020-10-19 00:30:46', '0.00', '0.00', 15, 'Payment against Delivery #78', 1, '2020-10-19 07:30:46'),
(879, 32, 0, '2020-10-19 00:31:05', '0.00', '0.00', 15, 'Payment against Delivery #79', 1, '2020-10-19 07:31:05'),
(880, 16, 0, '2020-10-19 00:31:27', '0.00', '0.00', 15, 'Payment against Delivery #80', 1, '2020-10-19 07:31:27'),
(881, 26, 0, '2020-10-19 00:31:48', '0.00', '0.00', 15, 'Payment against Delivery #81', 1, '2020-10-19 07:31:48'),
(883, 116, 0, '2020-10-31 11:34:36', '0.00', '0.00', 15, 'Payment against Delivery #82', 1, '2020-10-31 06:34:36'),
(884, 140, 0, '2020-10-31 11:35:12', '0.00', '0.00', 15, 'Payment against Delivery #83', 1, '2020-10-31 06:35:12'),
(885, 13, 0, '2020-10-31 11:37:52', '0.00', '0.00', 15, 'Payment against Delivery #84', 1, '2020-10-31 06:37:52'),
(886, 78, 0, '2020-10-31 11:38:25', '0.00', '0.00', 15, 'Payment against Delivery #85', 1, '2020-10-31 06:38:25'),
(887, 26, 0, '2020-10-31 11:38:51', '0.00', '0.00', 15, 'Payment against Delivery #86', 1, '2020-10-31 06:38:51'),
(888, 3, 0, '2020-10-31 11:42:56', '0.00', '0.00', 15, 'Payment against Delivery #87', 1, '2020-10-31 06:42:56'),
(889, 74, 0, '2020-10-31 11:43:25', '0.00', '0.00', 15, 'Payment against Delivery #88', 1, '2020-10-31 06:43:25'),
(890, 56, 0, '2020-10-31 11:43:52', '0.00', '0.00', 15, 'Payment against Delivery #89', 1, '2020-10-31 06:43:52'),
(891, 42, 0, '2020-10-31 11:44:24', '0.00', '0.00', 15, 'Payment against Delivery #90', 1, '2020-10-31 06:44:24'),
(892, 36, 0, '2020-10-31 11:44:44', '0.00', '0.00', 15, 'Payment against Delivery #91', 1, '2020-10-31 06:44:44'),
(893, 140, 0, '2020-10-31 11:45:17', '0.00', '0.00', 15, 'Payment against Delivery #92', 1, '2020-10-31 06:45:17'),
(894, 136, 0, '2020-10-31 11:45:49', '0.00', '0.00', 15, 'Payment against Delivery #93', 1, '2020-10-31 06:45:49'),
(895, 71, 0, '2020-10-31 11:46:08', '0.00', '0.00', 15, 'Payment against Delivery #94', 1, '2020-10-31 06:46:08'),
(896, 23, 0, '2020-10-31 11:46:38', '0.00', '0.00', 15, 'Payment against Delivery #95', 1, '2020-10-31 06:46:38'),
(897, 36, 0, '2020-10-31 11:47:04', '0.00', '0.00', 15, 'Payment against Delivery #96', 1, '2020-10-31 06:47:04'),
(898, 6, 0, '2020-10-31 11:47:38', '0.00', '0.00', 15, 'Payment against Delivery #97', 1, '2020-10-31 06:47:38'),
(899, 55, 0, '2020-10-31 11:48:23', '0.00', '0.00', 15, 'Payment against Delivery #98', 1, '2020-10-31 06:48:23'),
(900, 141, 0, '2020-10-31 11:48:54', '0.00', '0.00', 15, 'Payment against Delivery #99', 1, '2020-10-31 06:48:54'),
(901, 142, 0, '2020-10-31 11:50:34', '0.00', '0.00', 15, 'Payment against Delivery #100', 1, '2020-10-31 06:50:34'),
(902, 19, 0, '2020-10-31 11:51:54', '0.00', '0.00', 15, 'Payment against Delivery #3001', 1, '2020-10-31 06:51:54'),
(903, 103, 0, '2020-10-31 11:52:21', '0.00', '0.00', 15, 'Payment against Delivery #3002', 1, '2020-10-31 06:52:21'),
(904, 131, 0, '2020-10-31 11:52:54', '0.00', '0.00', 15, 'Payment against Delivery #3003', 1, '2020-10-31 06:52:54'),
(905, 39, 0, '2020-10-31 11:53:18', '0.00', '0.00', 15, 'Payment against Delivery #3004', 1, '2020-10-31 06:53:18'),
(906, 25, 0, '2020-10-31 11:55:59', '0.00', '0.00', 15, 'Payment against Delivery #3005', 1, '2020-11-02 12:46:30'),
(907, 32, 0, '2020-10-31 11:56:41', '0.00', '0.00', 15, 'Payment against Delivery #3006', 1, '2020-10-31 06:56:41'),
(908, 23, 0, '2020-10-31 11:57:05', '0.00', '0.00', 15, 'Payment against Delivery #3007', 1, '2020-10-31 06:57:05'),
(909, 114, 0, '2020-10-31 11:57:46', '0.00', '0.00', 15, 'Payment against Delivery #3008', 1, '2020-10-31 06:57:46'),
(910, 50, 0, '2020-10-31 11:58:14', '0.00', '0.00', 15, 'Payment against Delivery #3009', 1, '2020-10-31 06:58:14'),
(911, 140, 0, '2020-10-31 11:58:35', '0.00', '0.00', 15, 'Payment against Delivery #3010', 1, '2020-10-31 06:58:35'),
(912, 32, 0, '2020-10-31 11:58:55', '0.00', '0.00', 15, 'Payment against Delivery #3011', 1, '2020-10-31 06:58:55'),
(913, 55, 0, '2020-10-31 11:59:19', '0.00', '0.00', 15, 'Payment against Delivery #3012', 1, '2020-10-31 06:59:19'),
(914, 28, 0, '2020-10-31 11:59:42', '0.00', '0.00', 15, 'Payment against Delivery #3013', 1, '2020-10-31 06:59:42'),
(915, 52, 0, '2020-10-31 12:00:04', '0.00', '0.00', 15, 'Payment against Delivery #3014', 1, '2020-10-31 07:00:04'),
(916, 55, 0, '2020-10-31 12:00:29', '0.00', '0.00', 15, 'Payment against Delivery #3015', 1, '2020-10-31 07:00:29'),
(917, 37, 0, '2020-10-31 12:00:59', '0.00', '0.00', 15, 'Payment against Delivery #3016', 1, '2020-10-31 07:00:59'),
(918, 32, 0, '2020-10-31 12:01:42', '0.00', '0.00', 15, 'Payment against Delivery #3017', 1, '2020-10-31 07:01:42'),
(919, 37, 0, '2020-10-31 12:03:29', '0.00', '0.00', 15, 'Payment against Delivery #3018', 1, '2020-10-31 07:03:29'),
(920, 65, 0, '2020-10-31 12:04:15', '0.00', '0.00', 15, 'Payment against Delivery #3019', 1, '2020-10-31 07:04:15'),
(921, 8, 0, '2020-10-31 12:04:49', '0.00', '0.00', 15, 'Payment against Delivery #3020', 1, '2020-10-31 07:04:49'),
(922, 19, 0, '2020-10-31 12:06:31', '0.00', '0.00', 15, 'Payment against Delivery #3021', 1, '2020-10-31 07:06:31'),
(923, 144, 0, '2020-10-31 12:15:54', '0.00', '0.00', 15, 'Payment against Delivery #3022', 1, '2020-10-31 07:15:54'),
(924, 62, 0, '2020-10-31 12:17:05', '0.00', '0.00', 15, 'Payment against Delivery #3023', 1, '2020-10-31 07:17:05'),
(925, 37, 0, '2020-10-31 12:17:38', '0.00', '0.00', 15, 'Payment against Delivery #3024', 1, '2020-10-31 07:17:38'),
(926, 122, 0, '2020-10-31 12:18:42', '0.00', '0.00', 15, 'Payment against Delivery #3025', 1, '2020-10-31 07:18:42'),
(927, 127, 0, '2020-10-31 12:19:25', '0.00', '0.00', 15, 'Payment against Delivery #3026', 1, '2020-10-31 07:19:25'),
(928, 26, 0, '2020-10-31 12:19:48', '0.00', '0.00', 15, 'Payment against Delivery #3027', 1, '2020-10-31 07:19:48'),
(929, 145, 0, '2020-10-31 12:20:30', '0.00', '0.00', 15, 'Payment against Delivery #3028', 1, '2020-10-31 07:20:30'),
(930, 12, 0, '2020-10-31 12:21:21', '0.00', '0.00', 15, 'Payment against Delivery #3029', 1, '2020-10-31 07:21:21'),
(931, 64, 0, '2020-10-31 12:21:54', '0.00', '0.00', 15, 'Payment against Delivery #3030', 1, '2020-10-31 07:21:54'),
(932, 36, 0, '2020-10-31 12:22:25', '0.00', '0.00', 15, 'Payment against Delivery #3031', 1, '2020-10-31 07:22:25'),
(933, 13, 0, '2020-10-31 12:22:53', '0.00', '0.00', 15, 'Payment against Delivery #3032', 1, '2020-10-31 07:22:53'),
(934, 8, 0, '2020-10-31 12:23:17', '0.00', '0.00', 15, 'Payment against Delivery #3033', 1, '2020-10-31 07:23:17'),
(935, 50, 0, '2020-10-31 12:24:44', '0.00', '0.00', 15, 'Payment against Delivery #3034', 1, '2020-10-31 07:24:44'),
(936, 68, 0, '2020-10-31 12:25:23', '0.00', '0.00', 15, 'Payment against Delivery #3035', 1, '2020-10-31 07:25:23'),
(937, 52, 0, '2020-10-31 12:30:18', '0.00', '0.00', 15, 'Payment against Delivery #3036', 1, '2020-10-31 07:30:18'),
(938, 71, 0, '2020-10-31 12:30:47', '0.00', '0.00', 15, 'Payment against Delivery #303', 1, '2020-10-31 07:30:47'),
(939, 78, 0, '2020-10-31 12:31:09', '0.00', '0.00', 15, 'Payment against Delivery #3038', 1, '2020-10-31 07:31:09'),
(940, 33, 0, '2020-10-31 12:31:33', '0.00', '0.00', 15, 'Payment against Delivery #3039', 1, '2020-10-31 07:31:33'),
(941, 36, 0, '2020-10-31 12:31:54', '0.00', '0.00', 15, 'Payment against Delivery #300', 1, '2020-10-31 07:31:54'),
(942, 19, 0, '2020-10-31 12:32:17', '0.00', '0.00', 15, 'Payment against Delivery #3041', 1, '2020-10-31 07:32:17'),
(943, 27, 0, '2020-10-31 12:50:00', '0.00', '0.00', 15, 'Payment against Delivery #10206', 1, '2020-10-31 07:50:00'),
(944, 25, 0, '2020-10-31 13:13:53', '0.00', '0.00', 15, 'Payment against Delivery #10207', 1, '2020-10-31 08:13:53'),
(945, 6, 0, '2020-10-31 13:14:28', '0.00', '0.00', 15, 'Payment against Delivery #10208', 1, '2020-10-31 08:14:28'),
(946, 22, 0, '2020-10-31 13:14:52', '0.00', '0.00', 15, 'Payment against Delivery #10209', 1, '2020-10-31 08:14:52'),
(947, 26, 0, '2020-10-31 13:15:30', '0.00', '0.00', 15, 'Payment against Delivery #10210', 1, '2020-10-31 08:15:30'),
(948, 8, 0, '2020-10-31 13:16:03', '0.00', '0.00', 15, 'Payment against Delivery #10211', 1, '2020-10-31 08:16:03'),
(949, 36, 0, '2020-10-31 13:16:25', '0.00', '0.00', 15, 'Payment against Delivery #10212', 1, '2020-10-31 08:16:25'),
(950, 7, 0, '2020-10-31 13:16:48', '0.00', '0.00', 15, 'Payment against Delivery #10213', 1, '2020-10-31 08:16:48'),
(951, 27, 0, '2020-10-31 13:17:18', '0.00', '0.00', 15, 'Payment against Delivery #10214', 1, '2020-10-31 08:17:18'),
(952, 7, 0, '2020-10-31 13:17:40', '0.00', '0.00', 15, 'Payment against Delivery #10215', 1, '2020-10-31 08:17:40'),
(953, 26, 0, '2020-10-31 13:18:08', '0.00', '0.00', 15, 'Payment against Delivery #10216', 1, '2020-10-31 08:18:08'),
(954, 7, 0, '2020-10-31 13:18:45', '0.00', '0.00', 15, 'Payment against Delivery #10217', 1, '2020-10-31 08:18:45'),
(955, 23, 0, '2020-10-31 13:19:32', '0.00', '0.00', 15, 'Payment against Delivery #10218', 1, '2020-10-31 08:19:32'),
(956, 27, 0, '2020-10-31 13:20:00', '0.00', '0.00', 15, 'Payment against Delivery #10219', 1, '2020-10-31 08:20:00'),
(957, 8, 0, '2020-10-31 13:20:23', '0.00', '0.00', 15, 'Payment against Delivery #10220', 1, '2020-10-31 08:20:23'),
(958, 6, 0, '2020-10-31 13:20:46', '0.00', '0.00', 15, 'Payment against Delivery #10221', 1, '2020-10-31 08:20:46'),
(959, 71, 0, '2020-10-31 13:22:04', '0.00', '0.00', 15, 'Payment against Delivery #10222', 1, '2020-10-31 08:22:04'),
(960, 6, 0, '2020-10-31 13:22:34', '0.00', '0.00', 15, 'Payment against Delivery #10223', 1, '2020-10-31 08:22:34'),
(961, 32, 0, '2020-10-31 13:22:56', '0.00', '0.00', 15, 'Payment against Delivery #10224', 1, '2020-10-31 08:22:56'),
(962, 7, 0, '2020-10-31 13:23:18', '0.00', '0.00', 15, 'Payment against Delivery #10225', 1, '2020-10-31 08:23:18'),
(963, 36, 0, '2020-10-31 13:24:09', '0.00', '0.00', 15, 'Payment against Delivery #10226', 1, '2020-10-31 08:24:09'),
(964, 62, 0, '2020-10-31 13:24:49', '0.00', '0.00', 15, 'Payment against Delivery #10227', 1, '2020-10-31 08:24:49'),
(965, 27, 0, '2020-10-31 13:25:14', '0.00', '0.00', 15, 'Payment against Delivery #10228', 1, '2020-10-31 08:25:14'),
(966, 12, 0, '2020-10-31 13:25:36', '0.00', '0.00', 15, 'Payment against Delivery #10229', 1, '2020-10-31 08:25:36'),
(967, 27, 0, '2020-10-31 13:25:57', '0.00', '0.00', 15, 'Payment against Delivery #10230', 1, '2020-10-31 08:25:57'),
(968, 50, 0, '2020-10-31 13:29:41', '0.00', '0.00', 15, 'Payment against Delivery #10231', 1, '2020-10-31 08:29:41'),
(969, 13, 0, '2020-10-31 13:30:24', '0.00', '0.00', 15, 'Payment against Delivery #10232', 1, '2020-10-31 08:30:24'),
(970, 21, 0, '2020-10-31 13:31:41', '0.00', '0.00', 15, 'Payment against Delivery #10234', 1, '2020-10-31 08:31:41'),
(971, 42, 0, '2020-10-31 13:32:36', '0.00', '0.00', 15, 'Payment against Delivery #10235', 1, '2020-10-31 08:32:36'),
(972, 54, 0, '2020-10-31 13:33:42', '0.00', '0.00', 15, 'Payment against Delivery #10236', 1, '2020-10-31 08:33:42'),
(973, 54, 0, '2020-10-31 13:34:50', '0.00', '0.00', 15, 'Payment against Delivery #10235', 1, '2020-10-31 08:34:50'),
(974, 50, 0, '2020-10-31 13:35:22', '0.00', '0.00', 15, 'Payment against Delivery #10233', 1, '2020-10-31 08:35:22'),
(975, 27, 0, '2020-10-31 13:35:54', '0.00', '0.00', 15, 'Payment against Delivery #10236', 1, '2020-10-31 08:35:54'),
(976, 19, 0, '2020-10-31 13:36:19', '0.00', '0.00', 15, 'Payment against Delivery #10237', 1, '2020-10-31 08:36:19'),
(977, 35, 0, '2020-10-31 13:37:35', '0.00', '0.00', 15, 'Payment against Delivery #10238', 1, '2020-10-31 08:37:35'),
(978, 54, 0, '2020-10-31 13:38:04', '0.00', '0.00', 15, 'Payment against Delivery #10239', 1, '2020-10-31 08:38:04'),
(979, 50, 0, '2020-10-31 13:38:34', '0.00', '0.00', 15, 'Payment against Delivery #10238', 1, '2020-10-31 08:38:34'),
(980, 50, 0, '2020-10-31 13:39:05', '0.00', '0.00', 15, 'Payment against Delivery #10239', 1, '2020-10-31 08:39:05'),
(981, 3, 0, '2020-10-31 13:39:34', '0.00', '0.00', 15, 'Payment against Delivery #10240', 1, '2020-10-31 08:39:34'),
(982, 21, 0, '2020-10-31 13:40:23', '0.00', '0.00', 15, 'Payment against Delivery #10241', 1, '2020-10-31 08:40:23'),
(983, 50, 0, '2020-10-31 13:40:49', '0.00', '0.00', 15, 'Payment against Delivery #10242', 1, '2020-10-31 08:40:49'),
(984, 50, 0, '2020-10-31 13:41:20', '0.00', '0.00', 15, 'Payment against Delivery #10243', 1, '2020-10-31 08:41:20'),
(985, 50, 0, '2020-10-31 13:41:49', '0.00', '0.00', 15, 'Payment against Delivery #10243', 1, '2020-10-31 08:41:49'),
(986, 146, 0, '2020-10-31 13:42:48', '0.00', '0.00', 15, 'Payment against Delivery #10245', 1, '2020-10-31 08:42:48'),
(987, 35, 0, '2020-10-31 13:43:29', '0.00', '0.00', 15, 'Payment against Delivery #10246', 1, '2020-10-31 08:43:29'),
(988, 8, 0, '2020-10-31 13:43:55', '0.00', '0.00', 15, 'Payment against Delivery #10247', 1, '2020-10-31 08:43:55'),
(989, 30, 0, '2020-10-31 13:44:27', '0.00', '0.00', 15, 'Payment against Delivery #10248', 1, '2020-10-31 08:44:27'),
(990, 37, 0, '2020-10-31 13:44:53', '0.00', '0.00', 15, 'Payment against Delivery #10249', 1, '2020-10-31 08:44:53'),
(991, 32, 0, '2020-10-31 13:45:16', '0.00', '0.00', 15, 'Payment against Delivery #10250', 1, '2020-10-31 08:45:16'),
(992, 21, 16, '2020-10-31 13:45:00', '100000.00', '0.00', 1, 'Payment against Delivery #10251', 1, '2020-11-30 10:42:18'),
(994, 50, 16, '2020-11-30 13:46:00', '50000.00', '0.00', 1, 'Payment against Delivery #10253', 1, '2020-11-30 06:19:58'),
(995, 140, 0, '2020-10-31 13:47:27', '0.00', '0.00', 15, 'Payment against Delivery #10254', 1, '2020-10-31 08:47:27'),
(996, 50, 16, '2020-10-31 13:47:00', '585532.00', '0.00', 1, 'Payment against Delivery #10255', 1, '2020-11-30 06:18:33'),
(997, 54, 0, '2020-10-31 13:49:04', '0.00', '0.00', 15, 'Payment against Delivery #10256', 1, '2020-10-31 08:49:04'),
(998, 131, 16, '2020-10-31 15:05:00', '8000.00', '0.00', 1, '', 1, '2020-10-31 15:19:38'),
(999, 117, 16, '2020-10-31 15:08:00', '5000.00', '0.00', 1, '', 1, '2020-10-31 15:19:32'),
(1000, 142, 17, '2020-10-31 15:09:00', '10900.00', '0.00', 2, '', 1, '2020-10-31 15:19:08'),
(1001, 52, 17, '2020-10-31 15:09:00', '50000.00', '0.00', 2, '', 1, '2020-10-31 15:19:13'),
(1002, 21, 17, '2020-10-31 15:09:00', '35000.00', '0.00', 2, '', 1, '2020-10-31 15:19:18'),
(1003, 21, 16, '2020-10-31 15:09:00', '15000.00', '0.00', 1, '', 1, '2020-10-31 15:19:24'),
(1004, 36, 17, '2020-10-31 15:10:00', '45000.00', '0.00', 2, '', 1, '2020-10-31 15:18:42'),
(1005, 36, 16, '2020-10-31 15:10:00', '15000.00', '0.00', 1, '', 1, '2020-10-31 15:18:53'),
(1006, 61, 17, '2020-10-31 15:10:00', '100000.00', '0.00', 2, '', 1, '2020-10-31 15:19:02'),
(1007, 29, 17, '2020-10-31 15:11:00', '30000.00', '0.00', 2, '', 1, '2020-10-31 15:18:04'),
(1008, 118, 17, '2020-10-31 15:11:00', '20000.00', '0.00', 2, '', 1, '2020-10-31 15:18:11'),
(1009, 68, 17, '2020-10-31 15:11:00', '30000.00', '0.00', 2, '', 1, '2020-10-31 15:18:25'),
(1010, 53, 17, '2020-10-31 15:11:00', '50000.00', '0.00', 2, '', 1, '2020-10-31 15:18:36'),
(1011, 50, 17, '2020-10-31 15:12:00', '75000.00', '0.00', 2, '', 1, '2020-10-31 15:17:38'),
(1012, 50, 16, '2020-10-31 15:12:00', '25000.00', '0.00', 1, '', 1, '2020-10-31 15:17:51'),
(1013, 7, 17, '2020-10-31 15:12:00', '30000.00', '0.00', 2, '', 1, '2020-10-31 15:17:57'),
(1014, 7, 16, '2020-10-31 15:13:00', '20000.00', '0.00', 1, '', 1, '2020-10-31 15:17:26'),
(1015, 41, 17, '2020-10-31 15:13:00', '30000.00', '0.00', 2, '', 1, '2020-10-31 15:17:32'),
(1016, 41, 16, '2020-10-31 15:15:00', '20000.00', '0.00', 1, '', 1, '2020-10-31 15:17:07'),
(1017, 21, 17, '2020-10-31 15:15:00', '60000.00', '0.00', 2, '', 1, '2020-10-31 15:17:12'),
(1018, 21, 16, '2020-10-31 15:15:00', '40000.00', '0.00', 1, '', 1, '2020-10-31 15:17:17'),
(1019, 44, 17, '2020-10-31 15:16:00', '10000.00', '0.00', 2, '', 1, '2020-10-31 15:16:51'),
(1020, 44, 16, '2020-10-31 15:16:00', '10000.00', '0.00', 1, '', 1, '2020-10-31 15:16:57'),
(1021, 122, 17, '2020-10-31 15:16:00', '20000.00', '0.00', 2, '', 1, '2020-10-31 15:17:02'),
(1022, 19, 17, '2020-10-31 15:21:00', '421876.00', '0.00', 2, '', 1, '2020-10-31 15:16:41'),
(1023, 19, 16, '2020-10-31 15:21:00', '1800.00', '0.00', 1, '', 1, '2020-10-31 15:16:46'),
(1024, 15, 17, '2020-10-31 15:21:00', '346716.00', '0.00', 2, '', 1, '2020-10-31 15:16:35'),
(1025, 78, 17, '2020-10-31 15:22:00', '40000.00', '0.00', 2, '', 1, '2020-10-31 15:16:11'),
(1026, 78, 16, '2020-10-31 15:22:00', '10000.00', '0.00', 1, '', 1, '2020-10-31 15:16:16'),
(1027, 28, 16, '2020-10-31 15:22:00', '25000.00', '0.00', 1, '', 1, '2020-10-31 15:16:22'),
(1028, 37, 16, '2020-10-31 15:22:00', '10000.00', '0.00', 1, '', 1, '2020-10-31 15:16:29'),
(1029, 37, 17, '2020-10-31 15:23:00', '40000.00', '0.00', 2, '', 1, '2020-10-31 15:15:52'),
(1030, 32, 16, '2020-10-26 15:23:00', '25000.00', '0.00', 1, '', 1, '2020-11-09 06:54:06'),
(1031, 32, 17, '2020-10-31 15:23:00', '25000.00', '0.00', 2, '', 1, '2020-10-31 15:16:06'),
(1032, 35, 16, '2020-10-31 15:24:00', '20000.00', '0.00', 1, '', 1, '2020-10-31 15:15:47'),
(1033, 119, 17, '2020-10-31 15:25:00', '20000.00', '0.00', 2, '', 1, '2020-10-31 15:15:35'),
(1034, 8, 17, '2020-10-31 15:25:00', '70000.00', '0.00', 2, '', 1, '2020-10-31 15:15:41'),
(1035, 8, 16, '2020-10-31 15:26:00', '30000.00', '0.00', 1, '', 1, '2020-10-31 15:14:54'),
(1036, 55, 16, '2020-10-07 15:32:00', '17000.00', '0.00', 6, '', 1, '2020-12-11 09:02:51'),
(1037, 47, 16, '2020-10-31 15:33:00', '0.00', '2000.00', 6, '', 1, '2020-10-31 10:33:43'),
(1038, 117, 16, '2020-10-31 15:35:00', '0.00', '1000.00', 6, '', 1, '2020-10-31 10:35:24'),
(1039, 62, 16, '2020-10-31 15:35:00', '10350.00', '0.00', 6, '', 1, '2020-11-30 07:07:41'),
(1040, 50, 16, '2020-10-31 15:35:00', '6000.00', '0.00', 6, '', 1, '2020-11-30 06:12:21'),
(1041, 35, 16, '2020-10-31 15:36:00', '6800.00', '0.00', 6, '', 1, '2020-11-30 02:05:37'),
(1042, 37, 17, '2020-10-31 15:37:00', '9205.00', '0.00', 7, '', 1, '2020-11-30 14:20:59'),
(1043, 42, 17, '2020-10-31 15:38:00', '1955.00', '0.00', 7, '', 1, '2020-11-30 12:43:05'),
(1044, 71, 17, '2020-10-31 15:38:00', '12800.00', '0.00', 7, '', 1, '2020-11-30 14:23:59'),
(1045, 62, 17, '2020-10-31 15:39:00', '9000.00', '0.00', 7, '', 1, '2020-11-30 13:57:16'),
(1046, 19, 17, '2020-10-31 15:39:00', '9920.00', '0.00', 7, '', 1, '2020-11-30 12:57:37'),
(1047, 52, 17, '2020-10-31 15:39:00', '6064.00', '0.00', 7, '', 1, '2020-11-07 08:13:02'),
(1048, 127, 17, '2020-10-31 15:40:00', '360.00', '0.00', 7, '', 1, '2020-11-30 13:48:16'),
(1049, 71, 17, '2020-10-31 15:40:00', '9600.00', '0.00', 7, '', 1, '2020-11-30 14:23:45'),
(1050, 55, 17, '2020-10-31 15:40:00', '11000.00', '0.00', 7, '', 1, '2020-11-30 14:32:29'),
(1051, 114, 17, '2020-10-31 15:40:00', '14280.00', '0.00', 7, '', 1, '2020-11-30 14:25:40'),
(1052, 62, 17, '2020-10-31 15:41:00', '3250.00', '0.00', 7, '', 1, '2020-11-30 13:57:05'),
(1053, 42, 17, '2020-10-31 15:41:00', '14112.00', '0.00', 7, '', 1, '2020-11-30 12:43:42'),
(1054, 16, 17, '2020-10-31 15:42:00', '0.00', '4305.00', 7, '', 1, '2020-10-31 10:42:18'),
(1055, 52, 17, '2020-10-31 15:42:00', '8427.00', '0.00', 7, '', 1, '2020-11-07 08:12:38'),
(1056, 23, 17, '2020-10-31 15:42:00', '2135.00', '0.00', 7, '', 1, '2020-11-30 12:32:40'),
(1057, 52, 17, '2020-10-31 15:42:00', '1016.00', '0.00', 7, '', 1, '2020-11-07 08:12:49'),
(1058, 37, 17, '2020-10-31 15:43:00', '1120.00', '0.00', 7, '', 1, '2020-11-30 14:20:48'),
(1059, 3, 17, '2020-10-31 15:43:00', '20000.00', '0.00', 7, '', 1, '2020-11-30 12:23:52'),
(1061, 27, 17, '2020-10-31 16:45:00', '0.00', '0.00', 0, '', 1, '2020-10-31 11:45:30'),
(1063, 42, 17, '2020-10-02 16:56:00', '5439.00', '0.00', 7, '', 1, '2020-11-30 12:42:38'),
(1064, 65, 17, '2020-10-31 17:21:00', '0.00', '0.00', 0, '', 1, '2020-10-31 12:21:50'),
(1066, 37, 17, '2020-10-01 17:25:00', '72150.00', '0.00', 7, '', 1, '2020-11-30 14:20:29'),
(1067, 52, 17, '2020-09-30 17:31:00', '0.00', '9440.00', 7, '', 1, '2020-11-07 08:08:57'),
(1068, 23, 17, '2020-10-01 17:36:00', '1810.00', '0.00', 7, '', 1, '2020-11-30 12:32:21'),
(1069, 116, 17, '2020-10-01 17:37:00', '0.00', '10200.00', 7, '', 1, '2020-10-31 12:38:04'),
(1070, 6, 17, '2020-10-01 17:40:00', '0.00', '0.00', 7, '', 1, '2020-11-02 11:21:28'),
(1071, 39, 17, '2020-10-01 17:41:00', '8100.00', '0.00', 7, '', 1, '2020-11-30 14:26:47'),
(1072, 55, 17, '2020-09-30 17:50:00', '40000.00', '0.00', 7, '', 1, '2020-11-15 12:29:11'),
(1073, 50, 17, '2020-10-01 13:54:00', '58130.00', '0.00', 7, '', 1, '2020-11-30 13:43:25'),
(1074, 74, 17, '2020-10-01 17:56:00', '32640.00', '0.00', 7, '', 1, '2020-11-30 12:34:09'),
(1075, 13, 0, '2020-10-31 18:04:56', '0.00', '0.00', 15, 'Payment against Delivery #60', 1, '2020-10-31 13:04:56'),
(1076, 13, 17, '2020-10-01 18:06:00', '1325.00', '0.00', 7, '', 1, '2020-11-30 12:35:10'),
(1077, 63, 17, '2020-10-31 19:06:00', '2400.00', '0.00', 7, '', 1, '2020-11-30 14:03:58'),
(1078, 44, 17, '2020-10-31 19:09:00', '0.00', '0.00', 0, '', 1, '2020-10-31 14:09:28'),
(1079, 74, 17, '2020-10-31 19:11:00', '0.00', '0.00', 0, '', 1, '2020-10-31 14:12:03'),
(1080, 74, 17, '2020-10-31 19:12:00', '0.00', '0.00', 0, '', 1, '2020-10-31 14:12:30'),
(1081, 100, 17, '2020-10-31 19:14:00', '0.00', '0.00', 0, '', 1, '2020-10-31 14:14:38'),
(1082, 17, 17, '2020-10-31 19:15:00', '0.00', '1325.00', 0, '', 1, '2020-10-31 14:17:03'),
(1083, 60, 17, '2020-10-31 19:17:00', '0.00', '0.00', 7, '', 1, '2020-10-31 14:18:08'),
(1084, 40, 17, '2020-10-31 19:19:00', '0.00', '0.00', 7, '', 1, '2020-10-31 14:19:52'),
(1085, 6, 17, '2020-10-31 19:20:00', '0.00', '0.00', 7, '', 1, '2020-10-31 14:20:56'),
(1086, 61, 17, '2020-10-31 19:22:00', '0.00', '0.00', 7, '', 1, '2020-10-31 14:22:31'),
(1087, 5, 17, '2020-10-31 19:23:00', '0.00', '0.00', 7, '', 1, '2020-10-31 14:23:44'),
(1088, 66, 16, '2020-10-31 19:24:00', '110000.00', '0.00', 1, '', 1, '2020-11-30 07:20:49'),
(1089, 49, 17, '2020-10-31 19:26:00', '0.00', '0.00', 7, '', 1, '2020-10-31 14:26:23'),
(1090, 104, 17, '2020-10-31 19:29:00', '0.00', '0.00', 7, '', 1, '2020-10-31 14:29:12'),
(1091, 43, 17, '2020-10-31 19:30:00', '0.00', '0.00', 7, '', 1, '2020-10-31 14:30:21'),
(1092, 65, 17, '2020-10-31 19:31:00', '0.00', '0.00', 7, '', 1, '2020-10-31 14:31:24'),
(1093, 109, 17, '2020-10-31 19:32:00', '0.00', '0.00', 7, '', 1, '2020-10-31 14:33:11'),
(1094, 110, 17, '2020-10-31 19:34:00', '0.00', '0.00', 7, '', 1, '2020-10-31 14:34:16'),
(1095, 106, 17, '2020-10-31 19:35:00', '0.00', '0.00', 7, '', 1, '2020-10-31 14:35:36'),
(1096, 113, 17, '2020-10-31 19:36:00', '0.00', '0.00', 7, '', 1, '2020-10-31 14:36:40'),
(1097, 112, 17, '2020-10-31 19:37:00', '0.00', '0.00', 7, '', 1, '2020-10-31 14:37:42'),
(1098, 119, 17, '2020-10-31 19:38:00', '0.00', '0.00', 7, '', 1, '2020-10-31 14:39:00'),
(1099, 58, 17, '2020-10-31 19:39:00', '0.00', '0.00', 7, '', 1, '2020-10-31 14:40:06'),
(1100, 111, 17, '2020-10-31 19:41:00', '0.00', '0.00', 7, '', 1, '2020-10-31 14:41:13'),
(1102, 38, 16, '2020-11-01 20:09:00', '0.00', '0.00', 0, '', 1, '2020-11-01 15:09:25'),
(1103, 38, 16, '2020-10-31 20:11:00', '0.00', '0.00', 6, '', 1, '2020-11-01 15:12:16'),
(1104, 47, 16, '2020-10-31 20:15:00', '0.00', '0.00', 6, '', 1, '2020-11-01 15:15:42'),
(1105, 140, 16, '2020-10-31 20:18:00', '0.00', '0.00', 1, '', 1, '2020-11-01 15:18:37'),
(1107, 74, 16, '2020-10-31 20:24:00', '0.00', '0.00', 1, '', 1, '2020-11-01 15:26:34'),
(1108, 50, 16, '2020-10-01 13:29:00', '47814.00', '0.00', 6, '', 1, '2020-11-30 06:12:10'),
(1109, 55, 16, '2020-09-29 20:31:00', '78240.00', '0.00', 6, '', 1, '2020-12-11 09:03:40'),
(1110, 17, 16, '2020-10-01 20:34:00', '164290.00', '0.00', 6, '', 1, '2020-11-30 15:13:14'),
(1111, 13, 16, '2020-10-01 20:38:00', '51675.00', '0.00', 6, '', 1, '2020-11-30 15:07:30'),
(1112, 7, 16, '2020-10-01 20:44:00', '17200.00', '0.00', 6, '', 1, '2020-11-30 14:57:27'),
(1113, 33, 16, '2020-10-31 20:45:00', '0.00', '0.00', 6, '', 1, '2020-11-01 15:46:11'),
(1114, 19, 16, '2020-10-01 20:47:00', '794403.00', '0.00', 6, '', 1, '2020-11-30 15:14:23'),
(1115, 117, 16, '2020-10-31 20:52:00', '0.00', '0.00', 6, '', 1, '2020-11-01 15:53:01'),
(1116, 40, 16, '2020-10-01 20:54:00', '0.00', '0.00', 6, '', 1, '2020-11-01 15:54:36'),
(1117, 39, 16, '2020-10-31 20:56:00', '0.00', '2500.00', 6, '', 1, '2020-11-01 15:57:18'),
(1118, 16, 16, '2020-10-31 20:57:00', '0.00', '0.00', 6, '', 1, '2020-11-01 15:57:58'),
(1119, 6, 17, '2020-10-01 21:01:00', '157935.00', '0.00', 1, '', 1, '2020-11-30 14:37:39'),
(1120, 29, 16, '2020-10-31 21:02:00', '0.00', '0.00', 1, '', 1, '2020-11-01 16:02:40'),
(1121, 29, 16, '2020-10-01 21:03:00', '254480.00', '0.00', 1, '', 1, '2020-11-30 01:55:45'),
(1122, 78, 16, '2020-10-01 21:05:00', '50000.00', '0.00', 1, '', 1, '2020-11-30 15:10:58'),
(1123, 32, 16, '2020-09-30 21:08:00', '106430.00', '0.00', 6, '', 1, '2020-11-09 06:53:24'),
(1124, 5, 16, '2020-10-01 21:09:00', '0.00', '0.00', 6, '', 1, '2020-11-01 16:09:39'),
(1125, 30, 16, '2020-10-01 21:11:00', '66000.00', '0.00', 1, '', 1, '2020-11-30 01:59:29'),
(1126, 37, 16, '2020-10-01 21:18:00', '227620.00', '0.00', 1, '', 1, '2020-11-30 02:08:02'),
(1127, 12, 16, '2020-10-01 21:24:00', '404600.00', '0.00', 1, '', 1, '2020-11-30 15:06:05'),
(1128, 43, 16, '2020-10-01 21:26:00', '60400.00', '0.00', 1, '', 1, '2020-11-30 02:27:04'),
(1130, 8, 16, '2020-10-01 21:29:00', '2516.00', '0.00', 1, '', 1, '2020-11-30 14:59:19'),
(1131, 62, 16, '2020-10-01 21:31:00', '0.00', '0.00', 1, '', 1, '2020-11-01 16:31:18'),
(1132, 62, 16, '2020-10-01 21:32:00', '53220.00', '0.00', 1, '', 1, '2020-11-30 07:07:22'),
(1133, 22, 16, '2020-10-01 21:36:00', '1600.00', '0.00', 8, '', 1, '2020-12-01 01:41:22'),
(1134, 28, 16, '2020-10-01 21:39:00', '42000.00', '0.00', 1, '', 1, '2020-11-30 01:54:48'),
(1135, 34, 16, '2020-10-31 21:40:00', '0.00', '0.00', 1, '', 1, '2020-11-01 16:40:38'),
(1136, 54, 0, '2020-11-01 22:10:06', '0.00', '0.00', 15, 'Payment against Delivery #10234', 1, '2020-11-01 17:10:06'),
(1137, 54, 0, '2020-11-01 22:10:37', '0.00', '0.00', 15, 'Payment against Delivery #10235', 1, '2020-11-01 17:10:37'),
(1138, 19, 17, '2020-10-15 14:47:00', '98240.00', '0.00', 7, '', 1, '2020-11-30 12:57:17'),
(1139, 19, 16, '2020-10-31 14:48:00', '0.00', '200.00', 8, '', 1, '2020-11-02 09:57:08'),
(1140, 6, 16, '2020-10-15 14:49:00', '0.00', '0.00', 6, '', 1, '2020-11-02 12:18:56'),
(1141, 29, 17, '2020-10-29 14:49:00', '55125.00', '0.00', 7, '', 1, '2020-11-30 13:38:11'),
(1142, 6, 17, '2020-10-22 14:50:00', '52185.00', '0.00', 7, '', 1, '2020-11-30 14:37:06'),
(1143, 142, 17, '2020-10-31 14:51:00', '0.00', '500.00', 7, '', 1, '2020-11-02 09:51:57'),
(1144, 6, 0, '2020-10-02 17:29:00', '0.00', '5425.00', 6, '', 1, '2020-11-02 12:30:29'),
(1145, 44, 0, '2020-11-05 11:14:38', '0.00', '0.00', 15, 'Payment against Delivery #000', 1, '2020-11-05 06:14:38'),
(1146, 118, 0, '2020-11-05 11:30:36', '0.00', '0.00', 15, 'Payment against Delivery #3042', 1, '2020-11-05 06:30:36'),
(1147, 36, 0, '2020-11-05 11:31:12', '0.00', '0.00', 15, 'Payment against Delivery #3043', 1, '2020-11-05 06:31:12'),
(1148, 55, 0, '2020-11-05 11:31:47', '0.00', '0.00', 15, 'Payment against Delivery #3044', 1, '2020-11-05 06:31:47'),
(1149, 51, 0, '2020-11-05 11:32:19', '0.00', '0.00', 15, 'Payment against Delivery #3045', 1, '2020-11-05 06:32:19'),
(1150, 8, 0, '2020-11-05 11:34:00', '0.00', '0.00', 15, 'Payment against Delivery #3046', 1, '2020-11-05 06:34:00'),
(1151, 8, 0, '2020-11-05 11:34:54', '0.00', '0.00', 15, 'Payment against Delivery #3047', 1, '2020-11-05 06:34:54'),
(1152, 66, 0, '2020-11-05 11:35:57', '0.00', '0.00', 15, 'Payment against Delivery #3048', 1, '2020-11-05 06:35:57'),
(1153, 103, 0, '2020-11-05 11:36:20', '0.00', '0.00', 15, 'Payment against Delivery #3049', 1, '2020-11-05 06:36:20'),
(1154, 32, 0, '2020-11-05 11:36:40', '0.00', '0.00', 15, 'Payment against Delivery #3050', 1, '2020-11-05 06:36:40'),
(1155, 37, 0, '2020-11-05 11:36:59', '0.00', '0.00', 15, 'Payment against Delivery #3051', 1, '2020-11-05 06:36:59'),
(1156, 37, 0, '2020-11-05 11:37:19', '0.00', '0.00', 15, 'Payment against Delivery #3052', 1, '2020-11-05 06:37:19'),
(1157, 52, 0, '2020-11-05 11:37:41', '0.00', '0.00', 15, 'Payment against Delivery #3053', 1, '2020-11-05 06:37:41'),
(1158, 149, 0, '2020-11-05 11:38:27', '0.00', '0.00', 15, 'Payment against Delivery #3054', 1, '2020-11-05 06:38:27'),
(1159, 32, 0, '2020-11-05 11:38:47', '0.00', '0.00', 15, 'Payment against Delivery #3055', 1, '2020-11-05 06:38:47'),
(1160, 8, 0, '2020-11-05 11:39:08', '0.00', '0.00', 15, 'Payment against Delivery #3056', 1, '2020-11-05 06:39:08'),
(1161, 53, 0, '2020-11-05 11:39:29', '0.00', '0.00', 15, 'Payment against Delivery #3057', 1, '2020-11-05 06:39:29'),
(1162, 52, 0, '2020-11-05 11:39:51', '0.00', '0.00', 15, 'Payment against Delivery #3058', 1, '2020-11-05 06:39:51'),
(1163, 55, 0, '2020-11-05 11:40:17', '0.00', '0.00', 15, 'Payment against Delivery #3059', 1, '2020-11-05 06:40:17'),
(1164, 140, 0, '2020-11-05 11:40:41', '0.00', '0.00', 15, 'Payment against Delivery #3060', 1, '2020-11-05 06:40:41'),
(1165, 13, 0, '2020-11-05 11:41:07', '0.00', '0.00', 15, 'Payment against Delivery #3061', 1, '2020-11-05 06:41:07'),
(1166, 6, 0, '2020-11-05 11:41:29', '0.00', '0.00', 15, 'Payment against Delivery #3062', 1, '2020-11-07 08:20:07'),
(1168, 28, 0, '2020-11-05 12:20:05', '0.00', '0.00', 15, 'Payment against Delivery #10037', 1, '2020-11-05 07:20:05'),
(1173, 6, 0, '2020-11-05 12:23:10', '0.00', '0.00', 15, 'Payment against Delivery #10044', 1, '2020-11-05 07:23:10'),
(1175, 71, 0, '2020-11-05 12:24:11', '0.00', '0.00', 15, 'Payment against Delivery #10046', 1, '2020-11-05 07:24:11'),
(1176, 12, 0, '2020-11-05 12:25:05', '0.00', '0.00', 15, 'Payment against Delivery #10047', 1, '2020-11-05 07:25:05'),
(1177, 22, 0, '2020-11-05 12:25:33', '0.00', '0.00', 15, 'Payment against Delivery #10048', 1, '2020-11-05 07:25:33'),
(1179, 12, 0, '2020-11-05 12:26:26', '0.00', '0.00', 15, 'Payment against Delivery #10050', 1, '2020-11-05 07:26:26'),
(1181, 22, 0, '2020-11-05 12:27:22', '0.00', '0.00', 15, 'Payment against Delivery #10052', 1, '2020-11-05 07:27:22'),
(1183, 8, 0, '2020-11-05 12:28:23', '0.00', '0.00', 15, 'Payment against Delivery #10054', 1, '2020-11-05 07:28:23'),
(1184, 52, 17, '2020-09-30 13:02:00', '50000.00', '0.00', 2, '', 1, '2020-11-07 08:04:45'),
(1185, 52, 17, '2020-10-01 13:09:00', '9440.00', '0.00', 7, '', 1, '2020-11-07 08:13:14'),
(1186, 32, 17, '2020-10-20 11:48:00', '2400.00', '0.00', 7, '', 1, '2020-11-09 06:49:09'),
(1188, 32, 0, '2020-11-09 12:07:43', '0.00', '0.00', 15, 'Payment against Delivery #000', 1, '2020-11-09 07:07:43'),
(1189, 32, 0, '2020-11-09 12:09:58', '0.00', '0.00', 15, 'Payment against Delivery #0001', 1, '2020-11-09 07:09:58'),
(1191, 16, 17, '2020-10-31 12:20:00', '4305.00', '0.00', 7, 'Payment against Delivery #3063', 1, '2020-11-30 13:27:42'),
(1192, 150, 0, '2020-11-09 12:21:11', '0.00', '0.00', 15, 'Payment against Delivery #3064', 1, '2020-11-09 07:21:11'),
(1193, 3, 0, '2020-11-09 12:23:11', '0.00', '0.00', 15, 'Payment against Delivery #3065', 1, '2020-11-09 07:23:11'),
(1194, 51, 0, '2020-11-09 12:23:41', '0.00', '0.00', 15, 'Payment against Delivery #3066', 1, '2020-11-09 07:23:41'),
(1195, 6, 0, '2020-11-09 12:24:26', '0.00', '0.00', 15, 'Payment against Delivery #3067', 1, '2020-11-09 07:24:26'),
(1196, 32, 0, '2020-11-09 12:25:00', '0.00', '0.00', 15, 'Payment against Delivery #3068', 1, '2020-11-09 07:25:00'),
(1197, 37, 0, '2020-11-09 12:25:36', '0.00', '0.00', 15, 'Payment against Delivery #3069', 1, '2020-11-09 07:25:36'),
(1198, 140, 0, '2020-11-09 12:26:10', '0.00', '0.00', 15, 'Payment against Delivery #3070', 1, '2020-11-09 07:26:10'),
(1199, 37, 0, '2020-11-17 09:28:34', '0.00', '0.00', 15, 'Payment against Delivery #3071', 1, '2020-11-17 04:28:34'),
(1200, 6, 0, '2020-11-17 09:29:03', '0.00', '0.00', 15, 'Payment against Delivery #3071', 1, '2020-11-17 04:29:03'),
(1201, 135, 0, '2020-11-17 09:30:19', '0.00', '0.00', 15, 'Payment against Delivery #3073', 1, '2020-11-17 04:30:19'),
(1202, 8, 0, '2020-11-17 09:31:22', '0.00', '0.00', 15, 'Payment against Delivery #3074', 1, '2020-11-17 04:31:22'),
(1203, 118, 0, '2020-11-17 09:31:48', '0.00', '0.00', 15, 'Payment against Delivery #3075', 1, '2020-11-17 04:31:48'),
(1204, 152, 0, '2020-11-17 09:32:18', '0.00', '0.00', 15, 'Payment against Delivery #3076', 1, '2020-11-17 04:32:18'),
(1205, 34, 0, '2020-11-17 09:32:41', '0.00', '0.00', 15, 'Payment against Delivery #3077', 1, '2020-11-17 04:32:41'),
(1206, 8, 0, '2020-11-17 09:33:05', '0.00', '0.00', 15, 'Payment against Delivery #3078', 1, '2020-11-17 04:33:05'),
(1207, 27, 0, '2020-11-17 09:33:41', '0.00', '0.00', 15, 'Payment against Delivery #3079', 1, '2020-11-17 04:33:41'),
(1208, 52, 0, '2020-11-17 09:34:17', '0.00', '0.00', 15, 'Payment against Delivery #3080', 1, '2020-11-17 04:34:17'),
(1209, 42, 0, '2020-11-17 09:34:41', '0.00', '0.00', 15, 'Payment against Delivery #3081', 1, '2020-11-17 04:34:41'),
(1210, 151, 0, '2020-11-17 09:35:21', '0.00', '0.00', 15, 'Payment against Delivery #3082', 1, '2020-11-17 04:35:21'),
(1211, 124, 0, '2020-11-17 09:35:52', '0.00', '0.00', 15, 'Payment against Delivery #3083', 1, '2020-11-17 04:35:52'),
(1212, 102, 0, '2020-11-17 09:36:20', '0.00', '0.00', 15, 'Payment against Delivery #3084', 1, '2020-11-17 04:36:20'),
(1213, 37, 0, '2020-11-17 09:36:59', '0.00', '0.00', 15, 'Payment against Delivery #3085', 1, '2020-11-17 04:36:59'),
(1214, 156, 0, '2020-11-17 09:37:31', '0.00', '0.00', 15, 'Payment against Delivery #3086', 1, '2020-11-30 13:51:25'),
(1215, 23, 0, '2020-11-17 09:38:07', '0.00', '0.00', 15, 'Payment against Delivery #3087', 1, '2020-11-17 04:38:07'),
(1216, 6, 0, '2020-11-17 09:38:36', '0.00', '0.00', 15, 'Payment against Delivery #3088', 1, '2020-11-17 04:38:36'),
(1217, 19, 0, '2020-11-17 09:39:08', '0.00', '0.00', 15, 'Payment against Delivery #3089', 1, '2020-11-17 04:39:08'),
(1218, 7, 0, '2020-11-17 09:39:47', '0.00', '0.00', 15, 'Payment against Delivery #3091', 1, '2020-11-17 04:39:47'),
(1219, 8, 0, '2020-11-17 09:40:17', '0.00', '0.00', 15, 'Payment against Delivery #3092', 1, '2020-11-17 04:40:17'),
(1220, 140, 0, '2020-11-17 09:40:50', '0.00', '0.00', 15, 'Payment against Delivery #3093', 1, '2020-11-17 04:40:50'),
(1221, 38, 0, '2020-11-17 09:41:14', '0.00', '0.00', 15, 'Payment against Delivery #3094', 1, '2020-11-17 04:41:14'),
(1222, 71, 0, '2020-11-17 09:42:33', '0.00', '0.00', 15, 'Payment against Delivery #3100', 1, '2020-11-17 04:42:33'),
(1223, 140, 0, '2020-11-17 09:45:53', '0.00', '0.00', 15, 'Payment against Delivery #3101', 1, '2020-11-17 04:45:53'),
(1224, 145, 17, '2020-11-01 10:14:00', '10000.00', '0.00', 2, '', 1, '2020-11-17 05:14:30'),
(1225, 66, 17, '2020-11-01 10:15:00', '25000.00', '0.00', 2, '', 1, '2020-11-17 05:15:47'),
(1226, 12, 17, '2020-11-01 10:15:00', '80000.00', '0.00', 2, '', 1, '2020-11-17 05:16:06'),
(1227, 106, 17, '2020-11-01 10:16:00', '25000.00', '0.00', 2, '', 1, '2020-11-17 05:16:28'),
(1228, 23, 17, '2020-11-04 10:16:00', '50000.00', '0.00', 2, '', 1, '2020-11-17 05:16:53'),
(1229, 74, 17, '2020-11-05 10:16:00', '50000.00', '0.00', 2, '', 1, '2020-11-17 05:17:14'),
(1230, 42, 17, '2020-11-05 10:17:00', '42600.00', '0.00', 2, '', 1, '2020-11-17 05:17:45'),
(1231, 37, 17, '2020-11-05 10:17:00', '25000.00', '0.00', 2, '', 1, '2020-11-17 05:18:03'),
(1232, 43, 17, '2020-11-05 10:18:00', '1000.00', '0.00', 2, '', 1, '2020-11-17 05:18:33'),
(1233, 62, 17, '2020-11-08 10:18:00', '70000.00', '0.00', 2, '', 1, '2020-11-17 05:18:59'),
(1234, 103, 17, '2020-11-08 10:19:00', '50000.00', '0.00', 2, '', 1, '2020-11-17 05:19:25'),
(1235, 71, 17, '2020-11-10 10:19:00', '25000.00', '0.00', 2, '', 1, '2020-11-17 05:19:45'),
(1236, 21, 17, '2020-11-10 10:19:00', '50000.00', '0.00', 2, '', 1, '2020-11-17 05:20:01'),
(1237, 127, 17, '2020-11-10 10:20:00', '5750.00', '0.00', 2, '', 1, '2020-11-17 05:20:26'),
(1238, 40, 17, '2020-11-11 10:20:00', '45600.00', '0.00', 2, '', 1, '2020-11-17 05:21:14'),
(1239, 64, 17, '2020-11-12 10:21:00', '20000.00', '0.00', 2, '', 1, '2020-11-17 05:21:40'),
(1240, 118, 17, '2020-11-15 10:21:00', '20000.00', '0.00', 2, '', 1, '2020-11-17 05:22:12'),
(1241, 32, 17, '2020-11-15 10:22:00', '50000.00', '0.00', 2, '', 1, '2020-11-17 05:22:31'),
(1242, 65, 17, '2020-11-15 10:22:00', '50000.00', '0.00', 2, '', 1, '2020-11-17 05:22:54'),
(1243, 8, 0, '2020-11-16 15:27:54', '0.00', '0.00', 15, 'Payment against Delivery #3102', 1, '2020-11-16 10:27:54'),
(1244, 55, 0, '2020-11-16 15:28:29', '0.00', '0.00', 15, 'Payment against Delivery #3103', 1, '2020-11-16 10:28:29'),
(1245, 37, 0, '2020-11-16 15:29:00', '0.00', '0.00', 15, 'Payment against Delivery #3104', 1, '2020-11-16 10:29:00'),
(1246, 16, 0, '2020-11-16 15:29:28', '0.00', '0.00', 15, 'Payment against Delivery #3105', 1, '2020-11-16 10:29:28'),
(1247, 78, 0, '2020-11-16 15:29:51', '0.00', '0.00', 15, 'Payment against Delivery #3106', 1, '2020-11-16 10:29:51'),
(1248, 32, 0, '2020-11-16 15:30:18', '0.00', '0.00', 15, 'Payment against Delivery #3107', 1, '2020-11-16 10:30:18'),
(1249, 124, 0, '2020-11-16 15:30:53', '0.00', '0.00', 15, 'Payment against Delivery #3108', 1, '2020-11-16 10:30:53'),
(1250, 26, 0, '2020-11-16 15:31:37', '0.00', '0.00', 15, 'Payment against Delivery #3109', 1, '2020-11-16 10:31:37'),
(1251, 114, 0, '2020-11-16 15:32:45', '0.00', '0.00', 15, 'Payment against Delivery #3110', 1, '2020-11-16 10:32:45'),
(1252, 66, 0, '2020-11-16 15:33:17', '0.00', '0.00', 15, 'Payment against Delivery #3111', 1, '2020-11-16 10:33:17'),
(1253, 3, 0, '2020-11-16 15:33:42', '0.00', '0.00', 15, 'Payment against Delivery #3112', 1, '2020-11-16 10:33:42'),
(1254, 78, 0, '2020-11-16 15:34:08', '0.00', '0.00', 15, 'Payment against Delivery #3113', 1, '2020-11-16 10:34:08'),
(1255, 71, 0, '2020-11-16 15:34:49', '0.00', '0.00', 15, 'Payment against Delivery #3114', 1, '2020-11-16 10:34:49'),
(1256, 38, 0, '2020-11-16 15:35:13', '0.00', '0.00', 15, 'Payment against Delivery #3115', 1, '2020-11-16 10:35:13'),
(1257, 19, 0, '2020-11-16 15:38:03', '0.00', '0.00', 15, 'Payment against Delivery #3116', 1, '2020-11-16 10:38:03'),
(1258, 114, 0, '2020-11-16 15:38:39', '0.00', '0.00', 15, 'Payment against Delivery #3117', 1, '2020-11-16 10:38:39'),
(1259, 12, 0, '2020-11-16 15:39:06', '0.00', '0.00', 15, 'Payment against Delivery #3118', 1, '2020-11-16 10:39:06'),
(1260, 126, 0, '2020-11-16 15:39:28', '0.00', '0.00', 15, 'Payment against Delivery #3119', 1, '2020-11-16 10:39:28'),
(1261, 16, 0, '2020-11-16 15:39:57', '0.00', '0.00', 15, 'Payment against Delivery #3120', 1, '2020-11-16 10:39:57'),
(1262, 32, 0, '2020-11-16 15:41:10', '0.00', '0.00', 15, 'Payment against Delivery #3121', 1, '2020-11-16 10:41:10'),
(1263, 140, 0, '2020-11-16 16:03:40', '0.00', '0.00', 15, 'Payment against Delivery #3122', 1, '2020-11-16 11:03:40'),
(1264, 7, 0, '2020-11-16 16:06:51', '0.00', '0.00', 15, 'Payment against Delivery #3097', 1, '2020-11-16 11:06:51'),
(1265, 32, 0, '2020-11-16 16:10:28', '0.00', '0.00', 15, 'Payment against Delivery #3095', 1, '2020-11-16 11:10:28'),
(1266, 78, 0, '2020-11-16 16:12:39', '0.00', '0.00', 15, 'Payment against Delivery #3098', 1, '2020-11-16 11:12:39'),
(1267, 23, 0, '2020-11-16 16:20:09', '0.00', '0.00', 15, 'Payment against Delivery #3099', 1, '2020-11-16 11:20:09'),
(1268, 42, 0, '2020-11-16 16:25:10', '0.00', '0.00', 15, 'Payment against Delivery #3090', 1, '2020-11-16 11:25:10'),
(1269, 131, 0, '2020-11-16 16:27:14', '0.00', '0.00', 15, 'Payment against Delivery #3096', 1, '2020-11-16 11:27:14'),
(1270, 145, 17, '2020-11-02 16:36:00', '2000.00', '0.00', 7, '', 1, '2020-11-16 11:36:48'),
(1271, 16, 17, '2020-11-02 16:37:00', '10045.00', '0.00', 7, '', 1, '2020-11-16 11:37:40'),
(1272, 37, 17, '2020-11-03 16:38:00', '17280.00', '0.00', 7, '', 1, '2020-11-16 11:38:26'),
(1273, 140, 17, '2020-11-03 16:38:00', '43680.00', '0.00', 7, '', 1, '2020-11-16 11:38:49'),
(1274, 43, 17, '2020-11-03 16:38:00', '9400.00', '0.00', 7, '', 1, '2020-11-16 11:39:11'),
(1275, 42, 17, '2020-11-03 16:39:00', '15366.00', '0.00', 7, '', 1, '2020-11-16 11:39:36'),
(1276, 127, 17, '2020-11-03 16:39:00', '5650.00', '0.00', 7, '', 1, '2020-11-16 11:39:59'),
(1277, 37, 17, '2020-11-05 16:40:00', '44000.00', '0.00', 7, '', 1, '2020-11-16 11:40:22'),
(1278, 52, 17, '2020-11-05 16:40:00', '6314.00', '0.00', 7, '', 1, '2020-11-16 11:40:41'),
(1279, 136, 17, '2020-11-05 16:41:00', '1016.00', '0.00', 7, '', 1, '2020-11-16 11:41:41'),
(1280, 55, 17, '2020-11-15 16:41:00', '16320.00', '0.00', 7, '', 1, '2020-12-17 09:46:56'),
(1281, 37, 17, '2020-11-08 16:42:00', '6460.00', '0.00', 7, '', 1, '2020-11-16 11:42:23'),
(1282, 55, 17, '2020-11-08 16:42:00', '7000.00', '0.00', 7, '', 1, '2020-11-16 11:42:56'),
(1283, 6, 17, '2020-11-08 16:42:00', '5600.00', '0.00', 7, '', 1, '2020-11-16 11:43:18'),
(1284, 19, 17, '2020-11-08 16:43:00', '40800.00', '0.00', 7, '', 1, '2020-11-16 11:43:40'),
(1285, 150, 17, '2020-11-08 16:43:00', '1600.00', '0.00', 7, '', 1, '2020-11-16 11:43:59'),
(1286, 32, 17, '2020-11-08 16:44:00', '16500.00', '0.00', 7, '', 1, '2020-11-16 11:44:19'),
(1287, 42, 17, '2020-11-15 16:44:00', '23490.00', '0.00', 7, '', 1, '2020-11-16 11:44:46'),
(1288, 53, 17, '2020-11-16 16:44:00', '57600.00', '0.00', 7, '', 1, '2020-11-16 11:45:12'),
(1289, 26, 17, '2020-11-16 16:45:00', '52750.00', '0.00', 7, '', 1, '2020-11-16 11:45:32'),
(1290, 32, 17, '2020-11-23 16:45:00', '28800.00', '0.00', 7, '', 1, '2020-11-16 11:45:57'),
(1291, 124, 17, '2020-11-23 16:46:00', '2600.00', '0.00', 7, '', 1, '2020-11-16 11:46:21'),
(1292, 102, 17, '2020-11-23 16:46:00', '10760.00', '0.00', 7, '', 1, '2020-11-16 11:46:40'),
(1293, 51, 17, '2020-11-16 16:49:00', '40000.00', '0.00', 2, '', 1, '2020-11-16 11:49:39'),
(1294, 78, 17, '2020-11-16 16:50:00', '55000.00', '0.00', 2, '', 1, '2020-11-16 11:50:17'),
(1295, 149, 17, '2020-11-16 16:50:00', '30000.00', '0.00', 2, '', 1, '2020-11-16 11:50:45'),
(1296, 16, 17, '2020-11-16 16:50:00', '50000.00', '0.00', 2, '', 1, '2020-11-16 11:51:06'),
(1297, 124, 17, '2020-11-22 16:52:00', '20000.00', '0.00', 2, '', 1, '2020-11-16 11:52:54'),
(1298, 49, 17, '2020-11-22 16:53:00', '10000.00', '0.00', 2, '', 1, '2020-11-16 11:53:21'),
(1299, 140, 17, '2020-11-22 16:53:00', '50000.00', '0.00', 2, '', 1, '2020-11-16 11:53:41'),
(1300, 7, 17, '2020-11-22 16:53:00', '50000.00', '0.00', 2, '', 1, '2020-11-16 11:54:02'),
(1301, 9, 17, '2020-11-22 16:54:00', '40000.00', '0.00', 2, '', 1, '2020-11-16 11:54:22'),
(1302, 52, 17, '2020-11-22 16:54:00', '50000.00', '0.00', 2, '', 1, '2020-11-16 11:54:42'),
(1303, 71, 17, '2020-11-22 16:54:00', '25000.00', '0.00', 2, '', 1, '2020-11-16 11:55:09'),
(1304, 68, 17, '2020-11-22 16:55:00', '40000.00', '0.00', 2, '', 1, '2020-11-16 11:55:28'),
(1305, 131, 17, '2020-11-22 16:55:00', '30000.00', '0.00', 2, '', 1, '2020-11-16 11:55:57'),
(1306, 110, 17, '2020-11-23 16:56:00', '20000.00', '0.00', 2, '', 1, '2020-11-16 11:56:20'),
(1307, 112, 17, '2020-11-23 16:56:00', '20000.00', '0.00', 2, '', 1, '2020-11-16 11:56:39'),
(1308, 61, 17, '2020-11-23 16:56:00', '100000.00', '0.00', 2, '', 1, '2020-11-16 11:57:12'),
(1309, 55, 17, '2020-11-23 16:57:00', '100000.00', '0.00', 2, '', 1, '2020-11-16 11:57:36'),
(1310, 36, 17, '2020-11-23 16:57:00', '50000.00', '0.00', 2, '', 1, '2020-11-16 11:58:04');
INSERT INTO `customer_payment` (`id`, `customer_id`, `machine_id`, `datetime_added`, `amount`, `discount`, `account_id`, `details`, `status`, `ts`) VALUES
(1311, 6, 17, '2020-11-23 16:58:00', '30000.00', '0.00', 2, '', 1, '2020-11-16 11:58:25'),
(1312, 12, 17, '2020-11-25 16:58:00', '50000.00', '0.00', 2, '', 1, '2020-11-16 11:58:55'),
(1313, 124, 17, '2020-11-29 16:59:00', '20000.00', '0.00', 2, '', 1, '2020-11-16 11:59:24'),
(1314, 63, 17, '2020-11-29 16:59:00', '20000.00', '0.00', 2, '', 1, '2020-11-16 11:59:46'),
(1315, 126, 17, '2020-11-29 16:59:00', '20000.00', '0.00', 2, '', 1, '2020-11-16 12:00:06'),
(1316, 37, 17, '2020-11-29 17:00:00', '20000.00', '0.00', 2, '', 1, '2020-11-16 12:00:23'),
(1317, 62, 17, '2020-11-29 17:00:00', '20000.00', '0.00', 2, '', 1, '2020-11-16 12:00:44'),
(1318, 102, 17, '2020-11-30 17:00:00', '40000.00', '0.00', 2, '', 1, '2020-11-16 12:01:06'),
(1319, 41, 0, '2020-11-30 17:27:06', '0.00', '0.00', 15, 'Payment against Delivery #000', 1, '2020-11-30 12:27:06'),
(1320, 41, 17, '2020-11-30 17:28:00', '0.00', '0.00', 0, '', 1, '2020-11-30 12:28:42'),
(1321, 5, 17, '2020-11-30 17:35:00', '0.00', '0.00', 2, '', 1, '2020-11-30 12:36:05'),
(1322, 104, 17, '2020-11-30 17:37:00', '0.00', '0.00', 2, '', 1, '2020-11-30 12:37:28'),
(1323, 44, 17, '2020-11-30 17:38:00', '0.00', '0.00', 2, '', 1, '2020-11-30 12:38:13'),
(1324, 30, 17, '2020-11-30 17:39:00', '0.00', '0.00', 2, '', 1, '2020-11-30 12:39:43'),
(1325, 122, 17, '2020-10-01 17:59:00', '5360.00', '0.00', 2, '', 1, '2020-11-30 13:04:19'),
(1326, 9, 17, '2020-11-30 18:10:00', '0.00', '0.00', 2, '', 1, '2020-11-30 13:10:12'),
(1327, 122, 17, '2020-11-30 18:10:00', '0.00', '0.00', 2, '', 1, '2020-11-30 13:10:57'),
(1328, 60, 17, '2020-11-30 18:13:00', '0.00', '0.00', 0, '', 1, '2020-11-30 13:13:58'),
(1329, 54, 17, '2020-11-30 18:15:00', '0.00', '0.00', 0, '', 1, '2020-11-30 13:15:11'),
(1330, 144, 17, '2020-11-30 18:15:00', '0.00', '0.00', 0, '', 1, '2020-11-30 13:15:39'),
(1331, 33, 17, '2020-11-30 18:20:00', '0.00', '0.00', 0, '', 1, '2020-11-30 13:21:03'),
(1332, 146, 17, '2020-11-30 18:22:00', '0.00', '0.00', 0, '', 1, '2020-11-30 13:22:33'),
(1333, 141, 17, '2020-11-30 18:23:00', '0.00', '0.00', 0, '', 1, '2020-11-30 13:23:27'),
(1334, 106, 17, '2020-11-30 18:23:00', '0.00', '0.00', 0, '', 1, '2020-11-30 13:23:53'),
(1335, 151, 17, '2020-11-30 18:24:00', '0.00', '0.00', 0, '', 1, '2020-11-30 13:24:44'),
(1336, 119, 17, '2020-11-30 18:31:00', '0.00', '0.00', 0, '', 1, '2020-11-30 13:31:20'),
(1337, 29, 17, '2020-11-30 18:35:00', '0.00', '0.00', 0, '', 1, '2020-11-30 13:35:38'),
(1338, 50, 17, '2020-11-30 18:41:00', '0.00', '0.00', 0, '', 1, '2020-11-30 13:41:47'),
(1339, 127, 17, '2020-11-30 18:47:00', '0.00', '0.00', 0, '', 1, '2020-11-30 13:47:46'),
(1340, 109, 17, '2020-11-30 18:49:00', '0.00', '0.00', 0, '', 1, '2020-11-30 13:49:45'),
(1341, 110, 17, '2020-11-30 18:52:00', '0.00', '0.00', 0, '', 1, '2020-11-30 13:52:56'),
(1342, 111, 17, '2020-11-30 18:55:00', '0.00', '0.00', 0, '', 1, '2020-11-30 13:55:20'),
(1343, 100, 17, '2020-11-30 18:57:00', '0.00', '0.00', 0, '', 1, '2020-11-30 13:57:44'),
(1344, 113, 17, '2020-11-30 19:04:00', '0.00', '0.00', 0, '', 1, '2020-11-30 14:04:46'),
(1345, 58, 17, '2020-11-30 19:07:00', '0.00', '0.00', 0, '', 1, '2020-11-30 14:07:35'),
(1346, 28, 17, '2020-11-30 19:09:00', '0.00', '0.00', 0, '', 1, '2020-11-30 14:09:46'),
(1347, 56, 17, '2020-11-30 19:10:00', '0.00', '0.00', 0, '', 1, '2020-11-30 14:10:49'),
(1348, 150, 17, '2020-11-30 19:24:00', '0.00', '0.00', 0, '', 1, '2020-11-30 14:24:25'),
(1349, 39, 17, '2020-11-30 19:25:00', '0.00', '0.00', 0, '', 1, '2020-11-30 14:26:02'),
(1350, 64, 17, '2020-11-30 19:30:00', '0.00', '0.00', 0, '', 1, '2020-11-30 14:30:49'),
(1351, 17, 17, '2020-11-30 19:32:00', '0.00', '0.00', 0, '', 1, '2020-11-30 14:33:02'),
(1352, 40, 17, '2020-11-30 19:39:00', '0.00', '0.00', 0, '', 1, '2020-11-30 14:39:21'),
(1353, 51, 17, '2020-11-30 19:39:00', '0.00', '0.00', 0, '', 1, '2020-11-30 14:40:05'),
(1354, 154, 17, '2020-11-30 19:41:00', '0.00', '0.00', 0, '', 1, '2020-11-30 14:42:11'),
(1355, 116, 17, '2020-11-30 19:43:00', '0.00', '0.00', 0, '', 1, '2020-11-30 14:44:04'),
(1356, 35, 17, '2020-11-30 19:49:00', '0.00', '0.00', 0, '', 1, '2020-11-30 14:50:01'),
(1357, 23, 0, '2020-11-30 20:24:34', '0.00', '0.00', 15, 'Payment against Delivery #10101', 1, '2020-11-30 15:24:34'),
(1359, 54, 0, '2020-11-30 20:26:29', '0.00', '0.00', 15, 'Payment against Delivery #10103', 1, '2020-11-30 15:26:29'),
(1360, 40, 0, '2020-11-30 20:27:29', '0.00', '0.00', 15, 'Payment against Delivery #10104', 1, '2020-11-30 15:27:29'),
(1361, 65, 0, '2020-11-30 20:28:08', '0.00', '0.00', 15, 'Payment against Delivery #10105', 1, '2020-11-30 15:28:08'),
(1362, 144, 0, '2020-11-30 20:28:53', '0.00', '0.00', 15, 'Payment against Delivery #10106', 1, '2020-11-30 15:28:53'),
(1363, 37, 0, '2020-11-30 20:29:31', '0.00', '0.00', 15, 'Payment against Delivery #10107', 1, '2020-11-30 15:29:31'),
(1365, 9, 0, '2020-11-30 20:31:21', '0.00', '0.00', 15, 'Payment against Delivery #10109', 1, '2020-11-30 15:31:21'),
(1366, 54, 0, '2020-11-30 20:31:56', '0.00', '0.00', 15, 'Payment against Delivery #10110', 1, '2020-11-30 15:31:56'),
(1370, 54, 0, '2020-11-03 14:50:54', '0.00', '0.00', 15, 'Payment against Delivery #10039', 1, '2020-11-03 09:50:54'),
(1371, 27, 0, '2020-11-03 14:51:54', '0.00', '0.00', 15, 'Payment against Delivery #10040', 1, '2020-11-03 09:51:54'),
(1372, 23, 0, '2020-11-03 14:52:38', '0.00', '0.00', 15, 'Payment against Delivery #10041', 1, '2020-11-03 09:52:38'),
(1374, 36, 0, '2020-11-03 14:54:04', '0.00', '0.00', 15, 'Payment against Delivery #10045', 1, '2020-11-03 09:54:04'),
(1378, 126, 0, '2020-11-03 14:57:01', '0.00', '0.00', 15, 'Payment against Delivery #10049', 1, '2020-11-03 09:57:01'),
(1380, 44, 0, '2020-11-03 14:58:09', '0.00', '0.00', 15, 'Payment against Delivery #10051', 1, '2020-11-03 09:58:09'),
(1382, 25, 0, '2020-11-03 14:59:28', '0.00', '0.00', 15, 'Payment against Delivery #10053', 1, '2020-11-03 09:59:28'),
(1385, 32, 0, '2020-11-03 15:01:02', '0.00', '0.00', 15, 'Payment against Delivery #10056', 1, '2020-11-03 10:01:02'),
(1386, 54, 0, '2020-11-03 15:01:50', '0.00', '0.00', 15, 'Payment against Delivery #10057', 1, '2020-11-03 10:01:50'),
(1387, 146, 0, '2020-11-03 15:02:35', '0.00', '0.00', 15, 'Payment against Delivery #10058', 1, '2020-11-03 10:02:35'),
(1388, 12, 0, '2020-11-03 15:03:02', '0.00', '0.00', 15, 'Payment against Delivery #10059', 1, '2020-11-03 10:03:02'),
(1389, 37, 0, '2020-11-03 15:03:33', '0.00', '0.00', 15, 'Payment against Delivery #10060', 1, '2020-11-03 10:03:33'),
(1390, 32, 0, '2020-11-03 15:04:04', '0.00', '0.00', 15, 'Payment against Delivery #10061', 1, '2020-11-03 10:04:04'),
(1391, 54, 0, '2020-11-03 15:04:40', '0.00', '0.00', 15, 'Payment against Delivery #10062', 1, '2020-11-03 10:04:40'),
(1392, 21, 0, '2020-11-03 15:05:09', '0.00', '0.00', 15, 'Payment against Delivery #10063', 1, '2020-11-30 15:22:28'),
(1394, 27, 0, '2020-11-03 15:06:25', '0.00', '0.00', 15, 'Payment against Delivery #10065', 1, '2020-11-03 10:06:25'),
(1395, 21, 0, '2020-11-03 15:07:22', '0.00', '0.00', 15, 'Payment against Delivery #10068', 1, '2020-11-03 10:07:22'),
(1396, 21, 0, '2020-11-03 15:07:49', '0.00', '0.00', 15, 'Payment against Delivery #10069', 1, '2020-11-03 10:07:49'),
(1397, 147, 0, '2020-11-04 18:22:18', '0.00', '0.00', 15, 'Payment against Delivery #10070', 1, '2020-11-04 13:22:18'),
(1398, 23, 0, '2020-11-04 18:22:51', '0.00', '0.00', 15, 'Payment against Delivery #10071', 1, '2020-11-04 13:22:51'),
(1399, 8, 0, '2020-11-04 18:23:17', '0.00', '0.00', 15, 'Payment against Delivery #10072', 1, '2020-11-04 13:23:17'),
(1400, 54, 0, '2020-11-04 18:24:10', '0.00', '0.00', 15, 'Payment against Delivery #10073', 1, '2020-11-04 13:24:10'),
(1401, 66, 0, '2020-11-04 18:24:39', '0.00', '0.00', 15, 'Payment against Delivery #10074', 1, '2020-11-04 13:24:39'),
(1402, 25, 0, '2020-11-04 18:25:06', '0.00', '0.00', 15, 'Payment against Delivery #10075', 1, '2020-11-04 13:25:06'),
(1403, 71, 0, '2020-11-04 18:25:42', '0.00', '0.00', 15, 'Payment against Delivery #10076', 1, '2020-11-04 13:25:42'),
(1404, 19, 0, '2020-11-04 18:26:15', '0.00', '0.00', 15, 'Payment against Delivery #10078', 1, '2020-11-04 13:26:15'),
(1405, 36, 0, '2020-11-04 18:26:41', '0.00', '0.00', 15, 'Payment against Delivery #10079', 1, '2020-11-04 13:26:41'),
(1406, 26, 0, '2020-11-04 18:27:10', '0.00', '0.00', 15, 'Payment against Delivery #10080', 1, '2020-11-04 13:27:10'),
(1407, 126, 0, '2020-11-04 18:27:48', '0.00', '0.00', 15, 'Payment against Delivery #10082', 1, '2020-11-04 13:27:48'),
(1408, 54, 0, '2020-11-04 18:28:15', '0.00', '0.00', 15, 'Payment against Delivery #10083', 1, '2020-11-04 13:28:15'),
(1409, 7, 0, '2020-11-04 18:28:47', '0.00', '0.00', 15, 'Payment against Delivery #10085', 1, '2020-11-04 13:28:47'),
(1410, 126, 0, '2020-11-04 18:29:17', '0.00', '0.00', 15, 'Payment against Delivery #10086', 1, '2020-11-04 13:29:17'),
(1411, 6, 0, '2020-11-04 18:29:50', '0.00', '0.00', 15, 'Payment against Delivery #10087', 1, '2020-11-04 13:29:50'),
(1412, 44, 0, '2020-11-04 18:30:19', '0.00', '0.00', 15, 'Payment against Delivery #10088', 1, '2020-11-04 13:30:19'),
(1413, 26, 0, '2020-11-04 18:30:51', '0.00', '0.00', 15, 'Payment against Delivery #10089', 1, '2020-11-04 13:30:51'),
(1414, 26, 0, '2020-11-04 18:31:23', '0.00', '0.00', 15, 'Payment against Delivery #10090', 1, '2020-11-04 13:31:23'),
(1415, 3, 0, '2020-11-04 18:32:31', '0.00', '0.00', 15, 'Payment against Delivery #10091', 1, '2020-11-04 13:32:31'),
(1416, 21, 0, '2020-11-04 18:33:16', '0.00', '0.00', 15, 'Payment against Delivery #10092', 1, '2020-11-04 13:33:16'),
(1417, 153, 0, '2020-11-04 18:33:51', '0.00', '0.00', 15, 'Payment against Delivery #10093', 1, '2020-11-04 13:33:51'),
(1418, 62, 0, '2020-11-04 18:34:28', '0.00', '0.00', 15, 'Payment against Delivery #10094', 1, '2020-11-04 13:34:28'),
(1420, 146, 0, '2020-11-04 18:35:35', '0.00', '0.00', 15, 'Payment against Delivery #10096', 1, '2020-11-04 13:35:35'),
(1421, 65, 0, '2020-11-04 18:36:05', '0.00', '0.00', 15, 'Payment against Delivery #10097', 1, '2020-11-04 13:36:05'),
(1422, 13, 0, '2020-11-04 18:36:37', '0.00', '0.00', 15, 'Payment against Delivery #10098', 1, '2020-11-04 13:36:37'),
(1423, 54, 0, '2020-11-04 18:37:10', '0.00', '0.00', 15, 'Payment against Delivery #10099', 1, '2020-11-04 13:37:10'),
(1424, 102, 0, '2020-11-04 18:37:44', '0.00', '0.00', 15, 'Payment against Delivery #10100', 1, '2020-11-04 13:37:44'),
(1425, 40, 16, '2020-11-15 00:00:00', '4400.00', '0.00', 1, '', 1, '2020-11-30 14:09:22'),
(1426, 50, 16, '2020-11-09 19:10:00', '50000.00', '0.00', 1, '', 1, '2020-11-30 14:10:59'),
(1427, 25, 16, '2020-11-08 19:11:00', '19000.00', '0.00', 1, '', 1, '2020-11-30 14:11:22'),
(1428, 27, 16, '2020-11-09 19:11:00', '50000.00', '0.00', 1, '', 1, '2020-11-30 14:11:40'),
(1429, 21, 16, '2020-11-10 19:11:00', '50000.00', '0.00', 1, '', 1, '2020-11-30 14:12:00'),
(1430, 32, 16, '2020-11-15 19:12:00', '55000.00', '0.00', 1, '', 1, '2020-11-30 14:12:23'),
(1431, 6, 16, '2020-11-15 19:12:00', '50000.00', '0.00', 1, '', 1, '2020-11-30 14:13:08'),
(1432, 78, 16, '2020-11-15 19:13:00', '15000.00', '0.00', 1, '', 1, '2020-11-30 14:13:26'),
(1433, 35, 16, '2020-11-15 19:13:00', '25000.00', '0.00', 1, '', 1, '2020-11-30 14:13:42'),
(1434, 7, 16, '2020-11-15 19:13:00', '50000.00', '0.00', 1, '', 1, '2020-11-30 14:13:58'),
(1435, 3, 16, '2020-11-15 19:14:00', '100000.00', '0.00', 1, '', 1, '2020-11-30 14:14:20'),
(1436, 21, 16, '2020-11-15 19:14:00', '100000.00', '0.00', 1, '', 1, '2020-11-30 14:14:40'),
(1437, 29, 16, '2020-11-15 19:14:00', '30000.00', '0.00', 1, '', 1, '2020-11-30 14:14:56'),
(1438, 26, 16, '2020-11-15 19:15:00', '50000.00', '0.00', 1, '', 1, '2020-11-30 14:15:13'),
(1439, 36, 16, '2020-11-15 19:15:00', '20000.00', '0.00', 1, '', 1, '2020-11-30 14:15:28'),
(1440, 13, 16, '2020-11-15 19:15:00', '30000.00', '0.00', 1, '', 1, '2020-11-30 14:15:43'),
(1441, 37, 16, '2020-11-08 19:15:00', '30000.00', '0.00', 1, '', 1, '2020-11-30 14:16:04'),
(1442, 8, 16, '2020-11-15 19:16:00', '100000.00', '0.00', 1, '', 1, '2020-11-30 14:16:26'),
(1443, 50, 16, '2020-11-15 19:16:00', '100000.00', '0.00', 1, '', 1, '2020-11-30 14:16:45'),
(1444, 44, 16, '2020-11-15 19:16:00', '15000.00', '0.00', 1, '', 1, '2020-11-30 14:17:02'),
(1445, 12, 16, '2020-11-15 19:17:00', '20000.00', '0.00', 1, '', 1, '2020-11-30 14:17:34'),
(1446, 21, 16, '2020-11-19 19:17:00', '50000.00', '0.00', 1, '', 1, '2020-11-30 14:18:30'),
(1447, 23, 16, '2020-11-15 19:18:00', '50000.00', '0.00', 1, '', 1, '2020-11-30 14:18:52'),
(1448, 42, 16, '2020-11-15 19:18:00', '7400.00', '0.00', 1, '', 1, '2020-11-30 14:19:16'),
(1449, 21, 16, '2020-11-22 19:19:00', '50000.00', '0.00', 1, '', 1, '2020-11-30 14:19:40'),
(1450, 37, 16, '2020-11-24 19:19:00', '25000.00', '0.00', 1, '', 1, '2020-11-30 14:19:57'),
(1451, 43, 16, '2020-11-29 19:20:00', '49000.00', '0.00', 1, '', 1, '2020-11-30 14:20:22'),
(1452, 62, 16, '2020-11-29 19:20:00', '30000.00', '0.00', 1, '', 1, '2020-11-30 14:20:38'),
(1453, 17, 16, '2020-11-29 19:20:00', '66800.00', '0.00', 1, '', 1, '2020-11-30 14:21:01'),
(1454, 71, 16, '2020-11-29 19:21:00', '10000.00', '0.00', 1, '', 1, '2020-11-30 14:21:19'),
(1455, 19, 16, '2020-11-30 19:23:00', '200.00', '0.00', 6, '', 1, '2020-11-30 14:25:08'),
(1456, 32, 16, '2020-11-30 19:25:00', '42665.00', '0.00', 6, '', 1, '2020-11-30 14:26:03'),
(1457, 43, 16, '2020-11-30 19:26:00', '11500.00', '0.00', 6, '', 1, '2020-11-30 14:26:21'),
(1458, 25, 16, '2020-11-30 19:26:00', '7000.00', '0.00', 6, '', 1, '2020-11-30 14:26:39'),
(1459, 40, 16, '2020-11-30 19:26:00', '500.00', '0.00', 6, '', 1, '2020-11-30 14:26:55'),
(1460, 147, 16, '2020-11-30 19:26:00', '8800.00', '0.00', 6, '', 1, '2020-11-30 14:27:24'),
(1461, 21, 16, '2020-11-30 19:27:00', '4480.00', '0.00', 6, '', 1, '2020-11-30 14:27:55'),
(1462, 35, 16, '2020-11-30 19:27:00', '2400.00', '0.00', 6, '', 1, '2020-11-30 14:28:14'),
(1463, 5, 0, '2020-11-30 19:41:29', '0.00', '0.00', 15, 'Payment against Delivery #00', 1, '2020-11-30 14:41:29'),
(1464, 5, 16, '2020-11-30 19:42:00', '0.00', '0.00', 1, '', 1, '2020-11-30 14:42:37'),
(1465, 6, 16, '2020-10-30 19:46:00', '5425.00', '0.00', 6, '', 1, '2020-11-30 14:47:01'),
(1466, 6, 16, '2020-10-27 19:49:00', '315870.00', '0.00', 1, '', 1, '2020-11-30 14:54:35'),
(1467, 9, 0, '2020-11-30 20:01:17', '0.00', '0.00', 15, 'Payment against Delivery #00', 1, '2020-11-30 15:01:17'),
(1468, 9, 16, '2020-10-05 20:02:00', '120440.00', '0.00', 1, '', 1, '2020-11-30 15:02:56'),
(1469, 16, 16, '2020-11-30 20:11:00', '0.00', '0.00', 1, '', 1, '2020-11-30 15:12:01'),
(1470, 30, 0, '2020-11-30 06:56:48', '0.00', '0.00', 15, 'Payment against Delivery #00', 1, '2020-11-30 01:56:48'),
(1471, 30, 16, '2020-11-30 06:57:00', '0.00', '0.00', 1, '', 1, '2020-11-30 01:57:15'),
(1472, 33, 16, '2020-11-30 07:01:00', '0.00', '0.00', 1, '', 1, '2020-11-30 02:02:09'),
(1473, 33, 0, '2020-11-30 07:02:32', '0.00', '0.00', 15, 'Payment against Delivery #00', 1, '2020-11-30 02:02:32'),
(1474, 34, 16, '2020-11-30 07:06:00', '0.00', '0.00', 1, '', 1, '2020-11-30 02:06:53'),
(1475, 41, 16, '2020-11-30 07:11:00', '0.00', '0.00', 1, '', 1, '2020-11-30 02:11:53'),
(1476, 65, 0, '2020-11-30 07:15:05', '0.00', '0.00', 15, 'Payment against Delivery #00', 1, '2020-11-30 02:15:05'),
(1477, 43, 0, '2020-11-30 07:23:22', '0.00', '0.00', 15, 'Payment against Delivery #00', 1, '2020-11-30 02:23:22'),
(1480, 74, 0, '2020-11-30 12:09:08', '0.00', '0.00', 15, 'Payment against Delivery #00', 1, '2020-11-30 07:09:08'),
(1481, 74, 16, '2020-11-30 12:09:00', '0.00', '0.00', 1, '', 1, '2020-11-30 07:09:51'),
(1482, 131, 16, '2020-11-30 12:11:00', '0.00', '0.00', 1, '', 1, '2020-11-30 07:12:02'),
(1483, 140, 16, '2020-11-30 12:14:00', '0.00', '0.00', 1, '', 1, '2020-11-30 07:14:25'),
(1484, 155, 0, '2020-11-30 12:21:58', '0.00', '0.00', 15, 'Payment against Delivery #00', 1, '2020-11-30 07:21:58'),
(1485, 17, 0, '2020-11-30 15:45:51', '0.00', '0.00', 15, 'Payment against Delivery #00', 1, '2020-11-30 10:45:51'),
(1486, 29, 0, '2020-11-30 16:17:21', '0.00', '0.00', 15, 'Payment against Delivery #00', 1, '2020-11-30 11:17:21'),
(1487, 35, 0, '2020-11-30 16:19:42', '0.00', '0.00', 15, 'Payment against Delivery #00', 1, '2020-11-30 11:19:42'),
(1488, 25, 17, '2020-11-30 20:02:00', '0.00', '0.00', 2, '', 1, '2020-11-30 15:02:12'),
(1489, 6, 16, '2020-11-30 15:33:00', '5425.00', '0.00', 6, '', 1, '2020-12-02 10:34:16'),
(1493, 55, 0, '2020-12-17 14:21:20', '0.00', '0.00', 15, 'Payment against Delivery #179', 1, '2020-12-17 09:21:20'),
(1494, 55, 0, '2020-12-17 14:21:55', '0.00', '0.00', 15, 'Payment against Delivery #199', 1, '2020-12-17 09:21:55'),
(1495, 55, 0, '2020-12-17 14:22:51', '0.00', '0.00', 15, 'Payment against Delivery #190', 1, '2020-12-17 09:22:51'),
(1496, 55, 0, '2020-12-17 14:24:14', '0.00', '0.00', 15, 'Payment against Delivery #sada osama', 1, '2020-12-17 09:24:14'),
(1497, 55, 0, '2020-12-17 14:24:56', '0.00', '0.00', 15, 'Payment against Delivery #36', 1, '2020-12-17 09:24:56'),
(1498, 55, 0, '2020-12-17 14:26:46', '0.00', '0.00', 15, 'Payment against Delivery #2', 1, '2020-12-17 09:26:46'),
(1499, 55, 0, '2020-12-17 14:27:35', '0.00', '0.00', 15, 'Payment against Delivery #8', 1, '2020-12-17 09:27:35');

-- --------------------------------------------------------

--
-- Table structure for table `delivery`
--

CREATE TABLE `delivery` (
  `id` int(11) NOT NULL,
  `gatepass_id` varchar(20) NOT NULL,
  `date` date NOT NULL,
  `customer_id` int(11) NOT NULL,
  `claim` varchar(50) NOT NULL,
  `labour_id` int(11) NOT NULL,
  `customer_payment_id` int(11) NOT NULL,
  `status` int(1) NOT NULL DEFAULT 1,
  `ts` timestamp NOT NULL DEFAULT current_timestamp() ON UPDATE current_timestamp()
) ENGINE=InnoDB DEFAULT CHARSET=latin1;

--
-- Dumping data for table `delivery`
--

INSERT INTO `delivery` (`id`, `gatepass_id`, `date`, `customer_id`, `claim`, `labour_id`, `customer_payment_id`, `status`, `ts`) VALUES
(2, '0001', '2020-06-01', 3, '', 0, 2, 1, '2020-08-08 14:30:51'),
(3, '0002', '2020-04-28', 71, '', 0, 3, 1, '2020-08-15 13:48:40'),
(4, '0003', '2020-04-28', 5, '', 0, 4, 1, '2020-08-08 10:03:03'),
(5, '0004', '2020-04-29', 5, '', 0, 5, 1, '2020-08-08 10:03:56'),
(6, '0005', '2020-04-29', 3, '', 0, 6, 1, '2020-08-08 10:05:15'),
(7, '0006', '2020-05-14', 6, '', 0, 7, 1, '2020-08-08 14:12:49'),
(8, '0007', '2020-04-30', 7, '', 0, 8, 1, '2020-08-08 10:07:13'),
(9, '0008', '2020-04-29', 8, '', 0, 9, 1, '2020-08-08 10:09:03'),
(10, '0009', '2020-04-29', 7, '', 0, 10, 1, '2020-08-08 10:09:40'),
(11, '0010', '2020-05-03', 9, '', 0, 11, 1, '2020-08-08 10:39:34'),
(12, '0011', '2020-05-03', 8, '', 0, 12, 1, '2020-08-08 10:40:35'),
(13, '0012', '2020-05-03', 6, '', 0, 13, 1, '2020-08-08 10:41:33'),
(15, '0014', '2020-05-04', 11, '', 0, 15, 1, '2020-08-08 10:45:13'),
(16, '0015', '2020-05-05', 7, '', 0, 16, 1, '2020-08-08 10:46:06'),
(17, '0016', '2020-05-05', 7, '', 0, 17, 1, '2020-08-08 10:48:23'),
(18, '0017', '2020-05-05', 12, '', 0, 18, 1, '2020-08-08 10:49:49'),
(19, '0018', '2020-05-06', 6, '', 0, 19, 1, '2020-08-08 10:51:11'),
(20, '0019', '2020-05-07', 13, '', 0, 20, 1, '2020-08-08 14:11:30'),
(21, '0020', '2020-05-07', 7, '', 0, 21, 1, '2020-08-08 10:56:11'),
(22, '0021', '2020-05-09', 78, '', 0, 22, 1, '2020-08-15 13:49:44'),
(23, '0022', '2020-05-12', 15, '', 0, 23, 1, '2020-08-08 11:01:19'),
(24, '0023', '2020-05-12', 16, '', 0, 24, 1, '2020-08-08 11:04:03'),
(25, '0024', '2020-05-14', 17, '', 0, 25, 1, '2020-08-08 11:04:55'),
(26, '0025', '2020-05-17', 15, '', 0, 26, 1, '2020-08-08 11:05:45'),
(27, '0026', '2020-05-18', 17, '', 0, 27, 1, '2020-08-08 11:14:25'),
(28, '0027', '2020-05-17', 78, '', 0, 28, 1, '2020-08-15 13:49:20'),
(29, '0028', '2020-05-19', 11, '', 0, 29, 1, '2020-08-08 11:16:03'),
(30, '0029', '2020-05-19', 5, '', 0, 30, 1, '2020-08-08 11:20:17'),
(31, '0030', '2020-05-19', 17, '', 0, 31, 1, '2020-08-08 11:21:14'),
(32, '0031', '2020-05-20', 17, '', 0, 32, 1, '2020-08-08 11:21:47'),
(33, '0033', '2020-05-21', 78, '', 0, 33, 1, '2020-08-15 13:49:32'),
(34, '0034', '2020-06-06', 7, '', 0, 34, 1, '2020-08-08 11:36:24'),
(35, '35', '2020-06-14', 20, '', 0, 35, 1, '2020-08-08 11:40:36'),
(36, '36', '2020-06-14', 21, '', 0, 36, 1, '2020-08-08 11:46:29'),
(37, '37', '2020-06-15', 22, '', 0, 37, 1, '2020-08-08 11:47:41'),
(38, '38', '2020-06-18', 23, '', 0, 38, 1, '2020-08-08 11:49:17'),
(39, '32', '2020-05-20', 19, '', 0, 39, 1, '2020-08-15 09:06:55'),
(40, '39', '2020-06-18', 21, '', 0, 40, 1, '2020-08-08 12:04:39'),
(41, '40', '2020-06-30', 5, '', 0, 41, 1, '2020-08-08 12:08:17'),
(42, '41', '2020-07-02', 78, '', 0, 42, 1, '2020-08-11 13:47:04'),
(43, '42', '2020-07-07', 25, '', 0, 43, 1, '2020-08-08 12:14:18'),
(44, '43', '2020-07-04', 8, '', 0, 44, 1, '2020-08-08 12:15:04'),
(45, '44', '2020-07-04', 21, '', 0, 45, 1, '2020-08-08 12:15:47'),
(46, '45', '2020-07-05', 3, '', 0, 46, 1, '2020-08-08 14:13:49'),
(47, '46', '2020-07-05', 78, '', 0, 47, 1, '2020-08-11 13:47:23'),
(48, '47', '2020-07-06', 26, '', 0, 48, 1, '2020-08-08 12:21:27'),
(49, '47', '2020-07-07', 78, '', 0, 49, 1, '2020-08-11 13:45:09'),
(50, '48', '2020-07-07', 27, '', 0, 50, 1, '2020-08-08 12:24:03'),
(51, '49', '2020-07-07', 16, '', 0, 51, 1, '2020-08-08 12:25:23'),
(52, '50', '2020-07-08', 13, '', 0, 52, 1, '2020-08-08 12:26:03'),
(53, '51', '2020-07-08', 28, '', 0, 53, 1, '2020-08-08 12:27:07'),
(54, '52', '2020-07-09', 29, '', 0, 54, 1, '2020-08-08 12:27:56'),
(55, '53', '2020-07-09', 30, '', 0, 55, 1, '2020-08-08 12:29:47'),
(56, '54', '2020-07-07', 22, '', 0, 56, 1, '2020-08-08 12:31:19'),
(57, '55', '2020-07-09', 31, '', 0, 57, 1, '2020-08-08 12:32:20'),
(58, '56', '2020-07-09', 29, '', 0, 58, 1, '2020-08-08 12:33:11'),
(59, '57', '2020-07-09', 21, '', 0, 59, 1, '2020-08-08 12:36:19'),
(60, '58', '2020-07-11', 32, '', 0, 60, 1, '2020-08-08 12:38:39'),
(61, '59', '2020-07-11', 33, '', 0, 61, 1, '2020-08-08 12:39:54'),
(62, '60', '2020-07-11', 8, '', 0, 62, 1, '2020-08-08 12:40:40'),
(63, '61', '2020-07-12', 23, '', 0, 63, 1, '2020-08-08 12:42:05'),
(64, '62', '2020-07-12', 78, '', 0, 64, 1, '2020-08-11 13:48:55'),
(65, '63', '2020-07-12', 34, '', 0, 65, 1, '2020-08-08 12:58:19'),
(66, '66', '2020-07-13', 35, '', 0, 66, 1, '2020-08-08 12:59:41'),
(67, '67', '2020-07-13', 36, '', 0, 67, 1, '2020-08-08 13:03:22'),
(68, '68', '2020-07-13', 26, '', 0, 68, 1, '2020-08-08 13:04:29'),
(69, '69', '2020-07-14', 35, '', 0, 69, 1, '2020-08-08 13:06:15'),
(70, '70', '2020-07-14', 23, '', 0, 70, 1, '2020-08-08 13:06:56'),
(71, '71', '2020-07-14', 34, '', 0, 71, 1, '2020-08-08 13:07:30'),
(72, '72', '2020-07-15', 26, '', 0, 72, 1, '2020-08-08 13:08:13'),
(73, '73', '2020-07-15', 23, '', 0, 73, 1, '2020-08-08 13:15:29'),
(75, '75', '2020-07-15', 71, '', 0, 75, 1, '2020-08-11 13:49:21'),
(76, '76', '2020-07-15', 32, '', 0, 76, 1, '2020-08-08 13:19:25'),
(77, '77', '2020-07-15', 78, '', 0, 77, 1, '2020-08-11 13:46:20'),
(78, '78', '2020-07-16', 37, '', 0, 78, 1, '2020-08-08 13:21:48'),
(79, '79', '2020-07-16', 38, '', 0, 79, 1, '2020-08-08 13:23:14'),
(80, '80', '2020-07-16', 23, '', 0, 80, 1, '2020-08-08 13:24:15'),
(81, '81', '2020-07-17', 13, '', 0, 81, 1, '2020-08-08 13:25:36'),
(82, '82', '2020-07-18', 78, '', 0, 82, 1, '2020-08-11 13:50:01'),
(83, '84', '2020-07-18', 26, '', 0, 83, 1, '2020-08-08 13:32:25'),
(84, '85', '2020-07-18', 32, '', 0, 84, 1, '2020-08-08 13:36:03'),
(85, '86', '2020-07-18', 40, '', 0, 85, 1, '2020-08-08 13:39:45'),
(86, '87', '2020-07-19', 41, '', 0, 86, 1, '2020-08-08 13:41:19'),
(87, '88', '2020-07-17', 13, '', 0, 87, 1, '2020-08-11 06:31:14'),
(88, '89', '2020-07-19', 12, '', 0, 88, 1, '2020-08-08 13:44:37'),
(89, '90', '2020-07-20', 34, '', 0, 89, 1, '2020-08-08 13:46:08'),
(90, '91', '2020-07-20', 8, '', 0, 90, 1, '2020-08-08 13:49:24'),
(91, '92', '2020-07-20', 33, '', 0, 91, 1, '2020-08-08 13:51:40'),
(92, '93', '2020-07-20', 26, '', 0, 92, 1, '2020-08-10 01:14:25'),
(93, '94', '2020-07-21', 27, '', 0, 93, 1, '2020-08-10 01:16:32'),
(94, '94', '2020-07-21', 27, '', 0, 94, 1, '2020-08-10 01:18:46'),
(95, '95', '2020-07-21', 8, '', 0, 95, 1, '2020-08-10 01:20:06'),
(96, '96', '2020-07-21', 33, '', 0, 96, 1, '2020-08-10 01:20:47'),
(98, '98', '2020-07-21', 42, '', 0, 98, 1, '2020-08-10 01:22:47'),
(99, '99', '2020-07-22', 43, '', 0, 99, 1, '2020-08-10 01:23:46'),
(100, '100', '2020-07-22', 32, '', 0, 100, 1, '2020-08-10 01:25:31'),
(101, '101', '2020-07-22', 44, '', 0, 101, 1, '2020-08-10 01:26:27'),
(102, '102', '2020-07-22', 8, '', 0, 102, 1, '2020-08-10 01:27:33'),
(103, '103', '2020-07-22', 27, '', 0, 103, 1, '2020-08-10 01:28:14'),
(104, '104', '2020-07-22', 38, '', 0, 104, 1, '2020-08-10 01:28:53'),
(105, '105', '2020-07-22', 12, '', 0, 105, 1, '2020-08-10 01:30:11'),
(106, '106', '2020-07-23', 23, '', 0, 106, 1, '2020-08-10 01:31:20'),
(107, '107', '2020-07-23', 22, '', 0, 107, 1, '2020-08-10 01:31:55'),
(108, '108', '2020-07-23', 6, '', 0, 108, 1, '2020-08-10 01:32:36'),
(109, '109', '2020-07-23', 21, '', 0, 109, 1, '2020-08-10 01:33:21'),
(110, '110', '2020-07-23', 78, '', 0, 110, 1, '2020-08-11 13:48:14'),
(111, '111', '2020-07-23', 46, '', 0, 111, 1, '2020-08-10 01:43:41'),
(112, '112', '2020-07-23', 13, '', 0, 112, 1, '2020-08-10 01:35:58'),
(113, '113', '2020-07-25', 31, '', 0, 113, 1, '2020-08-10 01:36:33'),
(114, '114', '2020-07-25', 8, '', 0, 114, 1, '2020-08-10 01:37:14'),
(115, '115', '2020-07-25', 7, '', 0, 115, 1, '2020-08-10 01:37:56'),
(116, '116', '2020-07-26', 36, '', 0, 116, 1, '2020-08-10 01:38:36'),
(117, '117', '2020-07-26', 8, '', 0, 117, 1, '2020-08-10 01:39:11'),
(118, '118', '2020-07-26', 8, '', 0, 118, 1, '2020-08-10 01:39:57'),
(119, '119', '2020-07-26', 32, '', 0, 119, 1, '2020-08-10 01:40:34'),
(120, '120', '2020-07-26', 46, '', 0, 120, 1, '2020-08-10 01:43:27'),
(121, '121', '2020-07-26', 26, '', 0, 121, 1, '2020-08-10 01:44:22'),
(122, '122', '2020-07-27', 26, '', 0, 122, 1, '2020-08-10 01:45:26'),
(123, '123', '2020-07-27', 33, '', 0, 123, 1, '2020-08-10 01:45:58'),
(124, '124', '2020-07-27', 8, '', 0, 124, 1, '2020-08-10 01:47:20'),
(125, '125', '2020-07-27', 34, '', 0, 125, 1, '2020-08-10 01:48:15'),
(126, '126', '2020-07-28', 33, '', 0, 126, 1, '2020-08-10 01:48:58'),
(127, '127', '2020-07-28', 32, '', 0, 127, 1, '2020-08-10 01:49:34'),
(128, '128', '2020-07-28', 28, '', 0, 128, 1, '2020-08-10 01:50:08'),
(129, '129', '2020-07-28', 23, '', 0, 129, 1, '2020-08-10 01:51:06'),
(130, '130', '2020-07-28', 71, '', 0, 130, 1, '2020-08-11 13:47:47'),
(131, '131', '2020-07-28', 33, '', 0, 131, 1, '2020-08-10 01:54:07'),
(132, '132', '2020-07-28', 26, '', 0, 132, 1, '2020-08-10 01:56:04'),
(133, '133', '2020-07-28', 29, '', 0, 133, 1, '2020-08-10 01:56:49'),
(134, '134', '2020-07-29', 43, '', 0, 134, 1, '2020-08-10 01:57:29'),
(135, '135', '2020-07-29', 44, '', 0, 135, 1, '2020-08-10 01:58:09'),
(136, '136', '2020-07-29', 71, '', 0, 136, 1, '2020-08-11 13:44:20'),
(137, '137', '2020-07-29', 32, '', 0, 137, 1, '2020-08-10 01:59:39'),
(138, '138', '2020-07-29', 27, '', 0, 138, 1, '2020-08-10 02:00:22'),
(139, '139', '2020-07-29', 29, '', 0, 139, 1, '2020-08-10 02:00:59'),
(140, '140', '2020-07-30', 47, '', 0, 140, 1, '2020-08-10 02:01:42'),
(141, '141', '2020-07-30', 71, '', 0, 141, 1, '2020-08-11 13:45:47'),
(144, '833', '2020-06-18', 8, '', 0, 144, 1, '2020-08-10 03:49:30'),
(145, '834', '2020-06-20', 3, '', 0, 145, 1, '2020-08-10 03:50:20'),
(146, '835', '2020-06-20', 50, '', 0, 146, 1, '2020-08-10 03:51:50'),
(147, '836', '2020-06-20', 50, '', 0, 147, 1, '2020-08-10 03:52:27'),
(148, '837', '2020-06-20', 32, '', 0, 148, 1, '2020-08-10 03:52:58'),
(149, '838', '2020-06-21', 50, '', 0, 149, 1, '2020-08-10 03:53:57'),
(150, '839', '2020-06-21', 17, '', 0, 150, 1, '2020-08-10 03:54:30'),
(151, '840', '2020-06-21', 21, '', 0, 151, 1, '2020-08-10 03:55:19'),
(152, '841', '2020-06-21', 23, '', 0, 152, 1, '2020-08-10 03:56:27'),
(153, '842', '2020-06-21', 17, '', 0, 153, 1, '2020-08-10 03:57:17'),
(155, '844', '2020-06-22', 21, '', 0, 155, 1, '2020-08-10 03:58:36'),
(156, '845', '2020-06-23', 71, '', 0, 156, 1, '2020-08-11 13:40:46'),
(157, '846', '2020-06-23', 52, '', 0, 157, 1, '2020-08-10 04:00:07'),
(158, '847', '2020-06-23', 50, '', 0, 158, 1, '2020-08-10 04:00:39'),
(159, '848', '2020-06-24', 50, '', 0, 159, 1, '2020-08-10 04:01:09'),
(160, '849', '2020-06-24', 40, '', 0, 160, 1, '2020-08-10 04:01:55'),
(161, '850', '2020-06-23', 9, '', 0, 161, 1, '2020-08-10 04:02:44'),
(162, '851', '2020-06-24', 50, '', 0, 162, 1, '2020-08-10 04:08:00'),
(163, '852', '2020-06-26', 50, '', 0, 163, 1, '2020-08-10 04:08:32'),
(164, '853', '2020-06-24', 53, '', 0, 164, 1, '2020-08-10 04:09:17'),
(165, '854', '2020-06-25', 36, '', 0, 165, 1, '2020-08-10 04:10:54'),
(166, '855', '2020-06-25', 54, '', 0, 166, 1, '2020-08-10 04:12:44'),
(167, '856', '2020-06-25', 78, '', 0, 167, 1, '2020-08-11 13:40:03'),
(168, '857', '2020-06-25', 55, '', 0, 168, 1, '2020-08-10 04:16:11'),
(169, '858', '2020-06-25', 26, '', 0, 169, 1, '2020-08-10 04:17:29'),
(170, '859', '2020-06-25', 5, '', 0, 170, 1, '2020-08-10 04:18:11'),
(171, '860', '2020-06-25', 8, '', 0, 171, 1, '2020-08-10 04:18:53'),
(172, '65', '2020-07-13', 39, '', 0, 172, 1, '2020-08-10 06:31:33'),
(173, '83', '2020-07-17', 39, '', 0, 173, 1, '2020-08-10 06:35:15'),
(174, '74', '2020-07-15', 36, '', 0, 174, 1, '2020-08-10 06:38:19'),
(175, '142', '2020-07-30', 43, '', 0, 175, 1, '2020-08-10 06:42:50'),
(176, '832', '2020-06-16', 49, '', 0, 176, 1, '2020-08-10 06:46:29'),
(177, 'SADA MALL', '2020-06-30', 3, '', 0, 177, 1, '2020-08-10 07:15:39'),
(178, '861', '2020-06-27', 56, '', 0, 178, 1, '2020-08-10 07:25:25'),
(179, '862', '2020-06-27', 57, '', 0, 179, 1, '2020-08-10 07:26:24'),
(180, '863', '2020-06-27', 36, '', 0, 180, 1, '2020-08-10 07:29:24'),
(181, '864', '2020-06-28', 55, '', 0, 181, 1, '2020-08-10 07:31:49'),
(182, '865', '2020-06-29', 26, '', 0, 182, 1, '2020-08-10 07:36:57'),
(183, '866', '2020-06-29', 36, '', 0, 183, 1, '2020-08-10 09:26:42'),
(184, '867', '2020-06-29', 9, '', 0, 184, 1, '2020-08-10 09:28:38'),
(185, '868', '2020-06-29', 58, '', 0, 185, 1, '2020-08-10 09:32:03'),
(186, '869', '2020-06-29', 59, '', 0, 186, 1, '2020-08-10 09:33:01'),
(187, '870', '2020-06-29', 8, '', 0, 187, 1, '2020-08-10 09:33:42'),
(188, '871', '2020-06-30', 60, '', 0, 188, 1, '2020-08-10 09:34:32'),
(189, '872', '2020-06-30', 42, '', 0, 189, 1, '2020-08-10 09:35:14'),
(190, '873', '2020-06-30', 52, '', 0, 190, 1, '2020-08-10 09:35:51'),
(192, '875', '2020-06-30', 23, '', 0, 192, 1, '2020-08-10 09:57:34'),
(193, '876', '2020-06-30', 61, '', 0, 193, 1, '2020-08-10 09:58:22'),
(194, '878', '2020-06-30', 23, '', 0, 194, 1, '2020-08-10 10:01:53'),
(195, '879', '2020-07-01', 61, '', 0, 195, 1, '2020-08-10 10:04:31'),
(196, '880', '2020-07-01', 52, '', 0, 196, 1, '2020-08-10 10:05:18'),
(197, '882', '2020-07-01', 39, '', 0, 197, 1, '2020-08-10 10:06:10'),
(198, '877', '2020-07-01', 6, '', 0, 198, 1, '2020-08-10 10:07:38'),
(199, '881', '2020-07-01', 26, '', 0, 199, 1, '2020-08-10 10:08:28'),
(200, '884', '2020-07-02', 55, '', 0, 200, 1, '2020-08-10 10:09:16'),
(201, '885', '2020-07-01', 54, '', 0, 201, 1, '2020-08-10 10:10:10'),
(202, '886', '2020-07-02', 62, '', 0, 202, 1, '2020-08-10 10:13:54'),
(203, '887', '2020-07-02', 52, '', 0, 203, 1, '2020-08-10 10:14:51'),
(204, '888', '2020-07-03', 12, '', 0, 204, 1, '2020-08-10 10:16:37'),
(205, '889', '2020-07-02', 39, '', 0, 205, 1, '2020-08-10 10:17:12'),
(206, '890', '2020-07-02', 16, '', 0, 206, 1, '2020-08-10 10:17:53'),
(207, '891', '2020-07-02', 61, '', 0, 207, 1, '2020-08-10 10:20:45'),
(208, '892', '2020-07-02', 52, '', 0, 208, 1, '2020-08-10 10:21:19'),
(209, '883', '2020-07-02', 71, '', 0, 209, 1, '2020-08-11 13:42:42'),
(210, '893', '2020-07-02', 23, '', 0, 210, 1, '2020-08-10 11:28:09'),
(211, '894', '2020-07-04', 62, '', 0, 211, 1, '2020-08-10 13:22:59'),
(212, '895', '2020-07-04', 68, '', 0, 212, 1, '2020-08-11 02:21:00'),
(213, '896', '2020-07-02', 6, '', 0, 213, 1, '2020-08-10 13:24:55'),
(215, '898', '2020-07-04', 53, '', 0, 215, 1, '2020-08-10 13:26:13'),
(216, '899', '2020-07-05', 3, '', 0, 216, 1, '2020-08-10 13:27:03'),
(217, '890', '2020-07-06', 64, '', 0, 217, 1, '2020-08-10 13:27:47'),
(218, '891', '2020-07-06', 54, '', 0, 218, 1, '2020-08-10 13:28:45'),
(219, '892', '2020-07-06', 8, '', 0, 219, 1, '2020-08-10 13:29:21'),
(220, '893', '2020-07-06', 8, '', 0, 220, 1, '2020-08-10 13:30:04'),
(221, '894', '2020-07-06', 8, '', 0, 221, 1, '2020-08-10 13:30:42'),
(222, '895', '2020-07-06', 12, '', 0, 222, 1, '2020-08-10 13:31:09'),
(223, '896', '2020-07-07', 26, '', 0, 223, 1, '2020-08-10 13:31:41'),
(224, '897', '2020-07-07', 32, '', 0, 224, 1, '2020-08-10 13:32:20'),
(225, '898', '2020-07-07', 50, '', 0, 225, 1, '2020-08-10 13:33:21'),
(226, '899', '2020-07-07', 52, '', 0, 226, 1, '2020-08-10 13:33:52'),
(227, '910', '2020-07-07', 50, '', 0, 227, 1, '2020-08-10 13:34:50'),
(228, '911', '2020-07-07', 52, '', 0, 228, 1, '2020-08-10 13:35:39'),
(229, '912', '2020-07-08', 26, '', 0, 229, 1, '2020-08-10 13:36:31'),
(230, '913', '2020-07-08', 6, '', 0, 230, 1, '2020-08-10 13:38:24'),
(231, '914', '2020-07-08', 65, '', 0, 231, 1, '2020-08-11 06:05:02'),
(232, '915', '2020-07-08', 40, '', 0, 232, 1, '2020-08-10 13:42:12'),
(233, '916', '2020-07-08', 66, '', 0, 233, 1, '2020-08-10 13:43:23'),
(234, '917', '2020-07-08', 3, '', 0, 234, 1, '2020-08-10 13:44:07'),
(235, '918', '2020-07-08', 61, '', 0, 235, 1, '2020-08-10 13:45:06'),
(236, '919', '2020-07-08', 54, '', 0, 236, 1, '2020-08-10 13:46:13'),
(237, '920', '2020-07-09', 50, '', 0, 237, 1, '2020-08-10 13:47:04'),
(238, '921', '2020-07-09', 41, '', 0, 238, 1, '2020-08-10 13:47:52'),
(239, '922', '2020-07-09', 7, '', 0, 239, 1, '2020-08-10 13:48:45'),
(240, '923', '2020-07-09', 66, '', 0, 240, 1, '2020-08-10 13:49:28'),
(241, '924', '2020-07-09', 50, '', 0, 241, 1, '2020-08-10 13:50:46'),
(242, '925', '2020-07-09', 23, '', 0, 242, 1, '2020-08-10 13:52:11'),
(243, '926', '2020-07-11', 3, '', 0, 243, 1, '2020-08-10 13:52:46'),
(244, '927', '2020-07-11', 50, '', 0, 244, 1, '2020-08-10 13:53:31'),
(245, '928', '2020-07-11', 62, '', 0, 245, 1, '2020-08-10 13:54:08'),
(246, '929', '2020-07-11', 51, '', 0, 246, 1, '2020-08-10 13:54:59'),
(247, '930', '2020-07-11', 32, '', 0, 247, 1, '2020-08-10 13:56:09'),
(248, '931', '2020-07-11', 61, '', 0, 248, 1, '2020-08-10 13:56:51'),
(249, '932', '2020-06-03', 60, '', 0, 249, 1, '2020-08-10 13:57:35'),
(250, '933', '2020-07-11', 8, '', 0, 250, 1, '2020-08-10 13:59:02'),
(251, '934', '2020-07-12', 37, '', 0, 251, 1, '2020-08-10 13:59:48'),
(252, '935', '2020-07-12', 55, '', 0, 252, 1, '2020-08-10 14:00:25'),
(253, '936', '2020-07-12', 67, '', 0, 253, 1, '2020-08-10 14:01:50'),
(254, '937', '2020-07-12', 3, '', 0, 254, 1, '2020-08-10 14:02:34'),
(255, '938', '2020-07-12', 23, '', 0, 255, 1, '2020-08-10 14:03:54'),
(256, '939', '2020-07-12', 50, '', 0, 256, 1, '2020-08-10 14:05:31'),
(257, '940', '2020-07-13', 63, '', 0, 257, 1, '2020-08-10 14:06:13'),
(258, '942', '2020-07-21', 17, '', 0, 258, 1, '2020-08-10 14:06:58'),
(259, '943', '2020-07-21', 53, '', 0, 259, 1, '2020-08-10 14:07:38'),
(260, '944', '2020-07-20', 37, '', 0, 260, 1, '2020-08-10 14:08:24'),
(261, '945', '2020-07-21', 3, '', 0, 261, 1, '2020-08-10 14:09:06'),
(262, '946', '2020-07-21', 5, '', 0, 262, 1, '2020-08-10 14:09:40'),
(263, '947', '2020-07-21', 66, '', 0, 263, 1, '2020-08-10 14:10:07'),
(264, '98', '2020-07-22', 68, '', 0, 264, 1, '2020-08-10 14:11:15'),
(265, '949', '2020-07-21', 32, '', 0, 265, 1, '2020-08-10 14:11:47'),
(266, '950', '2020-07-22', 40, '', 0, 266, 1, '2020-08-10 14:12:25'),
(267, '951', '2020-07-30', 54, '', 0, 267, 1, '2020-08-10 14:13:08'),
(268, '952', '2020-07-30', 32, '', 0, 268, 1, '2020-08-10 14:13:38'),
(269, '953', '2020-07-30', 32, '', 0, 269, 1, '2020-08-10 14:14:06'),
(270, '954', '2020-07-31', 50, '', 0, 270, 1, '2020-08-10 14:14:46'),
(271, '955', '2020-07-31', 21, '', 0, 271, 1, '2020-08-10 14:15:33'),
(272, '843', '2020-06-22', 51, '', 0, 272, 1, '2020-08-11 02:39:10'),
(273, '874', '2020-06-30', 3, '', 0, 273, 1, '2020-08-11 02:54:17'),
(276, 'SABQA', '2020-05-31', 104, '', 0, 307, 1, '2020-08-15 15:04:21'),
(277, '97', '2020-07-31', 26, '', 0, 310, 1, '2020-08-15 11:48:52'),
(278, '', '2020-07-31', 71, '', 0, 322, 1, '2020-08-15 14:49:00'),
(279, '', '2020-07-31', 71, '', 0, 323, 1, '2020-08-15 14:50:17'),
(280, 'SABQA', '2020-05-31', 74, '', 0, 326, 1, '2020-08-15 15:14:40'),
(281, 'SABQA', '2020-05-31', 106, '', 0, 327, 1, '2020-08-15 15:18:46'),
(282, 'SABQA', '2020-05-31', 107, '', 0, 328, 1, '2020-08-15 15:22:47'),
(283, 'SABQA', '2020-05-31', 108, '', 0, 329, 1, '2020-08-15 15:24:22'),
(284, 'SABQA', '2020-05-31', 109, '', 0, 330, 1, '2020-08-15 15:25:19'),
(285, 'SABQA', '2020-05-31', 110, '', 0, 331, 1, '2020-08-15 15:26:37'),
(286, 'SABQA', '2020-05-31', 111, '', 0, 332, 1, '2020-08-15 15:27:42'),
(287, 'SABQA', '2020-05-31', 112, '', 0, 333, 1, '2020-08-15 15:29:07'),
(288, 'SABQA', '2020-05-31', 113, '', 0, 334, 1, '2020-08-15 15:29:52'),
(289, 'SABQA', '2020-05-31', 114, '', 0, 335, 1, '2020-08-15 15:30:41'),
(290, 'SABQA', '2020-05-31', 115, '', 0, 336, 1, '2020-08-15 15:33:19'),
(291, 'SABQA', '2020-05-31', 116, '', 0, 337, 1, '2020-08-15 15:34:31'),
(292, '956', '2020-08-04', 54, '', 0, 339, 1, '2020-08-26 10:14:51'),
(293, '957', '2020-08-06', 54, '', 0, 340, 1, '2020-08-26 10:15:41'),
(294, '958', '2020-08-09', 50, '', 0, 341, 1, '2020-08-26 10:17:01'),
(295, '959', '2020-08-09', 54, '', 0, 342, 1, '2020-08-26 10:17:36'),
(296, '960', '2020-08-10', 50, '', 0, 343, 1, '2020-08-26 10:18:14'),
(297, '961', '2020-08-10', 54, '', 0, 344, 1, '2020-08-26 10:18:46'),
(298, '962', '2020-08-10', 50, '', 0, 345, 1, '2020-08-26 10:19:16'),
(299, '963', '2020-08-10', 102, '', 0, 346, 1, '2020-08-26 10:20:15'),
(300, '964', '2020-08-10', 68, '', 0, 347, 1, '2020-08-26 10:23:10'),
(301, '965', '2020-08-10', 54, '', 0, 348, 1, '2020-08-26 10:25:12'),
(302, '966', '2020-08-11', 54, '', 0, 349, 1, '2020-08-26 10:25:45'),
(303, '967', '2020-08-11', 54, '', 0, 350, 1, '2020-08-26 10:26:19'),
(304, '968', '2020-08-11', 50, '', 0, 351, 1, '2020-08-26 10:27:18'),
(305, '969', '2020-08-11', 50, '', 0, 352, 1, '2020-08-26 10:27:50'),
(306, '970', '2020-08-11', 54, '', 0, 353, 1, '2020-08-26 10:28:32'),
(307, '971', '2020-08-12', 50, '', 0, 354, 1, '2020-08-26 10:29:23'),
(308, '972', '2020-08-16', 52, '', 0, 355, 1, '2020-09-01 07:17:01'),
(309, '973', '2020-08-16', 37, '', 0, 356, 1, '2020-09-01 07:17:50'),
(310, '974', '2020-08-16', 37, '', 0, 357, 1, '2020-09-01 07:18:44'),
(311, '974', '2020-08-16', 42, '', 0, 358, 1, '2020-09-01 07:19:28'),
(312, '975', '2020-08-16', 55, '', 0, 359, 1, '2020-09-01 07:20:00'),
(313, '976', '2020-08-17', 6, '', 0, 360, 1, '2020-09-01 07:22:31'),
(314, '977', '2020-08-17', 50, '', 0, 361, 1, '2020-09-01 07:23:21'),
(315, '978', '2020-08-17', 40, '', 0, 362, 1, '2020-09-01 07:23:57'),
(316, '979', '2020-08-17', 7, '', 0, 363, 1, '2020-09-01 07:24:31'),
(317, '980', '2020-08-17', 36, '', 0, 364, 1, '2020-09-01 07:25:09'),
(318, '981', '2020-08-17', 32, '', 0, 365, 1, '2020-09-01 07:25:42'),
(319, '982', '2020-08-17', 50, '', 0, 366, 1, '2020-09-01 07:26:33'),
(320, '983', '2020-08-18', 3, '', 0, 367, 1, '2020-09-01 07:27:42'),
(321, '984', '2020-08-18', 78, '', 0, 368, 1, '2020-09-01 07:28:22'),
(322, '985', '2020-08-18', 41, '', 0, 369, 1, '2020-09-01 07:28:52'),
(323, '986', '2020-08-18', 61, '', 0, 370, 1, '2020-09-01 07:29:32'),
(325, '989', '2020-08-21', 78, '', 0, 372, 1, '2020-09-01 07:32:30'),
(326, '990', '2020-08-21', 61, '', 0, 373, 1, '2020-09-01 07:33:05'),
(328, '992', '2020-08-21', 21, '', 0, 375, 1, '2020-09-01 07:35:13'),
(329, '993', '2020-08-22', 53, '', 0, 376, 1, '2020-09-01 07:36:31'),
(330, '994', '2020-08-22', 55, '', 0, 377, 1, '2020-09-01 07:37:36'),
(331, '995', '2020-08-22', 55, '', 0, 378, 1, '2020-09-01 07:38:25'),
(332, '996', '2020-08-22', 50, '', 0, 379, 1, '2020-09-01 07:39:34'),
(333, '996', '2020-08-23', 26, '', 0, 380, 1, '2020-09-01 07:40:11'),
(334, '998', '2020-08-23', 26, '', 0, 381, 1, '2020-09-01 07:40:50'),
(335, '999', '2020-08-24', 3, '', 0, 382, 1, '2020-09-01 07:41:41'),
(336, '1000', '2020-08-24', 52, '', 0, 383, 1, '2020-09-01 07:42:28'),
(337, '1001', '2020-08-24', 16, '', 0, 384, 1, '2020-09-01 07:43:03'),
(338, '1001', '2020-08-24', 16, '', 0, 385, 1, '2020-09-01 07:43:46'),
(339, '1002', '2020-08-24', 32, '', 0, 386, 1, '2020-09-01 07:44:20'),
(340, '1003', '2020-08-26', 8, '', 0, 387, 1, '2020-09-01 07:44:55'),
(341, '1004', '2020-08-26', 78, '', 0, 388, 1, '2020-09-01 07:45:52'),
(342, '143', '2020-08-13', 7, '', 0, 389, 1, '2020-09-01 07:49:16'),
(343, '144', '2020-08-13', 27, '', 0, 390, 1, '2020-09-01 07:49:41'),
(344, '145', '2020-08-15', 26, '', 0, 391, 1, '2020-09-01 07:51:51'),
(345, '146', '2020-08-16', 7, '', 0, 392, 1, '2020-09-01 07:53:18'),
(346, '147', '2020-08-16', 8, '', 0, 393, 1, '2020-09-01 07:54:09'),
(347, '148', '2020-08-16', 117, '', 0, 394, 1, '2020-09-01 07:54:59'),
(348, '149', '2020-08-17', 27, '', 0, 395, 1, '2020-09-01 07:56:02'),
(349, '150', '2020-08-17', 7, '', 0, 396, 1, '2020-09-01 07:56:49'),
(350, '151', '2020-08-18', 33, '', 0, 397, 1, '2020-09-01 07:57:34'),
(351, '152', '2020-08-18', 25, '', 0, 398, 1, '2020-09-01 07:58:15'),
(352, '153', '2020-08-18', 7, '', 0, 399, 1, '2020-09-01 07:59:31'),
(353, '154', '2020-08-19', 8, '', 0, 400, 1, '2020-09-01 08:00:27'),
(354, '155', '2020-08-19', 33, '', 0, 401, 1, '2020-09-01 08:01:31'),
(355, '156', '2020-08-19', 26, '', 0, 402, 1, '2020-09-01 08:02:05'),
(356, '157', '2020-08-20', 25, '', 0, 403, 1, '2020-09-01 08:02:49'),
(357, '158', '2020-08-20', 71, '', 0, 404, 1, '2020-09-01 08:03:29'),
(358, '159', '2020-08-20', 32, '', 0, 405, 1, '2020-09-01 08:04:07'),
(359, '160', '2020-08-26', 32, '', 0, 406, 1, '2020-09-01 08:05:03'),
(360, '988', '2020-08-18', 54, '', 0, 456, 1, '2020-09-01 12:24:44'),
(361, '1005', '2020-08-27', 64, '', 0, 457, 1, '2020-09-01 12:26:55'),
(362, '1006', '2020-08-27', 68, '', 0, 458, 1, '2020-09-01 12:27:47'),
(363, '1007', '2020-08-26', 52, '', 0, 459, 1, '2020-09-01 12:28:28'),
(364, '1011', '2020-08-30', 37, '', 0, 460, 1, '2020-09-01 12:29:05'),
(365, '1012', '2020-09-01', 52, '', 0, 461, 1, '2020-09-02 11:10:56'),
(366, '161', '2020-08-26', 54, '', 0, 489, 1, '2020-09-01 12:56:22'),
(368, '991', '2020-08-21', 50, '', 0, 491, 1, '2020-09-01 13:53:46'),
(369, '1008', '2020-09-01', 8, '', 0, 499, 1, '2020-09-10 06:48:46'),
(370, '1009', '2020-09-01', 78, '', 0, 500, 1, '2020-09-10 06:49:50'),
(371, '1010', '2020-09-01', 7, '', 0, 501, 1, '2020-09-10 06:50:32'),
(372, '1013', '2020-09-01', 8, '', 0, 502, 1, '2020-09-10 06:51:43'),
(373, '1014', '2020-09-02', 103, '', 0, 503, 1, '2020-09-10 06:54:00'),
(374, '1015', '2020-09-02', 37, '', 0, 504, 1, '2020-09-10 06:56:36'),
(375, '1016', '2020-09-02', 52, '', 0, 505, 1, '2020-09-10 07:00:25'),
(376, '01', '2020-09-02', 55, '', 0, 506, 1, '2020-09-10 07:05:17'),
(377, '02', '2020-09-02', 71, '', 0, 507, 1, '2020-09-10 07:06:35'),
(378, '03', '2020-09-02', 42, '', 0, 508, 1, '2020-09-10 07:07:08'),
(379, '04', '2020-09-03', 53, '', 0, 509, 1, '2020-10-01 11:02:41'),
(380, '05', '2020-09-03', 62, '', 0, 510, 1, '2020-09-10 07:08:53'),
(381, '06', '2020-09-03', 42, '', 0, 511, 1, '2020-09-10 07:10:07'),
(382, '07', '2020-09-05', 44, '', 0, 512, 1, '2020-09-10 07:10:34'),
(383, '08', '2020-09-05', 100, '', 0, 513, 1, '2020-09-10 07:11:14'),
(384, '09', '2020-09-05', 32, '', 0, 514, 1, '2020-09-10 07:12:04'),
(385, '10', '2020-09-05', 32, '', 0, 515, 1, '2020-09-10 07:12:43'),
(386, '11', '2020-09-07', 40, '', 0, 516, 1, '2020-09-10 07:13:19'),
(387, '12', '2020-09-06', 55, '', 0, 517, 1, '2020-09-10 07:14:26'),
(388, '14', '2020-09-06', 3, '', 0, 518, 1, '2020-09-10 07:15:20'),
(389, '15', '2020-09-06', 32, '', 0, 519, 1, '2020-09-10 07:17:31'),
(390, '16', '2020-09-06', 62, '', 0, 520, 1, '2020-09-10 07:18:33'),
(391, '17', '2020-09-07', 38, '', 0, 521, 1, '2020-09-10 07:19:08'),
(392, '18', '2020-09-06', 32, '', 0, 522, 1, '2020-09-10 07:19:42'),
(393, '19', '2020-09-08', 38, '', 0, 523, 1, '2020-09-10 07:20:20'),
(394, '20', '2020-09-08', 26, '', 0, 524, 1, '2020-09-10 07:21:01'),
(395, '21', '2020-09-08', 29, '', 0, 525, 1, '2020-09-10 07:21:40'),
(396, '22', '2020-09-08', 100, '', 0, 526, 1, '2020-09-10 07:23:46'),
(397, '23', '2020-09-08', 3, '', 0, 527, 1, '2020-09-10 07:24:21'),
(398, '24', '2020-09-09', 52, '', 0, 528, 1, '2020-09-10 07:25:06'),
(399, '25', '2020-09-09', 56, '', 0, 529, 1, '2020-09-10 07:25:48'),
(400, '26', '2020-09-09', 7, '', 0, 530, 1, '2020-09-10 07:27:12'),
(401, '27', '2020-09-09', 100, '', 0, 531, 1, '2020-09-10 07:28:20'),
(402, '28', '2020-09-09', 29, '', 0, 532, 1, '2020-09-10 07:29:09'),
(403, '162', '2020-09-01', 32, '', 0, 533, 1, '2020-09-10 07:32:17'),
(404, '163', '2020-09-01', 54, '', 0, 534, 1, '2020-09-10 07:34:14'),
(405, '164', '2020-09-01', 62, '', 0, 535, 1, '2020-09-10 07:34:46'),
(406, '165', '2020-09-03', 54, '', 0, 536, 1, '2020-09-10 07:35:32'),
(407, '166', '2020-09-03', 54, '', 0, 537, 1, '2020-09-10 07:41:14'),
(408, '167', '2020-09-03', 50, '', 0, 538, 1, '2020-09-10 07:45:22'),
(409, '168', '2020-09-05', 54, '', 0, 539, 1, '2020-09-10 07:46:18'),
(410, '169', '2020-09-09', 71, '', 0, 540, 1, '2020-09-10 07:47:04'),
(411, '170', '2020-09-07', 37, '', 0, 541, 1, '2020-09-10 07:47:43'),
(412, '171', '2020-09-07', 25, '', 0, 542, 1, '2020-09-10 07:48:17'),
(413, '172', '2020-09-08', 26, '', 0, 543, 1, '2020-09-10 07:48:54'),
(414, '173', '2020-09-08', 26, '', 0, 544, 1, '2020-09-10 07:49:31'),
(415, '29', '2020-09-09', 55, '', 0, 545, 1, '2020-09-20 06:39:52'),
(416, '30', '2020-09-10', 8, '', 0, 546, 1, '2020-09-20 06:40:47'),
(417, '31', '2020-09-10', 100, '', 0, 547, 1, '2020-09-20 06:41:57'),
(418, '32', '2020-09-10', 36, '', 0, 548, 1, '2020-09-20 06:42:32'),
(420, '34', '2020-09-10', 112, '', 0, 550, 1, '2020-09-20 06:43:43'),
(421, '35', '2020-09-12', 26, '', 0, 551, 1, '2020-09-20 06:44:14'),
(422, '36', '2020-09-13', 7, '', 0, 552, 1, '2020-09-20 06:44:48'),
(423, '37', '2020-09-13', 23, '', 0, 553, 1, '2020-09-20 06:45:36'),
(424, '38', '2020-09-14', 37, '', 0, 554, 1, '2020-09-20 06:48:01'),
(425, '39', '2020-09-15', 12, '', 0, 555, 1, '2020-09-20 06:49:27'),
(426, '40', '2020-09-15', 124, '', 0, 556, 1, '2020-09-20 07:14:18'),
(427, '41', '2020-09-15', 9, '', 0, 557, 1, '2020-09-20 07:18:29'),
(428, '42', '2020-09-15', 118, '', 0, 558, 1, '2020-09-20 07:19:14'),
(429, '43', '2020-09-15', 26, '', 0, 559, 1, '2020-09-20 07:19:47'),
(430, '44', '2020-09-15', 21, '', 0, 560, 1, '2020-09-20 07:22:34'),
(431, '45', '2020-09-16', 65, '', 0, 561, 1, '2020-09-20 07:23:33'),
(432, '46', '2020-09-16', 62, '', 0, 562, 1, '2020-09-20 07:31:01'),
(433, '47', '2020-09-16', 23, '', 0, 563, 1, '2020-09-20 07:31:42'),
(434, '48', '2020-09-16', 27, '', 0, 564, 1, '2020-09-20 07:32:14'),
(435, '49', '2020-09-16', 37, '', 0, 565, 1, '2020-09-20 07:32:44'),
(436, '50', '2020-09-17', 8, '', 0, 566, 1, '2020-09-20 07:33:38'),
(437, '51', '2020-09-17', 52, '', 0, 567, 1, '2020-09-20 07:34:11'),
(438, '52', '2020-09-17', 32, '', 0, 568, 1, '2020-09-20 07:34:50'),
(439, '53', '2020-09-17', 19, '', 0, 569, 1, '2020-09-20 07:42:58'),
(441, '55', '2020-09-19', 26, '', 0, 571, 1, '2020-09-20 07:44:03'),
(442, '56', '2020-09-19', 122, '', 0, 572, 1, '2020-09-20 07:44:38'),
(443, '57', '2020-09-19', 54, '', 0, 573, 1, '2020-09-20 07:45:09'),
(444, '58', '2020-09-19', 3, '', 0, 574, 1, '2020-09-20 07:45:46'),
(445, '59', '2020-09-19', 21, '', 0, 575, 1, '2020-09-20 07:46:21'),
(446, '60', '2020-09-19', 74, '', 0, 576, 1, '2020-09-20 07:47:00'),
(447, '61', '2020-09-19', 9, '', 0, 577, 1, '2020-09-20 07:47:35'),
(448, '62', '2020-09-19', 12, '', 0, 578, 1, '2020-09-20 07:48:07'),
(449, '63', '2020-09-20', 52, '', 0, 579, 1, '2020-09-20 07:48:34'),
(450, '64', '2020-09-20', 42, '', 0, 580, 1, '2020-09-20 07:49:04'),
(451, '65', '2020-09-20', 74, '', 0, 581, 1, '2020-09-20 07:49:33'),
(452, '66', '2020-09-20', 36, '', 0, 582, 1, '2020-09-21 07:43:25'),
(453, '67', '2020-09-21', 13, '', 0, 584, 1, '2020-09-24 08:06:39'),
(454, '68', '2020-09-21', 53, '', 0, 585, 1, '2020-09-24 08:07:05'),
(455, '69', '2020-09-21', 65, '', 0, 586, 1, '2020-09-24 08:07:35'),
(456, '70', '2020-09-22', 103, '', 0, 587, 1, '2020-09-24 08:08:11'),
(457, '71', '2020-09-22', 55, '', 0, 588, 1, '2020-09-24 08:08:37'),
(458, '72', '2020-09-22', 41, '', 0, 589, 1, '2020-09-24 08:09:07'),
(459, '73', '2020-09-23', 34, '', 0, 590, 1, '2020-09-24 08:09:37'),
(460, '74', '2020-09-23', 118, '', 0, 591, 1, '2020-09-24 08:10:09'),
(461, '75', '2020-09-23', 53, '', 0, 592, 1, '2020-09-24 08:10:34'),
(465, '76', '2020-09-23', 119, '', 0, 596, 1, '2020-09-29 08:04:13'),
(466, '77', '2020-09-26', 19, '', 0, 597, 1, '2020-09-29 08:04:54'),
(467, '78', '2020-09-26', 52, '', 0, 598, 1, '2020-09-29 08:05:23'),
(468, '79', '2020-09-26', 33, '', 0, 599, 1, '2020-09-29 08:05:55'),
(469, '80', '2020-09-27', 6, '', 0, 600, 1, '2020-09-29 08:06:28'),
(470, '81', '2020-09-27', 38, '', 0, 601, 1, '2020-09-29 08:07:01'),
(471, '82', '2020-09-27', 100, '', 0, 602, 1, '2020-09-29 08:07:34'),
(472, '83', '2020-09-28', 100, '', 0, 603, 1, '2020-09-29 08:08:07'),
(473, '84', '2020-09-28', 38, '', 0, 604, 1, '2020-09-29 08:08:48'),
(474, '85', '2020-09-28', 8, '', 0, 605, 1, '2020-09-29 08:09:46'),
(475, '86', '2020-09-28', 55, '', 0, 606, 1, '2020-09-29 08:11:17'),
(476, '185', '2020-09-16', 74, '', 0, 607, 1, '2020-09-29 08:37:15'),
(477, '186', '2020-09-16', 36, '', 0, 608, 1, '2020-09-29 08:38:26'),
(478, '187', '2020-09-16', 50, '', 0, 609, 1, '2020-09-29 08:39:49'),
(479, '188', '2020-09-21', 54, '', 0, 610, 1, '2020-09-29 08:41:45'),
(480, '189', '2020-09-21', 50, '', 0, 611, 1, '2020-09-29 08:42:30'),
(482, '191', '2020-09-23', 21, '', 0, 613, 1, '2020-09-29 08:43:48'),
(483, '192', '2020-09-24', 54, '', 0, 614, 1, '2020-09-29 08:45:00'),
(484, '193', '2020-09-24', 50, '', 0, 615, 1, '2020-09-29 08:45:51'),
(485, '194', '2020-09-26', 6, '', 0, 616, 1, '2020-09-29 08:46:37'),
(486, '195', '2020-09-26', 36, '', 0, 617, 1, '2020-09-29 08:47:17'),
(487, '196', '2020-09-26', 25, '', 0, 618, 1, '2020-09-29 08:47:55'),
(488, '197', '2020-09-27', 21, '', 0, 619, 1, '2020-09-29 08:49:01'),
(489, '198', '2020-09-27', 50, '', 0, 620, 1, '2020-09-29 08:49:41'),
(491, '200', '2020-09-27', 21, '', 0, 622, 1, '2020-09-29 08:51:04'),
(492, '201', '2020-09-29', 27, '', 0, 623, 1, '2020-09-29 08:52:23'),
(493, '174', '2020-09-10', 7, '', 0, 624, 1, '2020-09-29 09:51:00'),
(494, '175', '2020-09-10', 6, '', 0, 625, 1, '2020-09-29 09:51:38'),
(495, '176', '2020-09-12', 37, '', 0, 626, 1, '2020-09-29 09:52:19'),
(496, '177', '2020-09-12', 25, '', 0, 627, 1, '2020-09-29 09:53:16'),
(497, '178', '2020-09-12', 7, '', 0, 628, 1, '2020-09-29 09:53:50'),
(499, '180', '2020-09-13', 32, '', 0, 630, 1, '2020-09-29 09:55:04'),
(500, '181', '2020-09-13', 62, '', 0, 631, 1, '2020-09-29 09:55:50'),
(501, '182', '2020-09-14', 54, '', 0, 632, 1, '2020-09-29 09:56:33'),
(502, '183', '2020-09-14', 32, '', 0, 633, 1, '2020-09-29 09:57:07'),
(503, '184', '2020-09-15', 32, '', 0, 634, 1, '2020-09-29 09:57:38'),
(504, '202', '2020-09-30', 131, '', 0, 635, 1, '2020-10-01 06:05:34'),
(505, '203', '2020-09-30', 8, '', 0, 636, 1, '2020-10-01 06:06:23'),
(506, '204', '2020-09-30', 27, '', 0, 637, 1, '2020-10-01 06:07:18'),
(507, '205', '2020-09-30', 7, '', 0, 638, 1, '2020-10-01 06:08:01'),
(508, '87', '2020-09-29', 7, '', 0, 639, 1, '2020-10-01 06:17:07'),
(509, '88', '2020-09-28', 16, '', 0, 640, 1, '2020-10-01 06:17:38'),
(510, '89', '2020-09-28', 37, '', 0, 641, 1, '2020-10-01 06:18:13'),
(511, '90', '2020-09-30', 51, '', 0, 642, 1, '2020-10-01 06:18:41'),
(512, '91', '2020-09-30', 37, '', 0, 643, 1, '2020-10-01 06:19:38'),
(513, '92', '2020-09-30', 23, '', 0, 644, 1, '2020-10-01 06:20:40'),
(514, '93', '2020-09-30', 52, '', 0, 645, 1, '2020-10-01 06:21:13'),
(515, '94', '2020-09-30', 127, '', 0, 646, 1, '2020-10-01 06:21:57'),
(516, '95', '2020-09-30', 55, '', 0, 647, 1, '2020-10-01 06:22:38'),
(517, '96', '2020-09-30', 61, '', 0, 648, 1, '2020-10-01 06:23:07'),
(518, '54', '2020-09-18', 50, '', 0, 659, 1, '2020-10-01 11:04:33'),
(519, '33', '2020-09-10', 74, '', 0, 660, 1, '2020-10-01 11:06:34'),
(520, '97', '2020-10-01', 21, '', 0, 769, 1, '2020-10-07 13:45:52'),
(521, '98', '2020-10-03', 32, '', 0, 770, 1, '2020-10-07 13:46:39'),
(522, '99', '2020-10-01', 37, '', 0, 771, 1, '2020-10-07 13:47:12'),
(523, '01', '2020-10-02', 50, '', 0, 772, 1, '2020-11-02 11:48:37'),
(524, '02', '2020-10-03', 51, '', 0, 773, 1, '2020-10-07 13:48:46'),
(525, '03', '2020-10-03', 71, '', 0, 774, 1, '2020-10-07 13:49:33'),
(526, '04', '2020-10-03', 21, '', 0, 775, 1, '2020-10-07 13:50:03'),
(527, '05', '2020-10-03', 55, '', 0, 776, 1, '2020-10-07 13:50:31'),
(528, '06', '2020-10-03', 42, '', 0, 777, 1, '2020-10-07 13:50:57'),
(529, '07', '2020-10-04', 32, '', 0, 778, 1, '2020-10-07 13:52:12'),
(531, '05', '2020-10-04', 16, '', 0, 780, 1, '2020-10-07 13:53:17'),
(532, '10', '2020-10-04', 37, '', 0, 781, 1, '2020-10-07 13:53:46'),
(533, '11', '2020-10-05', 51, '', 0, 782, 1, '2020-10-07 13:54:30'),
(534, '12', '2020-10-06', 68, '', 0, 783, 1, '2020-10-07 13:56:01'),
(535, '13', '2020-10-05', 38, '', 0, 784, 1, '2020-10-07 13:56:43'),
(536, '14', '2020-10-05', 54, '', 0, 785, 1, '2020-10-07 13:57:23'),
(537, '15', '2020-10-05', 52, '', 0, 786, 1, '2020-10-07 13:57:49'),
(538, '16', '2020-10-05', 32, '', 0, 787, 1, '2020-10-07 13:58:14'),
(539, '17', '2020-10-05', 16, '', 0, 788, 1, '2020-10-07 13:58:55'),
(540, '18', '2020-10-05', 126, '', 0, 789, 1, '2020-10-07 13:59:22'),
(541, '19', '2020-10-05', 71, '', 0, 790, 1, '2020-10-07 13:59:57'),
(542, '20', '2020-10-05', 21, '', 0, 791, 1, '2020-10-07 14:00:27'),
(543, '21', '2020-10-06', 55, '', 0, 792, 1, '2020-10-07 14:00:56'),
(544, '22', '2020-10-06', 52, '', 0, 793, 1, '2020-10-07 14:01:31'),
(545, '23', '2020-10-06', 131, '', 0, 794, 1, '2020-10-07 14:02:00'),
(546, '24', '2020-10-06', 54, '', 0, 795, 1, '2020-10-07 14:02:27'),
(547, '25', '2020-10-06', 64, '', 0, 796, 1, '2020-10-07 14:03:13'),
(548, '26', '2020-10-07', 55, '', 0, 797, 1, '2020-10-07 14:03:39'),
(549, '27', '2020-10-07', 50, '', 0, 798, 1, '2020-10-07 14:04:36'),
(550, '28', '2020-10-07', 26, '', 0, 799, 1, '2020-10-07 14:05:07'),
(551, '29', '2020-10-07', 8, '', 0, 800, 1, '2020-10-07 14:05:39'),
(552, '30', '2020-10-19', 54, '', 0, 830, 1, '2020-10-19 07:09:32'),
(553, '31', '2020-10-19', 36, '', 0, 831, 1, '2020-10-19 07:10:33'),
(554, '32', '2020-10-19', 38, '', 0, 832, 1, '2020-10-19 07:11:27'),
(555, '33', '2020-10-19', 122, '', 0, 833, 1, '2020-10-19 07:12:34'),
(556, '34', '2020-10-19', 42, '', 0, 834, 1, '2020-10-19 07:13:15'),
(557, '35', '2020-10-19', 13, '', 0, 835, 1, '2020-10-19 07:13:46'),
(558, '36', '2020-10-19', 23, '', 0, 836, 1, '2020-10-19 07:14:14'),
(559, '37', '2020-10-19', 7, '', 0, 837, 1, '2020-10-19 07:14:40'),
(560, '38', '2020-10-19', 8, '', 0, 838, 1, '2020-10-19 07:15:02'),
(561, '39', '2020-10-19', 16, '', 0, 839, 1, '2020-10-19 07:15:24'),
(562, '40', '2020-10-19', 126, '', 0, 840, 1, '2020-10-19 07:15:50'),
(563, '41', '2020-10-19', 50, '', 0, 841, 1, '2020-10-19 07:16:20'),
(564, '42', '2020-10-19', 21, '', 0, 842, 1, '2020-10-19 07:16:42'),
(565, '43', '2020-10-19', 8, '', 0, 843, 1, '2020-10-19 07:17:11'),
(566, '44', '2020-10-19', 52, '', 0, 844, 1, '2020-10-19 07:17:36'),
(567, '45', '2020-10-19', 32, '', 0, 845, 1, '2020-10-19 07:18:03'),
(568, '46', '2020-10-19', 21, '', 0, 846, 1, '2020-10-19 07:18:27'),
(569, '47', '2020-10-19', 16, '', 0, 847, 1, '2020-10-19 07:18:48'),
(570, '48', '2020-10-19', 41, '', 0, 848, 1, '2020-10-19 07:19:10'),
(571, '49', '2020-10-19', 26, '', 0, 849, 1, '2020-10-19 07:19:29'),
(572, '50', '2020-10-19', 34, '', 0, 850, 1, '2020-10-19 07:19:50'),
(573, '51', '2020-10-19', 29, '', 0, 851, 1, '2020-10-19 07:20:10'),
(574, '52', '2020-10-19', 52, '', 0, 852, 1, '2020-10-19 07:20:34'),
(575, '53', '2020-10-19', 9, '', 0, 853, 1, '2020-10-19 07:21:20'),
(576, '54', '2020-10-19', 55, '', 0, 854, 1, '2020-10-19 07:21:39'),
(577, '55', '2020-10-19', 23, '', 0, 855, 1, '2020-10-19 07:22:03'),
(578, '56', '2020-10-19', 34, '', 0, 856, 1, '2020-10-19 07:22:24'),
(579, '57', '2020-10-19', 3, '', 0, 857, 1, '2020-10-19 07:22:43'),
(580, '58', '2020-10-19', 3, '', 0, 858, 1, '2020-10-19 07:23:04'),
(581, '59', '2020-10-19', 36, '', 0, 859, 1, '2020-10-19 07:23:25'),
(583, '61', '2020-10-19', 16, '', 0, 861, 1, '2020-10-19 07:24:11'),
(584, '62', '2020-10-19', 118, '', 0, 862, 1, '2020-10-19 07:24:33'),
(585, '63', '2020-10-19', 32, '', 0, 863, 1, '2020-10-19 07:24:53'),
(586, '64', '2020-10-19', 23, '', 0, 864, 1, '2020-10-19 07:25:14'),
(587, '65', '2020-10-19', 71, '', 0, 865, 1, '2020-10-19 07:25:51'),
(588, '66', '2020-10-19', 102, '', 0, 866, 1, '2020-10-19 07:26:18'),
(589, '67', '2020-10-19', 55, '', 0, 867, 1, '2020-10-19 07:26:36'),
(590, '68', '2020-10-19', 23, '', 0, 868, 1, '2020-10-19 07:26:58'),
(591, '69', '2020-10-19', 21, '', 0, 869, 1, '2020-10-19 07:27:30'),
(592, '70', '2020-10-19', 3, '', 0, 870, 1, '2020-10-19 07:28:01'),
(593, '71', '2020-10-19', 52, '', 0, 871, 1, '2020-10-19 07:28:22'),
(594, '72', '2020-10-19', 102, '', 0, 872, 1, '2020-10-19 07:28:42'),
(595, '73', '2020-10-19', 8, '', 0, 873, 1, '2020-10-19 07:29:06'),
(596, '74', '2020-10-19', 6, '', 0, 874, 1, '2020-10-19 07:29:26'),
(597, '75', '2020-10-19', 26, '', 0, 875, 1, '2020-10-19 07:29:50'),
(598, '76', '2020-10-19', 53, '', 0, 876, 1, '2020-10-19 07:30:09'),
(599, '77', '2020-10-19', 37, '', 0, 877, 1, '2020-10-19 07:30:27'),
(600, '78', '2020-10-19', 37, '', 0, 878, 1, '2020-10-19 07:30:46'),
(601, '79', '2020-10-19', 32, '', 0, 879, 1, '2020-10-19 07:31:05'),
(602, '80', '2020-10-19', 16, '', 0, 880, 1, '2020-10-19 07:31:27'),
(603, '81', '2020-10-19', 26, '', 0, 881, 1, '2020-10-19 07:31:48'),
(605, '82', '2020-10-31', 116, '', 0, 883, 1, '2020-10-31 06:34:36'),
(606, '83', '2020-10-31', 140, '', 0, 884, 1, '2020-10-31 06:35:12'),
(607, '84', '2020-10-31', 13, '', 0, 885, 1, '2020-10-31 06:37:52'),
(608, '85', '2020-10-31', 78, '', 0, 886, 1, '2020-10-31 06:38:25'),
(609, '86', '2020-10-31', 26, '', 0, 887, 1, '2020-10-31 06:38:51'),
(610, '87', '2020-10-31', 3, '', 0, 888, 1, '2020-10-31 06:42:56'),
(611, '88', '2020-10-31', 74, '', 0, 889, 1, '2020-10-31 06:43:25'),
(612, '89', '2020-10-31', 56, '', 0, 890, 1, '2020-10-31 06:43:52'),
(613, '90', '2020-10-31', 42, '', 0, 891, 1, '2020-10-31 06:44:24'),
(614, '91', '2020-10-31', 36, '', 0, 892, 1, '2020-10-31 06:44:44'),
(615, '92', '2020-10-31', 140, '', 0, 893, 1, '2020-10-31 06:45:17'),
(616, '93', '2020-10-31', 136, '', 0, 894, 1, '2020-10-31 06:45:49'),
(617, '94', '2020-10-31', 71, '', 0, 895, 1, '2020-10-31 06:46:08'),
(618, '95', '2020-10-31', 23, '', 0, 896, 1, '2020-10-31 06:46:38'),
(619, '96', '2020-10-31', 36, '', 0, 897, 1, '2020-10-31 06:47:04'),
(620, '97', '2020-10-31', 6, '', 0, 898, 1, '2020-10-31 06:47:38'),
(621, '98', '2020-10-31', 55, '', 0, 899, 1, '2020-10-31 06:48:23'),
(622, '99', '2020-10-31', 141, '', 0, 900, 1, '2020-10-31 06:48:54'),
(623, '100', '2020-10-31', 142, '', 0, 901, 1, '2020-10-31 06:50:34'),
(624, '3001', '2020-10-31', 19, '', 0, 902, 1, '2020-10-31 06:51:54'),
(625, '3002', '2020-10-31', 103, '', 0, 903, 1, '2020-10-31 06:52:21'),
(626, '3003', '2020-10-31', 131, '', 0, 904, 1, '2020-10-31 06:52:54'),
(627, '3004', '2020-10-31', 39, '', 0, 905, 1, '2020-10-31 06:53:18'),
(628, '3005', '2020-10-31', 25, '', 0, 906, 1, '2020-11-02 12:46:30'),
(629, '3006', '2020-10-31', 32, '', 0, 907, 1, '2020-10-31 06:56:41'),
(630, '3007', '2020-10-31', 23, '', 0, 908, 1, '2020-10-31 06:57:05'),
(631, '3008', '2020-10-31', 114, '', 0, 909, 1, '2020-10-31 06:57:46'),
(632, '3009', '2020-10-31', 50, '', 0, 910, 1, '2020-10-31 06:58:14'),
(633, '3010', '2020-10-31', 140, '', 0, 911, 1, '2020-10-31 06:58:35'),
(634, '3011', '2020-10-31', 32, '', 0, 912, 1, '2020-10-31 06:58:55'),
(635, '3012', '2020-10-31', 55, '', 0, 913, 1, '2020-10-31 06:59:19'),
(636, '3013', '2020-10-31', 28, '', 0, 914, 1, '2020-10-31 06:59:42'),
(637, '3014', '2020-10-31', 52, '', 0, 915, 1, '2020-10-31 07:00:04'),
(638, '3015', '2020-10-31', 55, '', 0, 916, 1, '2020-10-31 07:00:29'),
(639, '3016', '2020-10-31', 37, '', 0, 917, 1, '2020-10-31 07:00:59'),
(640, '3017', '2020-10-31', 32, '', 0, 918, 1, '2020-10-31 07:01:42'),
(641, '3018', '2020-10-31', 37, '', 0, 919, 1, '2020-10-31 07:03:29'),
(642, '3019', '2020-10-31', 65, '', 0, 920, 1, '2020-10-31 07:04:15'),
(643, '3020', '2020-10-31', 8, '', 0, 921, 1, '2020-10-31 07:04:49'),
(644, '3021', '2020-10-31', 19, '', 0, 922, 1, '2020-10-31 07:06:31'),
(645, '3022', '2020-10-31', 144, '', 0, 923, 1, '2020-10-31 07:15:54'),
(646, '3023', '2020-10-31', 62, '', 0, 924, 1, '2020-10-31 07:17:05'),
(647, '3024', '2020-10-31', 37, '', 0, 925, 1, '2020-10-31 07:17:38'),
(648, '3025', '2020-10-31', 122, '', 0, 926, 1, '2020-10-31 07:18:42'),
(649, '3026', '2020-10-31', 127, '', 0, 927, 1, '2020-10-31 07:19:25'),
(650, '3027', '2020-10-31', 26, '', 0, 928, 1, '2020-10-31 07:19:48'),
(651, '3028', '2020-10-31', 145, '', 0, 929, 1, '2020-10-31 07:20:30'),
(652, '3029', '2020-10-31', 12, '', 0, 930, 1, '2020-10-31 07:21:21'),
(653, '3030', '2020-10-31', 64, '', 0, 931, 1, '2020-10-31 07:21:55'),
(654, '3031', '2020-10-31', 36, '', 0, 932, 1, '2020-10-31 07:22:25'),
(655, '3032', '2020-10-31', 13, '', 0, 933, 1, '2020-10-31 07:22:53'),
(656, '3033', '2020-10-31', 8, '', 0, 934, 1, '2020-10-31 07:23:17'),
(657, '3034', '2020-10-31', 50, '', 0, 935, 1, '2020-10-31 07:24:44'),
(658, '3035', '2020-10-31', 68, '', 0, 936, 1, '2020-10-31 07:25:23'),
(659, '3036', '2020-10-31', 52, '', 0, 937, 1, '2020-10-31 07:30:18'),
(660, '3037', '2020-10-31', 71, '', 0, 938, 1, '2020-11-07 08:16:59'),
(661, '3038', '2020-10-31', 78, '', 0, 939, 1, '2020-10-31 07:31:09'),
(662, '3039', '2020-10-31', 33, '', 0, 940, 1, '2020-10-31 07:31:33'),
(663, '300', '2020-10-31', 36, '', 0, 941, 1, '2020-10-31 07:31:54'),
(664, '3041', '2020-10-31', 19, '', 0, 942, 1, '2020-10-31 07:32:18'),
(665, '10206', '2020-10-31', 27, '', 0, 943, 1, '2020-10-31 07:50:00'),
(666, '10207', '2020-10-31', 25, '', 0, 944, 1, '2020-10-31 08:13:53'),
(667, '10208', '2020-10-31', 6, '', 0, 945, 1, '2020-10-31 08:14:28'),
(668, '10209', '2020-10-31', 22, '', 0, 946, 1, '2020-10-31 08:14:52'),
(669, '10210', '2020-10-31', 26, '', 0, 947, 1, '2020-10-31 08:15:30'),
(670, '10211', '2020-10-31', 8, '', 0, 948, 1, '2020-10-31 08:16:03'),
(671, '10212', '2020-10-31', 36, '', 0, 949, 1, '2020-10-31 08:16:25'),
(672, '10213', '2020-10-31', 7, '', 0, 950, 1, '2020-10-31 08:16:48'),
(673, '10214', '2020-10-31', 27, '', 0, 951, 1, '2020-10-31 08:17:18'),
(674, '10215', '2020-10-31', 7, '', 0, 952, 1, '2020-10-31 08:17:40'),
(675, '10216', '2020-10-31', 26, '', 0, 953, 1, '2020-10-31 08:18:08'),
(676, '10217', '2020-10-31', 7, '', 0, 954, 1, '2020-10-31 08:18:45'),
(677, '10218', '2020-10-31', 23, '', 0, 955, 1, '2020-10-31 08:19:32'),
(678, '10219', '2020-10-31', 27, '', 0, 956, 1, '2020-10-31 08:20:00'),
(679, '10220', '2020-10-31', 8, '', 0, 957, 1, '2020-10-31 08:20:23'),
(680, '10221', '2020-10-31', 6, '', 0, 958, 1, '2020-10-31 08:20:46'),
(681, '10222', '2020-10-31', 71, '', 0, 959, 1, '2020-10-31 08:22:04'),
(682, '10223', '2020-10-31', 6, '', 0, 960, 1, '2020-10-31 08:22:34'),
(683, '10224', '2020-10-10', 32, '', 0, 961, 1, '2020-11-09 06:55:08'),
(684, '10225', '2020-10-31', 7, '', 0, 962, 1, '2020-10-31 08:23:18'),
(685, '10226', '2020-10-31', 36, '', 0, 963, 1, '2020-10-31 08:24:09'),
(686, '10227', '2020-10-31', 62, '', 0, 964, 1, '2020-10-31 08:24:49'),
(687, '10228', '2020-10-31', 27, '', 0, 965, 1, '2020-10-31 08:25:14'),
(688, '10229', '2020-10-31', 12, '', 0, 966, 1, '2020-10-31 08:25:36'),
(689, '10230', '2020-10-31', 27, '', 0, 967, 1, '2020-10-31 08:25:58'),
(690, '10231', '2020-10-31', 50, '', 0, 968, 1, '2020-10-31 08:29:41'),
(691, '10232', '2020-10-31', 13, '', 0, 969, 1, '2020-10-31 08:30:24'),
(692, '10234', '2020-10-31', 21, '', 0, 970, 1, '2020-10-31 08:31:41'),
(693, '10235', '2020-10-31', 42, '', 0, 971, 1, '2020-10-31 08:32:36'),
(694, '10236', '2020-10-31', 54, '', 0, 972, 1, '2020-10-31 08:33:42'),
(695, '10235', '2020-10-31', 54, '', 0, 973, 1, '2020-10-31 08:34:50'),
(696, '10233', '2020-10-31', 50, '', 0, 974, 1, '2020-10-31 08:35:22'),
(697, '10236', '2020-10-31', 27, '', 0, 975, 1, '2020-10-31 08:35:54'),
(698, '10237', '2020-10-31', 19, '', 0, 976, 1, '2020-10-31 08:36:19'),
(699, '10238', '2020-10-31', 35, '', 0, 977, 1, '2020-10-31 08:37:35'),
(700, '10239', '2020-10-31', 54, '', 0, 978, 1, '2020-10-31 08:38:04'),
(701, '10238', '2020-10-31', 50, '', 0, 979, 1, '2020-10-31 08:38:34'),
(702, '10239', '2020-10-31', 50, '', 0, 980, 1, '2020-10-31 08:39:05'),
(703, '10240', '2020-10-31', 3, '', 0, 981, 1, '2020-10-31 08:39:34'),
(704, '10241', '2020-10-31', 21, '', 0, 982, 1, '2020-10-31 08:40:23'),
(705, '10242', '2020-10-31', 50, '', 0, 983, 1, '2020-10-31 08:40:49'),
(706, '10243', '2020-10-31', 50, '', 0, 984, 1, '2020-10-31 08:41:20'),
(707, '10243', '2020-10-31', 50, '', 0, 985, 1, '2020-10-31 08:41:49'),
(708, '10245', '2020-10-31', 146, '', 0, 986, 1, '2020-10-31 08:42:48'),
(709, '10246', '2020-10-31', 35, '', 0, 987, 1, '2020-10-31 08:43:29'),
(710, '10247', '2020-10-31', 8, '', 0, 988, 1, '2020-10-31 08:43:55'),
(711, '10248', '2020-10-31', 30, '', 0, 989, 1, '2020-10-31 08:44:27'),
(712, '10249', '2020-10-31', 37, '', 0, 990, 1, '2020-10-31 08:44:53'),
(713, '10250', '2020-10-25', 32, '', 0, 991, 1, '2020-11-09 06:55:23'),
(714, '10251', '2020-10-31', 21, '', 0, 992, 1, '2020-10-31 08:45:41'),
(715, '10252', '2020-10-31', 21, '', 0, 993, 1, '2020-10-31 08:46:25'),
(716, '10253', '2020-10-31', 50, '', 0, 994, 1, '2020-10-31 08:46:59'),
(717, '10254', '2020-10-31', 140, '', 0, 995, 1, '2020-10-31 08:47:27'),
(718, '10255', '2020-10-31', 50, '', 0, 996, 1, '2020-10-31 08:47:59'),
(719, '10256', '2020-10-31', 54, '', 0, 997, 1, '2020-10-31 08:49:04'),
(720, '60', '2020-10-14', 13, '', 0, 1075, 1, '2020-10-31 13:04:56'),
(721, '10234', '2020-10-31', 54, '', 0, 1136, 1, '2020-11-01 17:10:06'),
(722, '10235', '2020-10-31', 54, '', 0, 1137, 1, '2020-11-01 17:10:37'),
(723, '000', '2020-10-01', 44, '', 0, 1145, 1, '2020-11-05 06:14:38'),
(724, '3042', '2020-11-01', 118, '', 0, 1146, 1, '2020-11-05 06:30:36'),
(725, '3043', '2020-11-01', 36, '', 0, 1147, 1, '2020-11-05 06:31:12'),
(726, '3044', '2020-11-01', 55, '', 0, 1148, 1, '2020-11-05 06:31:47'),
(727, '3045', '2020-11-01', 51, '', 0, 1149, 1, '2020-11-05 06:32:19'),
(728, '3046', '2020-11-01', 8, '', 0, 1150, 1, '2020-11-05 06:34:00'),
(729, '3047', '2020-11-02', 8, '', 0, 1151, 1, '2020-11-05 06:34:54'),
(730, '3048', '2020-11-02', 66, '', 0, 1152, 1, '2020-11-05 06:35:57'),
(731, '3049', '2020-11-02', 103, '', 0, 1153, 1, '2020-11-05 06:36:20'),
(732, '3050', '2020-11-02', 32, '', 0, 1154, 1, '2020-11-05 06:36:40'),
(733, '3051', '2020-11-02', 37, '', 0, 1155, 1, '2020-11-05 06:36:59'),
(734, '3052', '2020-11-03', 37, '', 0, 1156, 1, '2020-11-05 06:37:19'),
(735, '3053', '2020-11-03', 52, '', 0, 1157, 1, '2020-11-05 06:37:41'),
(736, '3054', '2020-11-03', 149, '', 0, 1158, 1, '2020-11-05 06:38:27'),
(737, '3055', '2020-11-03', 32, '', 0, 1159, 1, '2020-11-05 06:38:47'),
(738, '3056', '2020-11-03', 8, '', 0, 1160, 1, '2020-11-05 06:39:08'),
(739, '3057', '2020-11-04', 53, '', 0, 1161, 1, '2020-11-05 06:39:29'),
(740, '3058', '2020-11-04', 52, '', 0, 1162, 1, '2020-11-05 06:39:51'),
(741, '3059', '2020-11-04', 55, '', 0, 1163, 1, '2020-11-05 06:40:17'),
(742, '3060', '2020-11-04', 140, '', 0, 1164, 1, '2020-11-05 06:40:41'),
(743, '3061', '2020-11-05', 13, '', 0, 1165, 1, '2020-11-05 06:41:07'),
(744, '3062', '2020-11-05', 6, '', 0, 1166, 1, '2020-11-07 08:20:07'),
(746, '10037', '2020-11-01', 28, '', 0, 1168, 1, '2020-11-05 07:20:05'),
(747, '10038', '2020-11-01', 50, '', 0, 1169, 1, '2020-11-05 07:20:33'),
(751, '10044', '2020-11-03', 6, '', 0, 1173, 1, '2020-11-05 07:23:10'),
(753, '10046', '2020-11-03', 71, '', 0, 1175, 1, '2020-11-05 07:24:11'),
(754, '10047', '2020-11-04', 12, '', 0, 1176, 1, '2020-11-05 07:25:05'),
(755, '10048', '2020-11-04', 22, '', 0, 1177, 1, '2020-11-05 07:25:33'),
(757, '10050', '2020-11-04', 12, '', 0, 1179, 1, '2020-11-05 07:26:26'),
(759, '10052', '2020-11-05', 22, '', 0, 1181, 1, '2020-11-05 07:27:22'),
(761, '10054', '2020-11-05', 8, '', 0, 1183, 1, '2020-11-05 07:28:23'),
(763, '000', '2020-11-09', 32, '', 0, 1188, 1, '2020-11-09 07:07:43'),
(764, '0001', '2020-11-09', 32, '', 0, 1189, 1, '2020-11-09 07:09:58'),
(766, '3063', '2020-11-05', 16, '', 0, 1191, 1, '2020-11-09 07:20:28'),
(767, '3064', '2020-11-05', 150, '', 0, 1192, 1, '2020-11-09 07:21:11'),
(768, '3065', '2020-11-09', 3, '', 0, 1193, 1, '2020-11-09 07:23:11'),
(769, '3066', '2020-11-08', 51, '', 0, 1194, 1, '2020-11-09 07:23:41'),
(770, '3067', '2020-11-08', 6, '', 0, 1195, 1, '2020-11-09 07:24:26'),
(771, '3068', '2020-11-08', 32, '', 0, 1196, 1, '2020-11-09 07:25:00');
INSERT INTO `delivery` (`id`, `gatepass_id`, `date`, `customer_id`, `claim`, `labour_id`, `customer_payment_id`, `status`, `ts`) VALUES
(772, '3069', '2020-11-08', 37, '', 0, 1197, 1, '2020-11-09 07:25:36'),
(773, '3070', '2020-11-08', 140, '', 0, 1198, 1, '2020-11-09 07:26:10'),
(774, '3071', '2020-11-08', 37, '', 0, 1199, 1, '2020-11-17 04:28:34'),
(775, '3071', '2020-11-08', 6, '', 0, 1200, 1, '2020-11-17 04:29:03'),
(776, '3073', '2020-11-09', 135, '', 0, 1201, 1, '2020-11-17 04:30:19'),
(777, '3074', '2020-11-09', 8, '', 0, 1202, 1, '2020-11-17 04:31:22'),
(778, '3075', '2020-11-09', 118, '', 0, 1203, 1, '2020-11-17 04:31:48'),
(779, '3076', '2020-11-11', 152, '', 0, 1204, 1, '2020-11-17 04:32:18'),
(780, '3077', '2020-11-11', 34, '', 0, 1205, 1, '2020-11-17 04:32:41'),
(781, '3078', '2020-11-11', 8, '', 0, 1206, 1, '2020-11-17 04:33:05'),
(782, '3079', '2020-11-12', 27, '', 0, 1207, 1, '2020-11-17 04:33:41'),
(783, '3080', '2020-11-12', 52, '', 0, 1208, 1, '2020-11-17 04:34:17'),
(784, '3081', '2020-11-12', 42, '', 0, 1209, 1, '2020-11-17 04:34:41'),
(785, '3082', '2020-11-12', 151, '', 0, 1210, 1, '2020-11-17 04:35:21'),
(786, '3083', '2020-11-14', 124, '', 0, 1211, 1, '2020-11-17 04:35:52'),
(787, '3084', '2020-11-14', 102, '', 0, 1212, 1, '2020-11-17 04:36:20'),
(788, '3085', '2020-11-14', 37, '', 0, 1213, 1, '2020-11-17 04:36:59'),
(789, '3086', '2020-11-14', 156, '', 0, 1214, 1, '2020-11-30 13:51:25'),
(790, '3087', '2020-11-14', 23, '', 0, 1215, 1, '2020-11-17 04:38:07'),
(791, '3088', '2020-11-12', 6, '', 0, 1216, 1, '2020-11-17 04:38:36'),
(792, '3089', '2020-11-14', 19, '', 0, 1217, 1, '2020-11-17 04:39:08'),
(793, '3091', '2020-11-15', 7, '', 0, 1218, 1, '2020-11-17 04:39:48'),
(794, '3092', '2020-11-15', 8, '', 0, 1219, 1, '2020-11-17 04:40:17'),
(795, '3093', '2020-11-15', 140, '', 0, 1220, 1, '2020-11-17 04:40:50'),
(796, '3094', '2020-11-16', 38, '', 0, 1221, 1, '2020-11-17 04:41:14'),
(797, '3100', '2020-11-16', 71, '', 0, 1222, 1, '2020-11-17 04:42:33'),
(798, '3101', '2020-11-16', 140, '', 0, 1223, 1, '2020-11-17 04:45:53'),
(799, '3102', '2020-11-17', 8, '', 0, 1243, 1, '2020-11-16 10:27:54'),
(800, '3103', '2020-11-17', 55, '', 0, 1244, 1, '2020-11-16 10:28:29'),
(801, '3104', '2020-11-18', 37, '', 0, 1245, 1, '2020-11-16 10:29:00'),
(802, '3105', '2020-11-18', 16, '', 0, 1246, 1, '2020-11-16 10:29:28'),
(803, '3106', '2020-11-18', 78, '', 0, 1247, 1, '2020-11-16 10:29:51'),
(804, '3107', '2020-11-18', 32, '', 0, 1248, 1, '2020-11-16 10:30:18'),
(805, '3108', '2020-11-18', 124, '', 0, 1249, 1, '2020-11-16 10:30:53'),
(806, '3109', '2020-11-19', 26, '', 0, 1250, 1, '2020-11-16 10:31:37'),
(807, '3110', '2020-11-19', 114, '', 0, 1251, 1, '2020-11-16 10:32:45'),
(808, '3111', '2020-11-19', 66, '', 0, 1252, 1, '2020-11-16 10:33:17'),
(809, '3112', '2020-11-19', 3, '', 0, 1253, 1, '2020-11-16 10:33:42'),
(810, '3113', '2020-11-19', 78, '', 0, 1254, 1, '2020-11-16 10:34:08'),
(811, '3114', '2020-11-19', 71, '', 0, 1255, 1, '2020-11-16 10:34:50'),
(812, '3115', '2020-11-19', 38, '', 0, 1256, 1, '2020-11-16 10:35:13'),
(813, '3116', '2020-11-19', 19, '', 0, 1257, 1, '2020-11-16 10:38:03'),
(814, '3117', '2020-11-19', 114, '', 0, 1258, 1, '2020-11-16 10:38:39'),
(815, '3118', '2020-11-21', 12, '', 0, 1259, 1, '2020-11-16 10:39:06'),
(816, '3119', '2020-11-21', 126, '', 0, 1260, 1, '2020-11-16 10:39:29'),
(817, '3120', '2020-11-22', 16, '', 0, 1261, 1, '2020-11-16 10:39:57'),
(818, '3121', '2020-11-23', 32, '', 0, 1262, 1, '2020-11-16 10:41:10'),
(819, '3122', '2020-11-22', 140, '', 0, 1263, 1, '2020-11-16 11:03:40'),
(820, '3097', '2020-11-17', 7, '', 0, 1264, 1, '2020-11-16 11:06:51'),
(821, '3095', '2020-11-16', 32, '', 0, 1265, 1, '2020-11-16 11:10:28'),
(822, '3098', '2020-11-17', 78, '', 0, 1266, 1, '2020-11-16 11:12:39'),
(823, '3099', '2020-11-17', 23, '', 0, 1267, 1, '2020-11-16 11:20:09'),
(824, '3090', '2020-11-14', 42, '', 0, 1268, 1, '2020-11-16 11:25:10'),
(825, '3096', '2020-11-17', 131, '', 0, 1269, 1, '2020-11-16 11:27:14'),
(826, '000', '2020-11-30', 41, '', 0, 1319, 1, '2020-11-30 12:27:06'),
(827, '10101', '2020-11-28', 23, '', 0, 1357, 1, '2020-11-30 15:24:34'),
(829, '10103', '2020-11-28', 54, '', 0, 1359, 1, '2020-11-30 15:26:29'),
(830, '10104', '2020-11-29', 40, '', 0, 1360, 1, '2020-11-30 15:27:29'),
(831, '10105', '2020-11-29', 65, '', 0, 1361, 1, '2020-11-30 15:28:08'),
(832, '10106', '2020-11-29', 144, '', 0, 1362, 1, '2020-11-30 15:28:53'),
(833, '10107', '2020-11-29', 37, '', 0, 1363, 1, '2020-11-30 15:29:31'),
(835, '10109', '2020-11-30', 9, '', 0, 1365, 1, '2020-11-30 15:31:21'),
(836, '10110', '2020-11-30', 54, '', 0, 1366, 1, '2020-11-30 15:31:56'),
(840, '10039', '2020-11-02', 54, '', 0, 1370, 1, '2020-11-03 09:50:54'),
(841, '10040', '2020-11-02', 27, '', 0, 1371, 1, '2020-11-03 09:51:54'),
(842, '10041', '2020-11-03', 23, '', 0, 1372, 1, '2020-11-03 09:52:38'),
(844, '10045', '2020-11-03', 36, '', 0, 1374, 1, '2020-11-03 09:54:05'),
(848, '10049', '2020-11-04', 126, '', 0, 1378, 1, '2020-11-03 09:57:01'),
(850, '10051', '2020-11-04', 44, '', 0, 1380, 1, '2020-11-03 09:58:09'),
(852, '10053', '2020-11-05', 25, '', 0, 1382, 1, '2020-11-03 09:59:28'),
(854, '10055', '2020-11-05', 50, '', 0, 1384, 1, '2020-11-03 10:00:27'),
(855, '10056', '2020-11-08', 32, '', 0, 1385, 1, '2020-11-03 10:01:02'),
(856, '10057', '2020-11-08', 54, '', 0, 1386, 1, '2020-11-03 10:01:50'),
(857, '10058', '2020-11-08', 146, '', 0, 1387, 1, '2020-11-03 10:02:35'),
(858, '10059', '2020-11-08', 12, '', 0, 1388, 1, '2020-11-03 10:03:02'),
(859, '10060', '2020-11-08', 37, '', 0, 1389, 1, '2020-11-03 10:03:33'),
(860, '10061', '2020-11-08', 32, '', 0, 1390, 1, '2020-11-03 10:04:04'),
(861, '10062', '2020-11-09', 54, '', 0, 1391, 1, '2020-11-03 10:04:40'),
(862, '10063', '2020-11-09', 21, '', 0, 1392, 1, '2020-11-30 15:22:28'),
(863, '10064', '2020-11-10', 50, '', 0, 1393, 1, '2020-11-03 10:05:42'),
(864, '10065', '2020-11-12', 27, '', 0, 1394, 1, '2020-11-03 10:06:25'),
(865, '10068', '2020-11-14', 21, '', 0, 1395, 1, '2020-11-03 10:07:22'),
(866, '10069', '2020-11-14', 21, '', 0, 1396, 1, '2020-11-03 10:07:49'),
(867, '10070', '2020-11-15', 147, '', 0, 1397, 1, '2020-11-04 13:22:18'),
(868, '10071', '2020-11-15', 23, '', 0, 1398, 1, '2020-11-04 13:22:51'),
(869, '10072', '2020-11-16', 8, '', 0, 1399, 1, '2020-11-04 13:23:17'),
(870, '10073', '2020-11-15', 54, '', 0, 1400, 1, '2020-11-04 13:24:10'),
(871, '10074', '2020-11-16', 66, '', 0, 1401, 1, '2020-11-04 13:24:39'),
(872, '10075', '2020-11-16', 25, '', 0, 1402, 1, '2020-11-04 13:25:06'),
(873, '10076', '2020-11-18', 71, '', 0, 1403, 1, '2020-11-04 13:25:42'),
(874, '10078', '2020-11-18', 19, '', 0, 1404, 1, '2020-11-04 13:26:15'),
(875, '10079', '2020-11-18', 36, '', 0, 1405, 1, '2020-11-04 13:26:41'),
(876, '10080', '2020-11-18', 26, '', 0, 1406, 1, '2020-11-04 13:27:10'),
(877, '10082', '2020-11-19', 126, '', 0, 1407, 1, '2020-11-04 13:27:48'),
(878, '10083', '2020-11-19', 54, '', 0, 1408, 1, '2020-11-04 13:28:15'),
(879, '10085', '2020-11-21', 7, '', 0, 1409, 1, '2020-11-04 13:28:47'),
(880, '10086', '2020-11-21', 126, '', 0, 1410, 1, '2020-11-04 13:29:17'),
(881, '10087', '2020-11-21', 6, '', 0, 1411, 1, '2020-11-04 13:29:50'),
(882, '10088', '2020-11-21', 44, '', 0, 1412, 1, '2020-11-04 13:30:19'),
(883, '10089', '2020-11-23', 26, '', 0, 1413, 1, '2020-11-04 13:30:51'),
(884, '10090', '2020-11-23', 26, '', 0, 1414, 1, '2020-11-04 13:31:23'),
(885, '10091', '2020-11-23', 3, '', 0, 1415, 1, '2020-11-04 13:32:31'),
(886, '10092', '2020-11-24', 21, '', 0, 1416, 1, '2020-11-04 13:33:16'),
(887, '10093', '2020-11-24', 153, '', 0, 1417, 1, '2020-11-04 13:33:51'),
(888, '10094', '2020-11-25', 62, '', 0, 1418, 1, '2020-11-04 13:34:28'),
(889, '10095', '2020-11-25', 50, '', 0, 1419, 1, '2020-11-04 13:34:57'),
(890, '10096', '2020-11-26', 146, '', 0, 1420, 1, '2020-11-04 13:35:35'),
(891, '10097', '2020-11-25', 65, '', 0, 1421, 1, '2020-11-04 13:36:05'),
(892, '10098', '2020-11-26', 13, '', 0, 1422, 1, '2020-11-04 13:36:37'),
(893, '10099', '2020-11-25', 54, '', 0, 1423, 1, '2020-11-04 13:37:10'),
(894, '10100', '2020-11-28', 102, '', 0, 1424, 1, '2020-11-04 13:37:44'),
(895, '00', '2020-11-30', 5, '', 0, 1463, 1, '2020-11-30 14:41:29'),
(896, '00', '2020-11-30', 9, '', 0, 1467, 1, '2020-11-30 15:01:17'),
(897, '00', '2020-11-30', 30, '', 0, 1470, 1, '2020-11-30 01:56:48'),
(898, '00', '2020-11-30', 33, '', 0, 1473, 1, '2020-11-30 02:02:32'),
(899, '00', '2020-11-30', 65, '', 0, 1476, 1, '2020-11-30 02:15:05'),
(900, '00', '2020-11-30', 43, '', 0, 1477, 1, '2020-11-30 02:23:22'),
(903, '00', '2020-11-30', 74, '', 0, 1480, 1, '2020-11-30 07:09:08'),
(904, '00', '2020-11-30', 155, '', 0, 1484, 1, '2020-11-30 07:21:58'),
(905, '00', '2020-11-30', 17, '', 0, 1485, 1, '2020-11-30 10:45:51'),
(906, '00', '2020-11-30', 29, '', 0, 1486, 1, '2020-11-30 11:17:21'),
(907, '00', '2020-11-30', 35, '', 0, 1487, 1, '2020-11-30 11:19:42'),
(910, '179', '2020-09-13', 55, '', 0, 1493, 1, '2020-12-17 09:21:20'),
(911, '199', '2020-09-29', 55, '', 0, 1494, 1, '2020-12-17 09:21:55'),
(912, '190', '2020-09-30', 55, '', 0, 1495, 1, '2020-12-17 09:22:51'),
(913, 'sada osama', '2020-11-03', 55, '', 0, 1496, 1, '2020-12-17 09:24:14'),
(914, '36', '2020-11-01', 55, '', 0, 1497, 1, '2020-12-17 09:24:56'),
(915, '2', '2020-11-28', 55, '', 0, 1498, 1, '2020-12-17 09:26:46'),
(916, '8', '2020-11-30', 55, '', 0, 1499, 1, '2020-12-21 16:33:11');

-- --------------------------------------------------------

--
-- Table structure for table `delivery_items`
--

CREATE TABLE `delivery_items` (
  `id` int(11) NOT NULL,
  `delivery_id` int(11) NOT NULL,
  `machine_id` int(11) NOT NULL,
  `color_id` int(11) NOT NULL,
  `size_id` int(11) NOT NULL,
  `design_id` int(11) NOT NULL,
  `quantity` int(11) NOT NULL,
  `extra` int(11) NOT NULL,
  `unit_price` decimal(10,2) NOT NULL,
  `ts` timestamp NOT NULL DEFAULT current_timestamp() ON UPDATE current_timestamp()
) ENGINE=InnoDB DEFAULT CHARSET=latin1;

--
-- Dumping data for table `delivery_items`
--

INSERT INTO `delivery_items` (`id`, `delivery_id`, `machine_id`, `color_id`, `size_id`, `design_id`, `quantity`, `extra`, `unit_price`, `ts`) VALUES
(5, 2, 16, 14, 2, 130, 240, 0, '60.00', '2020-08-08 10:00:13'),
(6, 3, 16, 16, 2, 130, 100, 0, '50.00', '2020-08-08 10:01:55'),
(7, 4, 16, 16, 2, 130, 500, 0, '50.00', '2020-08-08 10:03:03'),
(8, 5, 16, 16, 2, 130, 500, 0, '50.00', '2020-08-08 10:03:56'),
(9, 6, 16, 16, 2, 111, 600, 0, '50.00', '2020-08-08 10:05:15'),
(10, 7, 16, 15, 2, 130, 300, 0, '50.00', '2020-08-08 10:06:09'),
(11, 8, 16, 15, 2, 130, 200, 0, '50.00', '2020-08-08 10:07:13'),
(12, 9, 16, 15, 2, 130, 300, 0, '50.00', '2020-08-08 10:09:03'),
(13, 10, 16, 16, 2, 130, 600, 0, '50.00', '2020-08-08 10:09:40'),
(14, 11, 16, 15, 2, 130, 200, 0, '50.00', '2020-08-08 10:39:34'),
(15, 12, 16, 15, 2, 141, 250, 0, '50.00', '2020-08-08 10:40:35'),
(16, 13, 16, 16, 2, 111, 480, 0, '50.00', '2020-08-08 10:41:33'),
(18, 15, 16, 16, 2, 135, 269, 0, '50.00', '2020-08-08 10:45:13'),
(19, 16, 16, 15, 2, 130, 600, 0, '50.00', '2020-08-08 10:46:06'),
(20, 17, 16, 15, 2, 10, 120, 0, '50.00', '2020-08-08 10:48:23'),
(21, 17, 16, 15, 2, 142, 120, 0, '50.00', '2020-08-08 10:48:23'),
(22, 17, 16, 15, 2, 123, 40, 0, '50.00', '2020-08-08 10:48:23'),
(23, 18, 16, 14, 2, 130, 300, 0, '60.00', '2020-08-08 10:49:49'),
(24, 19, 16, 16, 2, 111, 305, 0, '50.00', '2020-08-08 10:51:11'),
(25, 20, 16, 14, 2, 130, 265, 0, '60.00', '2020-08-08 10:51:53'),
(27, 21, 16, 15, 2, 10, 180, 0, '50.00', '2020-08-08 10:56:11'),
(28, 21, 16, 15, 2, 123, 180, 0, '50.00', '2020-08-08 10:56:11'),
(29, 21, 16, 15, 2, 111, 180, 0, '50.00', '2020-08-08 10:56:11'),
(31, 21, 16, 18, 2, 144, 45, 0, '75.00', '2020-08-08 10:57:32'),
(32, 22, 16, 16, 2, 145, 290, 0, '50.00', '2020-08-08 10:59:20'),
(33, 23, 16, 15, 2, 130, 500, 0, '50.00', '2020-08-08 11:01:19'),
(34, 24, 16, 16, 2, 145, 525, 0, '50.00', '2020-08-08 11:04:03'),
(35, 25, 16, 16, 2, 145, 400, 0, '50.00', '2020-08-08 11:04:55'),
(37, 26, 16, 15, 2, 130, 774, 0, '50.00', '2020-08-08 11:13:08'),
(38, 27, 16, 16, 6, 145, 800, 0, '50.00', '2020-08-08 11:14:25'),
(39, 28, 16, 16, 6, 145, 787, 0, '50.00', '2020-08-08 11:15:17'),
(40, 29, 16, 16, 2, 135, 10, 0, '50.00', '2020-08-08 11:16:03'),
(41, 30, 16, 16, 2, 130, 50, 0, '50.00', '2020-08-08 11:20:17'),
(42, 31, 16, 16, 6, 145, 200, 0, '50.00', '2020-08-08 11:21:14'),
(43, 31, 16, 16, 2, 145, 200, 0, '50.00', '2020-08-08 11:21:14'),
(44, 32, 16, 16, 2, 145, 852, 0, '50.00', '2020-08-08 11:21:47'),
(45, 33, 16, 16, 2, 145, 645, 0, '50.00', '2020-08-08 11:23:23'),
(46, 34, 16, 15, 2, 143, 600, 0, '50.00', '2020-08-08 11:36:24'),
(47, 35, 16, 16, 2, 145, 120, 0, '50.00', '2020-08-08 11:40:37'),
(48, 35, 16, 16, 2, 130, 144, 0, '50.00', '2020-08-08 11:40:37'),
(49, 36, 16, 15, 2, 111, 300, 0, '50.00', '2020-08-08 11:46:29'),
(50, 37, 16, 16, 2, 111, 100, 0, '50.00', '2020-08-08 11:47:41'),
(51, 38, 16, 16, 2, 130, 235, 0, '50.00', '2020-08-08 11:49:17'),
(52, 39, 16, 15, 2, 130, 40, 0, '50.00', '2020-08-08 11:59:35'),
(53, 40, 16, 16, 2, 130, 170, 0, '50.00', '2020-08-08 12:04:39'),
(54, 41, 16, 16, 2, 130, 300, 0, '50.00', '2020-08-08 12:08:17'),
(55, 42, 16, 15, 2, 143, 180, 0, '50.00', '2020-08-08 12:12:11'),
(56, 42, 16, 18, 2, 123, 30, 0, '75.00', '2020-08-08 12:12:11'),
(57, 43, 16, 15, 2, 133, 100, 0, '50.00', '2020-08-08 12:14:18'),
(58, 43, 16, 15, 2, 143, 124, 0, '50.00', '2020-08-08 12:14:19'),
(59, 44, 16, 15, 2, 130, 250, 0, '50.00', '2020-08-08 12:15:04'),
(60, 45, 16, 16, 2, 130, 150, 0, '50.00', '2020-08-08 12:15:47'),
(61, 46, 16, 16, 2, 145, 398, 0, '50.00', '2020-08-08 12:16:36'),
(62, 47, 16, 20, 2, 144, 23, 0, '75.00', '2020-08-08 12:19:28'),
(63, 48, 16, 16, 2, 145, 360, 0, '50.00', '2020-08-08 12:21:27'),
(64, 49, 16, 20, 2, 130, 244, 0, '75.00', '2020-08-08 12:23:06'),
(65, 50, 16, 15, 2, 130, 950, 0, '50.00', '2020-08-10 06:40:32'),
(66, 51, 16, 16, 2, 130, 75, 0, '50.00', '2020-08-08 12:25:24'),
(67, 52, 16, 16, 2, 145, 450, 0, '50.00', '2020-08-08 12:26:03'),
(68, 53, 16, 16, 2, 130, 412, 0, '50.00', '2020-08-08 12:27:07'),
(69, 54, 16, 16, 2, 130, 441, 0, '50.00', '2020-08-08 12:27:56'),
(70, 55, 16, 16, 2, 130, 250, 0, '50.00', '2020-08-08 12:29:47'),
(71, 56, 16, 16, 2, 112, 120, 0, '50.00', '2020-08-08 12:31:19'),
(72, 57, 16, 16, 2, 145, 400, 0, '50.00', '2020-08-08 12:32:20'),
(74, 59, 16, 16, 2, 130, 190, 0, '50.00', '2020-08-08 12:36:19'),
(75, 60, 16, 16, 2, 130, 400, 0, '50.00', '2020-08-08 12:38:39'),
(76, 60, 16, 16, 2, 141, 516, 0, '50.00', '2020-08-08 12:38:39'),
(78, 61, 16, 15, 2, 123, 200, 0, '50.00', '2020-08-08 12:39:54'),
(79, 62, 16, 15, 2, 133, 280, 0, '50.00', '2020-08-08 12:40:40'),
(80, 63, 16, 15, 2, 123, 300, 0, '50.00', '2020-08-08 12:42:05'),
(81, 63, 16, 18, 2, 144, 60, 0, '75.00', '2020-08-08 12:42:05'),
(82, 64, 16, 15, 2, 25, 200, 0, '50.00', '2020-08-08 12:43:06'),
(83, 64, 16, 18, 2, 144, 37, 0, '75.00', '2020-08-08 12:43:06'),
(84, 65, 16, 15, 2, 123, 600, 0, '50.00', '2020-08-08 12:58:19'),
(85, 66, 16, 15, 2, 145, 186, 0, '50.00', '2020-08-08 12:59:41'),
(86, 67, 16, 15, 2, 123, 450, 0, '50.00', '2020-08-08 13:03:22'),
(87, 68, 16, 16, 2, 130, 40, 0, '50.00', '2020-08-08 13:04:29'),
(88, 69, 16, 16, 6, 145, 844, 0, '50.00', '2020-08-08 13:06:15'),
(89, 69, 16, 16, 2, 145, 6, 0, '50.00', '2020-08-08 13:06:15'),
(90, 70, 16, 16, 2, 145, 245, 0, '50.00', '2020-08-08 13:06:56'),
(91, 71, 16, 16, 2, 143, 600, 0, '50.00', '2020-08-08 13:07:30'),
(92, 72, 16, 15, 2, 130, 250, 0, '50.00', '2020-08-08 13:08:13'),
(93, 73, 16, 15, 2, 130, 200, 0, '50.00', '2020-08-08 13:15:29'),
(95, 75, 16, 15, 2, 123, 220, 0, '50.00', '2020-08-08 13:18:38'),
(96, 76, 16, 15, 6, 145, 220, 0, '50.00', '2020-08-08 13:19:25'),
(97, 77, 16, 18, 6, 144, 247, 0, '75.00', '2020-08-08 13:20:18'),
(98, 78, 16, 15, 2, 145, 600, 0, '50.00', '2020-08-08 13:21:48'),
(99, 79, 16, 16, 2, 146, 191, 0, '50.00', '2020-08-08 13:23:14'),
(100, 80, 16, 15, 2, 135, 112, 0, '50.00', '2020-08-08 13:24:15'),
(101, 81, 16, 16, 2, 145, 440, 0, '50.00', '2020-08-08 13:25:36'),
(103, 83, 16, 16, 6, 145, 400, 0, '50.00', '2020-08-08 13:32:25'),
(104, 84, 16, 16, 2, 145, 350, 0, '50.00', '2020-08-08 13:36:03'),
(105, 85, 16, 16, 2, 145, 98, 0, '50.00', '2020-08-08 13:39:45'),
(107, 87, 16, 15, 2, 144, 300, 0, '50.00', '2020-08-08 13:42:51'),
(108, 88, 16, 16, 2, 145, 579, 0, '50.00', '2020-08-08 13:44:37'),
(109, 89, 16, 15, 2, 123, 602, 0, '50.00', '2020-08-08 13:46:08'),
(110, 90, 16, 15, 2, 130, 702, 0, '50.00', '2020-08-08 13:49:24'),
(111, 91, 16, 15, 2, 123, 120, 0, '50.00', '2020-08-08 13:51:40'),
(112, 91, 16, 15, 2, 130, 150, 0, '50.00', '2020-08-08 13:51:40'),
(113, 92, 16, 15, 2, 130, 215, 0, '50.00', '2020-08-10 01:14:25'),
(114, 93, 16, 15, 2, 130, 100, 0, '50.00', '2020-08-10 01:16:32'),
(115, 93, 16, 15, 2, 126, 200, 0, '50.00', '2020-08-10 01:17:47'),
(116, 94, 16, 15, 2, 126, 160, 0, '50.00', '2020-08-10 01:19:15'),
(117, 95, 16, 15, 2, 143, 600, 0, '50.00', '2020-08-10 01:20:06'),
(118, 96, 16, 15, 6, 130, 200, 0, '50.00', '2020-08-10 01:20:47'),
(120, 98, 16, 15, 2, 123, 300, 0, '50.00', '2020-08-10 01:22:47'),
(121, 98, 16, 15, 2, 130, 66, 0, '50.00', '2020-08-10 01:22:47'),
(122, 99, 16, 16, 2, 145, 500, 0, '50.00', '2020-08-10 01:23:46'),
(123, 100, 16, 16, 2, 111, 150, 0, '50.00', '2020-08-10 01:25:31'),
(124, 100, 16, 16, 2, 130, 100, 0, '50.00', '2020-08-10 01:25:31'),
(125, 100, 16, 16, 2, 141, 35, 0, '50.00', '2020-08-10 01:25:31'),
(127, 101, 16, 15, 2, 130, 299, 0, '50.00', '2020-08-10 01:26:27'),
(129, 103, 16, 16, 2, 145, 200, 0, '50.00', '2020-08-10 01:28:14'),
(130, 104, 16, 16, 2, 146, 170, 0, '50.00', '2020-08-10 01:28:53'),
(131, 105, 16, 16, 2, 144, 68, 0, '50.00', '2020-08-10 01:30:11'),
(132, 106, 16, 16, 2, 145, 395, 0, '50.00', '2020-08-10 01:31:21'),
(133, 106, 16, 16, 2, 135, 112, 0, '50.00', '2020-08-10 01:31:21'),
(134, 107, 16, 16, 2, 141, 102, 0, '50.00', '2020-08-10 01:31:55'),
(135, 108, 16, 16, 6, 130, 450, 0, '50.00', '2020-08-10 01:32:36'),
(136, 109, 16, 16, 2, 145, 250, 0, '50.00', '2020-08-10 01:33:21'),
(137, 110, 16, 20, 6, 144, 239, 0, '75.00', '2020-08-10 01:34:16'),
(138, 111, 16, 16, 6, 130, 151, 0, '50.00', '2020-08-10 01:35:23'),
(139, 112, 16, 16, 2, 145, 1095, 0, '50.00', '2020-08-10 01:35:58'),
(140, 113, 16, 16, 2, 130, 130, 0, '50.00', '2020-08-10 01:36:33'),
(142, 115, 16, 16, 2, 145, 600, 0, '50.00', '2020-08-10 01:37:56'),
(143, 116, 16, 16, 2, 145, 600, 0, '50.00', '2020-08-10 01:38:36'),
(144, 117, 16, 16, 2, 130, 1014, 0, '50.00', '2020-08-10 01:39:11'),
(145, 118, 16, 15, 2, 141, 250, 0, '50.00', '2020-08-10 01:39:57'),
(146, 119, 16, 16, 2, 111, 145, 0, '50.00', '2020-08-10 01:40:34'),
(147, 120, 16, 15, 2, 141, 120, 0, '50.00', '2020-08-10 01:41:36'),
(148, 121, 16, 15, 2, 130, 215, 0, '50.00', '2020-08-10 01:44:22'),
(149, 122, 16, 15, 2, 130, 180, 0, '50.00', '2020-08-10 01:45:26'),
(150, 123, 16, 15, 2, 130, 250, 0, '50.00', '2020-08-10 01:45:58'),
(151, 124, 16, 18, 2, 147, 119, 0, '75.00', '2020-08-10 01:47:20'),
(152, 124, 16, 15, 6, 130, 85, 0, '50.00', '2020-08-10 01:47:20'),
(153, 125, 16, 15, 2, 123, 603, 0, '50.00', '2020-08-10 01:48:15'),
(154, 126, 16, 15, 2, 143, 250, 0, '50.00', '2020-08-10 01:48:58'),
(155, 127, 16, 15, 2, 123, 300, 0, '50.00', '2020-08-10 01:49:34'),
(156, 128, 16, 15, 2, 130, 280, 0, '50.00', '2020-08-10 01:50:08'),
(157, 129, 16, 15, 2, 143, 180, 0, '50.00', '2020-08-10 01:51:06'),
(158, 129, 16, 18, 2, 144, 30, 0, '75.00', '2020-08-10 01:51:06'),
(159, 130, 16, 21, 2, 148, 105, 0, '40.00', '2020-08-10 01:53:29'),
(160, 131, 16, 15, 2, 123, 195, 0, '50.00', '2020-08-10 01:54:07'),
(161, 132, 16, 16, 6, 145, 375, 0, '50.00', '2020-08-10 01:56:04'),
(162, 133, 16, 16, 6, 145, 479, 0, '50.00', '2020-08-10 01:56:49'),
(163, 134, 16, 16, 2, 145, 600, 0, '50.00', '2020-08-10 01:57:29'),
(164, 135, 16, 16, 2, 145, 262, 0, '50.00', '2020-08-10 01:58:09'),
(165, 136, 16, 16, 2, 145, 360, 0, '50.00', '2020-08-10 01:59:07'),
(166, 136, 16, 16, 6, 145, 50, 0, '50.00', '2020-08-10 01:59:07'),
(167, 137, 16, 16, 2, 111, 5, 0, '50.00', '2020-08-10 01:59:39'),
(168, 138, 16, 16, 2, 145, 280, 0, '50.00', '2020-08-10 02:00:22'),
(169, 139, 16, 16, 2, 145, 465, 0, '50.00', '2020-08-10 02:00:59'),
(170, 140, 16, 16, 2, 145, 400, 0, '50.00', '2020-08-10 02:01:42'),
(171, 141, 16, 15, 2, 130, 99, 0, '50.00', '2020-08-10 02:02:15'),
(172, 58, 16, 18, 2, 144, 60, 0, '75.00', '2020-08-10 02:13:24'),
(173, 100, 16, 18, 2, 144, 45, 0, '75.00', '2020-08-10 02:14:02'),
(174, 60, 16, 18, 2, 144, 77, 0, '75.00', '2020-08-10 02:14:18'),
(175, 102, 16, 18, 2, 130, 130, 0, '75.00', '2020-08-10 02:14:40'),
(176, 114, 16, 18, 2, 67, 6, 0, '75.00', '2020-08-10 02:14:50'),
(178, 86, 16, 16, 2, 145, 1026, 0, '50.00', '2020-08-10 03:00:05'),
(179, 82, 16, 18, 2, 144, 469, 0, '75.00', '2020-08-10 03:00:21'),
(181, 144, 17, 13, 2, 123, 168, 0, '160.00', '2020-08-10 03:49:30'),
(182, 145, 17, 13, 2, 144, 101, 0, '240.00', '2020-08-10 03:50:20'),
(183, 146, 17, 13, 2, 138, 520, 0, '160.00', '2020-08-10 03:51:50'),
(184, 147, 17, 13, 2, 138, 730, 0, '160.00', '2020-08-10 03:52:27'),
(185, 148, 17, 13, 2, 111, 30, 0, '160.00', '2020-08-10 03:52:58'),
(186, 149, 17, 13, 2, 138, 236, 0, '160.00', '2020-08-10 03:53:57'),
(187, 150, 17, 13, 2, 141, 390, 0, '160.00', '2020-08-10 03:54:30'),
(188, 151, 17, 13, 2, 66, 272, 0, '160.00', '2020-08-10 03:55:19'),
(189, 152, 17, 13, 2, 141, 160, 0, '160.00', '2020-08-10 03:56:27'),
(190, 152, 17, 22, 2, 144, 40, 0, '240.00', '2020-08-10 03:56:27'),
(191, 153, 17, 13, 2, 141, 74, 0, '160.00', '2020-08-10 03:57:17'),
(193, 155, 17, 13, 2, 141, 450, 27, '160.00', '2020-08-10 03:58:36'),
(194, 156, 17, 13, 2, 123, 380, 12, '160.00', '2020-08-10 03:59:23'),
(195, 157, 17, 13, 2, 142, 350, 25, '160.00', '2020-08-10 04:00:07'),
(196, 158, 17, 13, 2, 142, 396, 0, '160.00', '2020-08-10 04:00:39'),
(197, 159, 17, 13, 2, 111, 462, 0, '160.00', '2020-08-10 04:01:09'),
(198, 160, 17, 22, 2, 104, 3, 0, '240.00', '2020-08-10 04:01:55'),
(200, 161, 17, 23, 2, 135, 3, 0, '200.00', '2020-08-10 04:03:40'),
(201, 162, 17, 13, 2, 111, 478, 0, '160.00', '2020-08-10 04:08:00'),
(202, 163, 17, 13, 2, 141, 336, 0, '160.00', '2020-08-10 04:08:32'),
(203, 164, 17, 13, 2, 133, 400, 0, '160.00', '2020-08-10 04:09:17'),
(204, 165, 17, 13, 2, 130, 273, 0, '160.00', '2020-08-10 04:10:54'),
(205, 166, 17, 13, 2, 111, 200, 0, '160.00', '2020-08-10 04:12:44'),
(208, 167, 17, 13, 2, 123, 300, 0, '160.00', '2020-08-10 04:15:00'),
(210, 168, 17, 25, 2, 130, 300, 0, '240.00', '2020-08-10 04:16:57'),
(211, 169, 17, 13, 2, 130, 215, 0, '160.00', '2020-08-10 04:17:29'),
(212, 170, 17, 22, 2, 144, 100, 0, '240.00', '2020-08-10 04:18:11'),
(213, 171, 17, 25, 2, 147, 314, 0, '240.00', '2020-08-10 04:18:53'),
(214, 172, 16, 16, 2, 145, 300, 0, '50.00', '2020-08-10 06:31:33'),
(215, 173, 16, 16, 2, 145, 200, 0, '50.00', '2020-08-10 06:35:15'),
(216, 174, 16, 15, 2, 143, 250, 0, '50.00', '2020-08-10 06:38:19'),
(217, 175, 16, 16, 2, 145, 1110, 0, '50.00', '2020-08-10 06:42:50'),
(218, 176, 17, 13, 2, 123, 600, 0, '160.00', '2020-08-10 06:46:29'),
(219, 49, 16, 20, 6, 130, 289, 0, '75.00', '2020-08-10 07:05:48'),
(220, 47, 16, 20, 6, 144, 21, 0, '75.00', '2020-08-10 07:13:14'),
(221, 177, 16, 26, 2, 130, 240, 0, '95.00', '2020-08-10 07:15:39'),
(222, 178, 17, 13, 2, 143, 700, 0, '160.00', '2020-08-10 07:25:25'),
(223, 179, 17, 13, 2, 141, 100, 0, '160.00', '2020-08-10 07:26:24'),
(224, 180, 17, 13, 2, 143, 600, 0, '160.00', '2020-08-10 07:29:24'),
(225, 181, 17, 13, 2, 95, 350, 0, '160.00', '2020-08-10 07:31:49'),
(226, 181, 17, 13, 2, 143, 362, 0, '160.00', '2020-08-10 07:31:49'),
(227, 182, 17, 13, 2, 143, 430, 0, '160.00', '2020-08-10 07:36:57'),
(228, 183, 17, 22, 2, 144, 60, 0, '240.00', '2020-08-10 09:26:42'),
(230, 184, 17, 23, 2, 135, 387, 0, '200.00', '2020-08-10 09:28:38'),
(231, 184, 17, 27, 2, 135, 78, 0, '300.00', '2020-08-10 09:30:04'),
(232, 185, 17, 23, 2, 135, 237, 0, '200.00', '2020-08-10 09:32:03'),
(233, 186, 17, 25, 2, 147, 56, 0, '240.00', '2020-08-10 09:33:01'),
(234, 187, 17, 13, 2, 95, 475, 0, '160.00', '2020-08-10 09:33:42'),
(235, 188, 17, 23, 2, 135, 356, 0, '200.00', '2020-08-10 09:34:32'),
(236, 189, 17, 13, 2, 143, 170, 0, '160.00', '2020-08-10 09:35:14'),
(237, 190, 17, 13, 2, 142, 310, 0, '160.00', '2020-08-10 09:35:51'),
(239, 192, 17, 23, 2, 135, 99, 0, '200.00', '2020-08-10 09:57:34'),
(240, 193, 17, 13, 2, 130, 182, 0, '160.00', '2020-08-10 09:58:22'),
(241, 194, 17, 13, 2, 143, 286, 0, '160.00', '2020-08-10 10:01:53'),
(242, 194, 17, 22, 2, 144, 60, 0, '240.00', '2020-08-10 10:01:53'),
(243, 195, 17, 13, 2, 149, 235, 0, '160.00', '2020-08-10 10:04:31'),
(244, 196, 17, 13, 2, 130, 141, 0, '160.00', '2020-08-10 10:05:18'),
(245, 197, 17, 23, 2, 135, 365, 0, '200.00', '2020-08-10 10:06:10'),
(246, 198, 17, 27, 2, 135, 224, 0, '300.00', '2020-08-10 10:07:38'),
(247, 199, 17, 13, 2, 123, 200, 0, '160.00', '2020-08-10 10:08:28'),
(248, 199, 17, 22, 2, 144, 50, 0, '240.00', '2020-08-10 10:08:28'),
(249, 200, 17, 22, 2, 147, 324, 0, '240.00', '2020-08-10 10:09:16'),
(250, 201, 17, 13, 2, 111, 5, 0, '160.00', '2020-08-10 10:10:10'),
(252, 202, 17, 23, 2, 135, 174, 0, '200.00', '2020-08-10 10:13:54'),
(253, 203, 17, 13, 2, 142, 251, 0, '160.00', '2020-08-10 10:14:51'),
(254, 204, 17, 23, 2, 135, 302, 0, '200.00', '2020-08-10 10:16:37'),
(255, 205, 17, 23, 2, 135, 163, 0, '200.00', '2020-08-10 10:17:12'),
(256, 206, 17, 13, 2, 123, 312, 0, '160.00', '2020-08-10 10:17:53'),
(257, 207, 17, 13, 2, 149, 95, 0, '160.00', '2020-08-10 10:20:45'),
(258, 208, 17, 13, 2, 142, 44, 0, '160.00', '2020-08-10 10:21:19'),
(259, 209, 17, 28, 2, 150, 225, 0, '120.00', '2020-08-10 10:22:58'),
(260, 210, 17, 23, 2, 135, 102, 0, '200.00', '2020-08-10 11:28:09'),
(261, 211, 17, 23, 2, 135, 10, 0, '200.00', '2020-08-10 13:22:59'),
(262, 212, 17, 23, 2, 135, 96, 0, '200.00', '2020-08-10 13:24:11'),
(263, 213, 17, 13, 2, 143, 363, 0, '160.00', '2020-08-10 13:24:55'),
(265, 215, 17, 13, 2, 123, 290, 0, '160.00', '2020-08-10 13:26:13'),
(266, 216, 17, 22, 2, 144, 85, 13, '240.00', '2020-08-10 13:27:03'),
(267, 217, 17, 23, 2, 135, 90, 0, '200.00', '2020-08-10 13:27:47'),
(269, 219, 17, 13, 2, 123, 460, 0, '160.00', '2020-08-10 13:29:21'),
(270, 220, 17, 13, 2, 143, 45, 0, '160.00', '2020-08-10 13:30:04'),
(271, 220, 17, 13, 2, 133, 270, 0, '160.00', '2020-08-10 13:30:04'),
(272, 221, 17, 13, 2, 133, 320, 0, '160.00', '2020-08-10 13:30:42'),
(273, 222, 17, 13, 2, 143, 290, 0, '160.00', '2020-08-10 13:31:09'),
(274, 223, 17, 13, 2, 143, 430, 0, '160.00', '2020-08-10 13:31:41'),
(275, 224, 17, 22, 2, 144, 107, 0, '240.00', '2020-08-10 13:32:20'),
(276, 225, 17, 13, 2, 111, 330, 0, '160.00', '2020-08-10 13:33:22'),
(277, 225, 17, 27, 2, 103, 80, 0, '300.00', '2020-08-10 13:33:22'),
(278, 226, 17, 13, 2, 142, 300, 0, '160.00', '2020-08-10 13:33:52'),
(279, 227, 17, 22, 2, 144, 108, 0, '240.00', '2020-08-10 13:34:51'),
(280, 228, 17, 13, 2, 130, 300, 0, '160.00', '2020-08-10 13:35:39'),
(282, 230, 17, 13, 2, 143, 37, 0, '160.00', '2020-08-10 13:38:24'),
(283, 231, 17, 23, 2, 135, 235, 0, '200.00', '2020-08-10 13:40:24'),
(284, 231, 17, 13, 2, 130, 20, 0, '160.00', '2020-08-10 13:40:24'),
(285, 232, 17, 13, 2, 143, 196, 0, '160.00', '2020-08-10 13:42:12'),
(286, 233, 17, 13, 2, 143, 150, 0, '160.00', '2020-08-10 13:43:23'),
(287, 234, 17, 23, 2, 135, 141, 0, '200.00', '2020-08-10 13:44:07'),
(288, 235, 17, 13, 2, 143, 455, 0, '160.00', '2020-08-10 13:45:06'),
(290, 237, 17, 13, 2, 111, 100, 0, '160.00', '2020-08-10 13:47:04'),
(291, 238, 17, 22, 2, 144, 45, 0, '240.00', '2020-08-10 13:47:52'),
(292, 239, 17, 13, 2, 133, 150, 0, '160.00', '2020-08-10 13:48:45'),
(293, 240, 17, 13, 2, 143, 345, 0, '160.00', '2020-08-10 13:49:28'),
(294, 241, 17, 13, 2, 104, 300, 0, '160.00', '2020-08-10 13:50:46'),
(295, 242, 17, 13, 2, 130, 200, 0, '160.00', '2020-08-10 13:52:11'),
(296, 243, 17, 13, 2, 143, 175, 0, '160.00', '2020-08-10 13:52:46'),
(297, 244, 17, 13, 2, 138, 377, 0, '160.00', '2020-08-10 13:53:31'),
(298, 245, 17, 22, 2, 144, 5, 0, '240.00', '2020-08-10 13:54:09'),
(299, 246, 17, 13, 2, 130, 289, 0, '160.00', '2020-08-10 13:54:59'),
(300, 247, 17, 22, 2, 138, 91, 0, '240.00', '2020-08-10 13:56:09'),
(301, 247, 17, 13, 2, 111, 310, 0, '160.00', '2020-08-10 13:56:09'),
(302, 248, 17, 13, 2, 123, 30, 0, '160.00', '2020-08-10 13:56:51'),
(303, 249, 17, 23, 2, 135, 215, 0, '200.00', '2020-08-10 13:57:35'),
(304, 250, 17, 25, 2, 147, 290, 0, '240.00', '2020-08-10 13:59:02'),
(305, 251, 17, 13, 2, 130, 545, 0, '160.00', '2020-08-10 13:59:48'),
(306, 252, 17, 25, 2, 147, 304, 0, '240.00', '2020-08-10 14:00:25'),
(307, 253, 17, 28, 2, 150, 373, 0, '120.00', '2020-08-10 14:01:50'),
(308, 254, 17, 13, 2, 123, 25, 0, '160.00', '2020-08-10 14:02:34'),
(309, 255, 17, 13, 2, 143, 282, 0, '160.00', '2020-08-10 14:03:54'),
(310, 255, 17, 22, 2, 144, 45, 0, '240.00', '2020-08-10 14:03:54'),
(311, 256, 17, 22, 2, 144, 54, 0, '240.00', '2020-08-10 14:05:31'),
(312, 257, 17, 13, 2, 130, 415, 0, '160.00', '2020-08-10 14:06:14'),
(313, 258, 17, 13, 2, 141, 269, 0, '160.00', '2020-08-10 14:06:58'),
(314, 259, 17, 13, 2, 143, 269, 0, '160.00', '2020-08-10 14:07:38'),
(315, 260, 17, 13, 2, 130, 555, 0, '160.00', '2020-08-10 14:08:24'),
(316, 261, 17, 22, 2, 144, 91, 0, '240.00', '2020-08-10 14:09:06'),
(317, 262, 17, 13, 2, 143, 286, 0, '160.00', '2020-08-10 14:09:40'),
(318, 263, 17, 13, 2, 130, 135, 0, '160.00', '2020-08-10 14:10:07'),
(319, 264, 17, 23, 2, 135, 27, 0, '200.00', '2020-08-11 02:21:44'),
(320, 265, 17, 13, 2, 141, 182, 0, '160.00', '2020-08-10 14:11:47'),
(321, 266, 17, 13, 2, 130, 145, 0, '160.00', '2020-08-10 14:12:25'),
(322, 267, 17, 13, 2, 111, 480, 0, '160.00', '2020-08-10 14:13:08'),
(323, 268, 17, 13, 2, 133, 334, 0, '160.00', '2020-08-10 14:13:38'),
(324, 269, 17, 13, 2, 141, 49, 0, '160.00', '2020-08-10 14:14:06'),
(325, 270, 17, 13, 2, 141, 420, 0, '160.00', '2020-08-10 14:14:46'),
(326, 271, 17, 13, 2, 66, 289, 0, '160.00', '2020-08-10 14:15:33'),
(327, 272, 17, 13, 2, 143, 401, 0, '160.00', '2020-08-11 02:39:10'),
(328, 273, 17, 23, 2, 135, 132, 0, '200.00', '2020-08-11 02:54:17'),
(330, 236, 17, 24, 2, 103, 751, 0, '240.00', '2020-08-11 06:23:23'),
(331, 218, 17, 24, 2, 103, 720, 0, '240.00', '2020-08-11 06:23:39'),
(332, 166, 17, 24, 2, 104, 80, 0, '240.00', '2020-08-11 06:24:13'),
(333, 201, 17, 24, 2, 103, 2, 0, '240.00', '2020-08-11 06:25:58'),
(337, 276, 17, 13, 2, 141, 2, 0, '160.00', '2020-08-15 15:04:21'),
(338, 229, 17, 13, 2, 147, 320, 0, '160.00', '2020-08-15 11:37:31'),
(339, 277, 16, 15, 2, 141, 250, 0, '50.00', '2020-08-15 11:48:52'),
(340, 278, 17, 13, 2, 141, 190, 0, '160.00', '2020-08-15 14:49:00'),
(341, 279, 17, 13, 2, 141, 225, 0, '160.00', '2020-08-15 14:50:17'),
(342, 276, 17, 25, 2, 141, 117, 0, '240.00', '2020-08-15 15:04:21'),
(343, 280, 17, 13, 2, 141, 1265, 0, '160.00', '2020-08-15 15:14:40'),
(344, 280, 17, 22, 2, 141, 1, 0, '240.00', '2020-08-15 15:14:40'),
(345, 281, 17, 13, 2, 141, 381, 0, '160.00', '2020-08-15 15:18:46'),
(346, 281, 17, 23, 2, 141, 1, 0, '200.00', '2020-08-15 15:18:46'),
(347, 282, 17, 13, 2, 141, 625, 0, '160.00', '2020-08-15 15:22:47'),
(348, 283, 17, 13, 2, 141, 68, 0, '160.00', '2020-08-15 15:24:22'),
(349, 283, 17, 21, 2, 141, 3, 0, '40.00', '2020-08-15 15:24:22'),
(350, 284, 17, 13, 2, 141, 225, 0, '160.00', '2020-08-15 15:25:19'),
(351, 285, 17, 13, 2, 141, 1570, 0, '160.00', '2020-08-15 15:26:37'),
(352, 285, 17, 21, 2, 141, 2, 0, '40.00', '2020-08-15 15:26:37'),
(353, 286, 17, 13, 2, 141, 933, 0, '160.00', '2020-08-15 15:27:42'),
(354, 287, 17, 13, 2, 141, 290, 0, '160.00', '2020-08-15 15:29:07'),
(355, 287, 17, 21, 2, 141, 10, 0, '40.00', '2020-08-15 15:29:07'),
(356, 288, 17, 13, 2, 141, 63, 0, '160.00', '2020-08-15 15:29:52'),
(357, 289, 17, 13, 2, 141, 358, 0, '160.00', '2020-08-15 15:30:41'),
(358, 290, 17, 13, 2, 141, 134, 0, '160.00', '2020-08-15 15:33:19'),
(359, 290, 17, 21, 2, 141, 1, 0, '62.00', '2020-08-15 15:33:19'),
(360, 291, 17, 13, 2, 141, 313, 0, '160.00', '2020-08-15 15:34:31'),
(361, 291, 17, 21, 2, 141, 3, 0, '40.00', '2020-08-15 15:34:31'),
(364, 294, 17, 13, 2, 141, 495, 0, '160.00', '2020-08-26 10:17:01'),
(366, 296, 17, 13, 2, 138, 550, 0, '160.00', '2020-08-26 10:18:14'),
(368, 298, 17, 13, 2, 138, 385, 0, '160.00', '2020-08-26 10:19:16'),
(369, 299, 17, 25, 2, 103, 30, 0, '240.00', '2020-08-26 10:20:15'),
(370, 299, 17, 13, 2, 111, 210, 0, '160.00', '2020-08-26 10:20:15'),
(371, 300, 17, 23, 2, 135, 23, 0, '200.00', '2020-08-26 10:23:11'),
(372, 301, 17, 25, 2, 103, 186, 0, '240.00', '2020-08-26 10:25:12'),
(373, 301, 17, 23, 2, 103, 225, 0, '200.00', '2020-08-26 10:25:12'),
(374, 302, 17, 23, 2, 103, 400, 0, '200.00', '2020-08-26 10:25:45'),
(375, 303, 17, 23, 2, 103, 230, 0, '200.00', '2020-08-26 10:26:19'),
(376, 304, 17, 13, 2, 138, 200, 0, '160.00', '2020-08-26 10:27:18'),
(377, 305, 17, 13, 2, 138, 285, 0, '160.00', '2020-08-26 10:27:50'),
(378, 306, 17, 23, 2, 103, 350, 0, '200.00', '2020-08-26 10:28:32'),
(379, 307, 0, 13, 2, 138, 211, 0, '160.00', '2020-08-26 10:29:23'),
(380, 308, 17, 13, 2, 105, 561, 0, '160.00', '2020-09-01 07:17:01'),
(381, 309, 17, 13, 2, 105, 300, 0, '160.00', '2020-09-01 07:17:50'),
(382, 310, 17, 24, 2, 138, 27, 0, '240.00', '2020-09-01 07:18:44'),
(383, 311, 17, 13, 2, 133, 80, 0, '160.00', '2020-09-01 07:19:28'),
(385, 313, 17, 13, 2, 105, 287, 0, '160.00', '2020-09-01 07:22:31'),
(386, 314, 17, 13, 2, 138, 14, 0, '160.00', '2020-09-01 07:23:21'),
(387, 315, 17, 13, 2, 105, 200, 0, '160.00', '2020-09-01 07:23:57'),
(388, 316, 17, 13, 2, 115, 130, 0, '160.00', '2020-09-01 07:24:31'),
(389, 317, 17, 13, 2, 105, 60, 0, '160.00', '2020-09-01 07:25:09'),
(390, 318, 17, 13, 2, 1, 267, 0, '160.00', '2020-09-01 07:25:42'),
(391, 319, 17, 13, 2, 105, 480, 0, '160.00', '2020-09-01 07:26:33'),
(392, 320, 17, 13, 2, 105, 300, 0, '160.00', '2020-09-01 07:27:42'),
(393, 320, 17, 25, 2, 76, 112, 0, '240.00', '2020-09-01 07:27:42'),
(394, 321, 17, 13, 2, 105, 219, 0, '160.00', '2020-09-01 07:28:22'),
(395, 322, 17, 13, 2, 133, 300, 0, '160.00', '2020-09-01 07:28:52'),
(396, 323, 17, 13, 2, 105, 234, 0, '160.00', '2020-09-01 07:29:32'),
(398, 325, 17, 13, 2, 105, 81, 0, '160.00', '2020-09-01 07:32:30'),
(399, 326, 17, 13, 2, 105, 116, 0, '160.00', '2020-09-01 07:33:05'),
(401, 328, 17, 13, 2, 133, 648, 0, '160.00', '2020-09-01 07:35:13'),
(402, 329, 17, 13, 2, 105, 340, 0, '160.00', '2020-09-01 07:36:31'),
(403, 330, 17, 13, 2, 111, 300, 0, '160.00', '2020-09-01 07:37:36'),
(404, 331, 17, 13, 2, 105, 290, 0, '160.00', '2020-09-01 07:38:25'),
(405, 332, 17, 13, 2, 138, 32, 0, '160.00', '2020-09-01 07:39:35'),
(406, 333, 17, 13, 2, 130, 691, 0, '160.00', '2020-09-01 07:40:11'),
(407, 334, 17, 13, 2, 105, 405, 0, '160.00', '2020-09-01 14:34:35'),
(408, 335, 17, 13, 2, 105, 300, 0, '160.00', '2020-09-01 07:41:41'),
(409, 336, 17, 13, 2, 25, 163, 0, '160.00', '2020-09-01 07:42:28'),
(410, 337, 17, 13, 2, 130, 276, 0, '160.00', '2020-09-01 07:43:03'),
(411, 338, 17, 13, 2, 105, 290, 0, '160.00', '2020-09-01 07:43:46'),
(412, 339, 17, 13, 2, 105, 80, 0, '160.00', '2020-09-01 07:44:20'),
(413, 340, 17, 13, 2, 142, 574, 0, '160.00', '2020-09-01 07:44:55'),
(414, 341, 17, 13, 2, 141, 505, 0, '160.00', '2020-09-01 07:45:52'),
(415, 342, 16, 16, 2, 105, 500, 0, '50.00', '2020-09-01 07:49:16'),
(416, 343, 16, 16, 2, 141, 250, 0, '50.00', '2020-09-01 07:49:41'),
(417, 344, 16, 15, 2, 130, 360, 0, '50.00', '2020-09-01 07:51:51'),
(418, 345, 16, 15, 2, 130, 550, 0, '50.00', '2020-09-01 07:53:18'),
(419, 345, 16, 16, 2, 105, 300, 0, '50.00', '2020-09-01 07:53:18'),
(420, 346, 16, 15, 2, 130, 600, 0, '50.00', '2020-09-01 07:54:09'),
(421, 347, 16, 15, 2, 130, 120, 0, '50.00', '2020-09-01 07:54:59'),
(422, 348, 16, 16, 2, 105, 100, 0, '50.00', '2020-09-01 07:56:02'),
(423, 349, 16, 15, 2, 130, 100, 0, '50.00', '2020-09-01 07:56:49'),
(424, 350, 16, 16, 2, 105, 190, 0, '50.00', '2020-09-01 07:57:34'),
(425, 351, 16, 16, 2, 105, 160, 0, '50.00', '2020-09-01 07:58:15'),
(426, 352, 16, 15, 2, 130, 150, 0, '50.00', '2020-09-01 07:59:31'),
(427, 353, 16, 16, 2, 105, 500, 0, '50.00', '2020-09-01 08:00:27'),
(428, 354, 16, 16, 2, 130, 400, 0, '50.00', '2020-09-01 08:01:31'),
(429, 355, 16, 16, 2, 130, 270, 0, '50.00', '2020-09-01 08:02:05'),
(430, 356, 16, 16, 2, 141, 270, 0, '50.00', '2020-09-01 08:02:49'),
(431, 357, 16, 16, 2, 130, 150, 0, '50.00', '2020-09-01 08:03:29'),
(432, 358, 16, 19, 2, 144, 40, 0, '75.00', '2020-09-01 08:04:07'),
(434, 360, 17, 23, 2, 103, 90, 0, '200.00', '2020-09-01 12:24:44'),
(435, 360, 17, 25, 2, 103, 713, 0, '240.00', '2020-09-01 12:24:44'),
(436, 361, 17, 23, 2, 135, 90, 0, '200.00', '2020-09-01 12:26:55'),
(437, 362, 17, 23, 2, 135, 222, 0, '200.00', '2020-09-01 12:27:47'),
(438, 363, 17, 13, 2, 141, 200, 0, '160.00', '2020-09-01 12:28:28'),
(439, 364, 17, 13, 2, 130, 406, 0, '160.00', '2020-09-01 12:29:05'),
(440, 365, 17, 13, 2, 130, 176, 0, '160.00', '2020-09-01 12:29:52'),
(443, 368, 17, 25, 2, 144, 108, 0, '240.00', '2020-09-01 13:53:46'),
(444, 297, 17, 25, 2, 103, 450, 0, '240.00', '2020-09-01 14:29:36'),
(445, 295, 17, 24, 2, 103, 730, 0, '240.00', '2020-09-01 14:30:15'),
(446, 293, 17, 25, 2, 103, 600, 0, '240.00', '2020-09-01 14:30:31'),
(447, 292, 17, 24, 2, 103, 600, 0, '240.00', '2020-09-01 14:31:02'),
(448, 366, 16, 30, 2, 111, 500, 0, '160.00', '2020-09-09 15:03:53'),
(449, 369, 17, 13, 2, 142, 26, 0, '160.00', '2020-09-10 06:48:46'),
(450, 370, 17, 13, 2, 141, 95, 0, '160.00', '2020-09-10 06:49:50'),
(451, 370, 17, 25, 2, 144, 150, 0, '240.00', '2020-09-10 06:49:50'),
(452, 371, 17, 13, 2, 130, 179, 0, '160.00', '2020-09-10 06:50:32'),
(453, 372, 17, 13, 2, 141, 250, 0, '160.00', '2020-09-10 06:51:43'),
(454, 373, 17, 13, 2, 130, 400, 0, '160.00', '2020-09-10 06:54:00'),
(455, 374, 17, 13, 2, 130, 94, 0, '160.00', '2020-09-10 06:56:36'),
(456, 375, 17, 13, 2, 142, 120, 0, '160.00', '2020-09-10 07:00:25'),
(457, 376, 17, 13, 2, 133, 580, 0, '160.00', '2020-09-10 07:05:17'),
(459, 378, 17, 13, 2, 142, 150, 0, '160.00', '2020-09-10 07:07:08'),
(460, 379, 17, 13, 2, 142, 110, 0, '160.00', '2020-09-10 07:08:23'),
(461, 380, 17, 13, 2, 111, 110, 0, '160.00', '2020-09-10 07:08:53'),
(462, 381, 17, 13, 2, 105, 200, 0, '160.00', '2020-09-10 07:10:07'),
(463, 382, 17, 13, 2, 130, 200, 0, '160.00', '2020-09-10 07:10:34'),
(464, 383, 17, 13, 2, 130, 300, 0, '160.00', '2020-09-10 07:11:14'),
(465, 384, 17, 13, 2, 1, 112, 0, '160.00', '2020-09-10 07:12:04'),
(466, 384, 17, 25, 2, 144, 100, 0, '240.00', '2020-09-10 07:12:05'),
(467, 385, 17, 13, 2, 130, 170, 0, '160.00', '2020-09-10 07:12:43'),
(468, 386, 17, 13, 2, 130, 283, 0, '160.00', '2020-09-10 07:13:19'),
(469, 387, 17, 23, 2, 150, 198, 0, '200.00', '2020-09-10 07:14:26'),
(470, 388, 17, 13, 2, 105, 80, 0, '160.00', '2020-09-10 07:15:20'),
(471, 389, 17, 13, 2, 105, 22, 0, '160.00', '2020-09-10 07:17:31'),
(472, 389, 17, 25, 2, 144, 19, 0, '240.00', '2020-09-10 07:17:31'),
(473, 390, 17, 25, 2, 135, 210, 0, '240.00', '2020-09-10 07:18:33'),
(474, 390, 17, 23, 2, 135, 532, 0, '200.00', '2020-09-10 07:18:33'),
(475, 391, 17, 13, 2, 130, 383, 0, '160.00', '2020-09-10 07:19:08'),
(476, 392, 17, 13, 2, 105, 475, 0, '160.00', '2020-09-10 07:19:42'),
(477, 393, 17, 13, 2, 130, 400, 0, '160.00', '2020-09-10 07:20:20'),
(478, 394, 17, 13, 2, 130, 180, 0, '160.00', '2020-09-10 07:21:01'),
(479, 395, 17, 25, 2, 144, 167, 0, '240.00', '2020-09-10 07:21:40'),
(480, 396, 17, 13, 2, 105, 242, 0, '160.00', '2020-09-10 07:23:46'),
(481, 397, 17, 13, 2, 105, 290, 0, '160.00', '2020-09-10 07:24:21'),
(482, 398, 17, 13, 2, 142, 240, 0, '160.00', '2020-09-10 07:25:06'),
(483, 399, 17, 13, 2, 130, 429, 0, '160.00', '2020-09-10 07:25:48'),
(484, 400, 17, 13, 2, 105, 290, 0, '160.00', '2020-09-10 07:27:12'),
(485, 401, 17, 13, 2, 105, 30, 0, '160.00', '2020-09-10 07:28:20'),
(486, 402, 17, 13, 2, 1, 292, 0, '160.00', '2020-09-10 07:29:09'),
(487, 403, 16, 30, 2, 111, 100, 0, '160.00', '2020-09-10 07:32:17'),
(488, 404, 16, 31, 2, 103, 696, 0, '240.00', '2020-09-10 07:34:14'),
(489, 405, 16, 30, 2, 111, 80, 0, '160.00', '2020-09-10 07:34:46'),
(490, 406, 16, 31, 2, 29, 395, 0, '240.00', '2020-09-10 07:35:32'),
(492, 407, 16, 32, 2, 103, 210, 0, '200.00', '2020-09-10 07:42:26'),
(493, 408, 16, 30, 2, 20, 109, 0, '160.00', '2020-09-10 07:45:22'),
(494, 409, 16, 31, 2, 29, 20, 0, '240.00', '2020-09-10 07:46:18'),
(495, 410, 16, 16, 2, 105, 289, 0, '50.00', '2020-09-10 07:47:04'),
(496, 411, 16, 16, 2, 130, 180, 0, '50.00', '2020-09-10 07:47:43'),
(497, 412, 16, 16, 2, 130, 220, 0, '50.00', '2020-09-10 07:48:17'),
(498, 413, 16, 16, 2, 130, 260, 0, '50.00', '2020-09-10 07:48:54'),
(499, 414, 16, 16, 2, 105, 100, 0, '50.00', '2020-09-10 07:49:31'),
(500, 415, 17, 23, 2, 147, 402, 0, '200.00', '2020-09-20 06:39:52'),
(501, 416, 17, 24, 2, 147, 122, 0, '240.00', '2020-09-20 06:40:47'),
(502, 417, 17, 13, 2, 143, 348, 0, '160.00', '2020-09-20 06:41:57'),
(503, 418, 17, 24, 2, 144, 60, 0, '240.00', '2020-09-20 06:42:32'),
(505, 420, 17, 13, 2, 143, 300, 0, '160.00', '2020-09-20 06:43:43'),
(506, 421, 17, 13, 2, 130, 215, 0, '160.00', '2020-09-20 06:44:14'),
(507, 422, 17, 13, 2, 141, 534, 0, '160.00', '2020-09-20 06:44:48'),
(508, 423, 17, 13, 2, 130, 389, 0, '160.00', '2020-09-20 06:45:36'),
(509, 423, 17, 24, 2, 144, 30, 0, '240.00', '2020-09-20 06:45:36'),
(511, 424, 17, 33, 2, 135, 236, 0, '120.00', '2020-09-20 06:48:49'),
(512, 425, 17, 23, 2, 135, 86, 0, '200.00', '2020-09-20 06:49:27'),
(513, 426, 17, 23, 2, 135, 150, 0, '200.00', '2020-09-20 07:14:18'),
(514, 427, 17, 25, 2, 135, 125, 0, '240.00', '2020-09-20 07:18:29'),
(515, 427, 17, 23, 2, 135, 162, 0, '200.00', '2020-09-20 07:18:29'),
(516, 428, 17, 23, 2, 135, 54, 0, '200.00', '2020-09-20 07:19:14'),
(517, 429, 17, 13, 2, 138, 215, 0, '160.00', '2020-09-20 07:19:47'),
(518, 430, 17, 23, 2, 135, 248, 0, '200.00', '2020-09-20 07:22:34'),
(519, 431, 17, 23, 2, 135, 433, 0, '200.00', '2020-09-20 07:23:33'),
(520, 432, 17, 23, 2, 135, 400, 0, '200.00', '2020-09-20 07:31:01'),
(521, 432, 17, 25, 2, 135, 12, 0, '240.00', '2020-09-20 07:31:01'),
(522, 433, 17, 23, 2, 135, 163, 0, '200.00', '2020-09-20 07:31:42'),
(523, 434, 17, 13, 2, 130, 240, 0, '160.00', '2020-09-20 07:32:14'),
(524, 435, 17, 13, 2, 138, 158, 0, '160.00', '2020-09-20 07:32:44'),
(525, 436, 17, 25, 2, 147, 120, 0, '240.00', '2020-09-20 07:33:38'),
(526, 437, 17, 13, 2, 147, 120, 0, '160.00', '2020-09-20 07:34:11'),
(527, 438, 17, 25, 2, 144, 137, 0, '240.00', '2020-09-20 07:34:51'),
(528, 439, 17, 13, 2, 143, 300, 0, '160.00', '2020-09-20 07:42:58'),
(530, 441, 17, 25, 2, 147, 10, 0, '240.00', '2020-09-20 07:44:03'),
(531, 442, 17, 23, 2, 135, 14, 0, '200.00', '2020-09-20 07:44:38'),
(532, 443, 17, 13, 2, 111, 62, 0, '160.00', '2020-09-20 07:45:09'),
(533, 444, 17, 25, 2, 60, 95, 0, '240.00', '2020-09-20 07:45:46'),
(534, 445, 17, 23, 2, 135, 15, 0, '200.00', '2020-09-20 07:46:21'),
(535, 446, 17, 13, 2, 105, 15, 0, '160.00', '2020-09-20 07:47:00'),
(536, 447, 17, 23, 2, 135, 85, 0, '200.00', '2020-09-20 07:47:35'),
(537, 448, 17, 13, 2, 130, 300, 0, '160.00', '2020-09-20 07:48:07'),
(538, 449, 17, 13, 2, 130, 300, 0, '160.00', '2020-09-20 07:48:34'),
(539, 450, 17, 13, 2, 142, 400, 0, '160.00', '2020-09-20 07:49:04'),
(540, 451, 17, 25, 2, 144, 63, 0, '240.00', '2020-09-20 07:49:33'),
(541, 452, 17, 13, 2, 142, 654, 0, '160.00', '2020-09-21 07:43:25'),
(542, 453, 17, 13, 2, 151, 250, 0, '160.00', '2020-09-24 08:06:39'),
(543, 454, 17, 13, 2, 151, 200, 0, '160.00', '2020-09-24 08:07:06'),
(544, 455, 17, 13, 2, 130, 100, 0, '160.00', '2020-09-24 08:07:35'),
(545, 456, 17, 13, 2, 105, 570, 0, '160.00', '2020-09-24 08:08:11'),
(546, 457, 17, 13, 2, 105, 273, 0, '160.00', '2020-09-24 08:08:37'),
(547, 458, 17, 13, 2, 133, 220, 0, '160.00', '2020-09-24 08:09:07'),
(548, 459, 17, 13, 2, 105, 530, 0, '160.00', '2020-09-24 08:09:37'),
(549, 460, 17, 13, 2, 130, 191, 0, '160.00', '2020-09-24 08:10:09'),
(550, 461, 17, 13, 2, 151, 200, 0, '160.00', '2020-10-01 11:08:27'),
(552, 359, 16, 30, 2, 141, 556, 0, '160.00', '2020-09-28 16:45:23'),
(555, 465, 17, 13, 2, 105, 470, 0, '160.00', '2020-09-29 08:04:13'),
(556, 466, 17, 13, 2, 123, 280, 0, '160.00', '2020-09-29 08:04:54'),
(557, 467, 17, 13, 2, 105, 420, 0, '160.00', '2020-09-29 08:05:24'),
(558, 468, 17, 13, 2, 105, 295, 0, '160.00', '2020-09-29 08:05:55'),
(559, 469, 17, 13, 2, 105, 480, 0, '160.00', '2020-09-29 08:06:28'),
(560, 470, 17, 13, 2, 130, 200, 0, '160.00', '2020-09-29 08:07:01'),
(561, 471, 17, 13, 2, 142, 191, 0, '160.00', '2020-09-29 08:07:34'),
(562, 472, 17, 13, 2, 142, 89, 0, '160.00', '2020-09-29 08:08:07'),
(563, 473, 17, 13, 2, 139, 82, 0, '160.00', '2020-09-29 08:08:48'),
(564, 474, 17, 13, 2, 130, 320, 0, '160.00', '2020-09-29 08:09:46'),
(565, 475, 17, 13, 2, 105, 405, 0, '160.00', '2020-09-29 08:11:17'),
(566, 476, 16, 16, 2, 141, 300, 0, '50.00', '2020-09-29 08:37:15'),
(567, 477, 16, 16, 2, 105, 280, 0, '50.00', '2020-09-29 08:38:26'),
(568, 477, 16, 19, 2, 144, 30, 0, '75.00', '2020-09-29 08:38:26'),
(569, 478, 16, 31, 2, 135, 107, 0, '300.00', '2020-09-29 08:39:49'),
(570, 479, 16, 31, 2, 141, 298, 0, '240.00', '2020-09-29 08:41:45'),
(571, 480, 16, 30, 2, 111, 718, 0, '160.00', '2020-09-29 08:42:30'),
(573, 482, 16, 30, 2, 111, 256, 0, '160.00', '2020-09-29 08:43:48'),
(574, 483, 16, 32, 2, 141, 283, 0, '200.00', '2020-09-29 08:45:00'),
(575, 483, 16, 30, 2, 141, 47, 0, '160.00', '2020-09-29 08:45:00'),
(576, 484, 16, 30, 2, 138, 347, 0, '160.00', '2020-09-29 08:45:51'),
(577, 485, 16, 19, 2, 144, 250, 0, '75.00', '2020-09-29 08:46:37'),
(578, 486, 16, 16, 2, 105, 100, 0, '50.00', '2020-09-29 08:47:17'),
(579, 487, 16, 16, 2, 105, 350, 0, '50.00', '2020-09-29 08:47:55'),
(580, 488, 16, 30, 2, 111, 294, 0, '160.00', '2020-09-29 08:49:01'),
(581, 488, 16, 32, 2, 135, 2, 0, '200.00', '2020-09-29 08:49:01'),
(582, 489, 16, 30, 2, 138, 231, 0, '160.00', '2020-09-29 08:49:41'),
(584, 491, 16, 30, 2, 111, 129, 0, '160.00', '2020-09-29 08:51:04'),
(585, 492, 16, 16, 2, 130, 550, 0, '50.00', '2020-09-29 08:52:23'),
(586, 492, 16, 16, 2, 79, 50, 0, '50.00', '2020-09-29 08:52:23'),
(587, 493, 16, 16, 2, 130, 700, 0, '50.00', '2020-09-29 09:51:00'),
(588, 494, 16, 16, 2, 130, 300, 0, '50.00', '2020-09-29 09:51:38'),
(589, 495, 16, 16, 2, 130, 120, 0, '50.00', '2020-09-29 09:52:19'),
(590, 496, 16, 16, 2, 105, 90, 0, '50.00', '2020-09-29 09:53:16'),
(591, 496, 16, 16, 2, 130, 30, 0, '50.00', '2020-09-29 09:53:16'),
(592, 497, 16, 16, 6, 130, 500, 0, '50.00', '2020-09-29 09:53:50'),
(594, 499, 16, 30, 2, 141, 40, 0, '160.00', '2020-09-29 09:55:04'),
(595, 500, 16, 30, 2, 141, 112, 0, '160.00', '2020-09-29 09:55:50'),
(597, 502, 16, 30, 2, 111, 379, 0, '160.00', '2020-09-29 09:57:07'),
(598, 503, 16, 30, 2, 141, 228, 0, '160.00', '2020-09-29 09:57:38'),
(601, 506, 16, 16, 2, 130, 300, 0, '50.00', '2020-10-01 06:07:18'),
(602, 507, 16, 16, 2, 143, 300, 0, '50.00', '2020-10-01 06:08:01'),
(603, 508, 17, 13, 2, 142, 900, 0, '160.00', '2020-10-01 06:17:07'),
(604, 509, 17, 13, 2, 142, 300, 0, '160.00', '2020-10-01 06:17:38'),
(605, 510, 17, 13, 2, 141, 400, 0, '160.00', '2020-10-01 06:18:13'),
(606, 511, 17, 13, 2, 130, 270, 0, '160.00', '2020-10-01 06:18:41'),
(607, 512, 17, 33, 2, 135, 208, 0, '120.00', '2020-10-01 06:19:38'),
(608, 513, 17, 23, 2, 135, 111, 0, '200.00', '2020-10-01 06:20:40'),
(609, 514, 17, 13, 2, 147, 120, 0, '160.00', '2020-10-01 06:21:13'),
(610, 515, 17, 33, 2, 135, 53, 0, '120.00', '2020-10-01 06:21:57'),
(611, 516, 17, 23, 2, 147, 422, 0, '200.00', '2020-10-01 06:22:38'),
(612, 517, 17, 13, 2, 105, 485, 0, '160.00', '2020-10-01 06:23:07'),
(613, 377, 17, 33, 2, 147, 194, 0, '120.00', '2020-10-01 11:00:52'),
(614, 518, 17, 13, 2, 141, 480, 0, '160.00', '2020-10-01 11:04:33'),
(615, 519, 17, 13, 2, 143, 281, 0, '160.00', '2020-10-01 11:06:34'),
(616, 520, 17, 25, 2, 147, 46, 0, '240.00', '2020-10-07 13:45:52'),
(617, 520, 17, 23, 2, 135, 18, 0, '200.00', '2020-10-07 13:45:52'),
(618, 521, 17, 13, 2, 143, 364, 0, '160.00', '2020-10-07 13:46:39'),
(619, 522, 17, 13, 2, 130, 299, 0, '160.00', '2020-10-07 13:47:12'),
(621, 524, 17, 13, 2, 142, 236, 0, '160.00', '2020-10-07 13:48:46'),
(622, 525, 17, 13, 2, 105, 250, 0, '160.00', '2020-10-07 13:49:33'),
(624, 527, 17, 13, 2, 111, 80, 0, '160.00', '2020-10-07 13:50:31'),
(626, 529, 17, 13, 2, 105, 135, 0, '160.00', '2020-10-07 13:52:12'),
(628, 531, 17, 13, 2, 105, 300, 0, '160.00', '2020-10-07 13:53:17'),
(629, 532, 17, 13, 2, 130, 600, 0, '160.00', '2020-10-07 13:53:46'),
(630, 533, 17, 13, 2, 105, 243, 0, '160.00', '2020-10-07 13:54:30'),
(632, 535, 17, 13, 2, 130, 195, 0, '160.00', '2020-10-07 13:56:43'),
(634, 537, 17, 13, 2, 130, 330, 0, '160.00', '2020-10-07 13:57:49'),
(635, 538, 17, 25, 2, 144, 30, 0, '240.00', '2020-10-07 13:58:14'),
(636, 539, 17, 25, 2, 144, 30, 0, '240.00', '2020-10-07 13:58:55'),
(637, 540, 17, 13, 2, 105, 160, 0, '160.00', '2020-10-07 13:59:22'),
(638, 541, 17, 13, 2, 105, 63, 0, '160.00', '2020-10-07 13:59:57'),
(640, 543, 17, 13, 2, 111, 625, 0, '160.00', '2020-10-07 14:00:57'),
(641, 544, 17, 13, 2, 138, 240, 0, '160.00', '2020-10-07 14:01:31'),
(644, 547, 17, 23, 2, 135, 109, 0, '200.00', '2020-10-07 14:03:13'),
(646, 549, 17, 13, 2, 111, 485, 0, '160.00', '2020-10-07 14:04:36'),
(647, 550, 17, 13, 2, 147, 210, 0, '160.00', '2020-10-07 14:05:07'),
(651, 553, 17, 23, 2, 135, 46, 0, '200.00', '2020-10-19 07:10:34'),
(652, 554, 17, 13, 2, 130, 149, 0, '160.00', '2020-10-19 07:11:27'),
(653, 554, 17, 25, 2, 147, 125, 0, '240.00', '2020-10-19 07:11:27'),
(654, 555, 17, 25, 2, 135, 63, 0, '240.00', '2020-10-19 07:12:34'),
(655, 555, 17, 23, 2, 135, 141, 0, '200.00', '2020-10-19 07:12:34'),
(657, 557, 17, 23, 2, 135, 94, 0, '200.00', '2020-10-19 07:13:46'),
(658, 558, 17, 23, 2, 135, 110, 0, '200.00', '2020-10-19 07:14:14'),
(662, 562, 17, 13, 2, 105, 90, 0, '160.00', '2020-10-19 07:15:50'),
(663, 563, 17, 23, 2, 135, 300, 0, '200.00', '2020-10-19 07:16:20'),
(667, 567, 17, 25, 2, 144, 100, 0, '240.00', '2020-10-19 07:18:03'),
(670, 570, 17, 13, 2, 130, 250, 0, '160.00', '2020-10-19 07:19:10'),
(671, 571, 17, 13, 2, 130, 109, 0, '160.00', '2020-10-19 07:19:29'),
(672, 572, 17, 13, 2, 105, 530, 0, '160.00', '2020-10-19 07:19:50'),
(674, 574, 17, 13, 2, 130, 300, 0, '160.00', '2020-10-19 07:20:34'),
(676, 575, 17, 23, 2, 135, 11, 0, '200.00', '2020-10-19 07:21:20'),
(678, 577, 17, 25, 2, 144, 10, 0, '240.00', '2020-10-19 07:22:03'),
(680, 579, 17, 13, 2, 105, 341, 0, '160.00', '2020-10-19 07:22:43'),
(681, 580, 17, 13, 2, 105, 109, 0, '160.00', '2020-10-19 07:23:04'),
(682, 581, 17, 13, 2, 130, 200, 0, '160.00', '2020-10-19 07:23:25'),
(684, 583, 17, 25, 2, 144, 60, 0, '240.00', '2020-10-19 07:24:11'),
(686, 585, 17, 13, 2, 130, 135, 0, '160.00', '2020-10-19 07:24:53'),
(687, 586, 17, 13, 2, 130, 100, 0, '160.00', '2020-10-19 07:25:14'),
(688, 587, 17, 33, 2, 135, 201, 0, '120.00', '2020-10-19 07:25:51'),
(690, 589, 17, 13, 2, 130, 200, 0, '160.00', '2020-10-19 07:26:37'),
(691, 590, 17, 13, 2, 130, 290, 0, '160.00', '2020-10-19 07:26:58'),
(692, 591, 17, 25, 2, 147, 21, 0, '240.00', '2020-10-19 07:27:30'),
(706, 605, 17, 13, 2, 154, 295, 0, '160.00', '2020-10-31 06:34:36'),
(707, 606, 17, 13, 2, 154, 260, 0, '160.00', '2020-10-31 06:35:12'),
(708, 501, 16, 32, 2, 154, 289, 0, '200.00', '2020-10-31 06:36:58'),
(709, 607, 17, 13, 2, 154, 244, 0, '160.00', '2020-10-31 06:37:52'),
(710, 608, 17, 13, 2, 154, 385, 0, '160.00', '2020-10-31 06:38:25'),
(711, 609, 17, 13, 2, 154, 588, 0, '160.00', '2020-10-31 06:38:51'),
(712, 610, 17, 13, 2, 154, 150, 0, '160.00', '2020-10-31 06:42:56'),
(713, 611, 17, 13, 2, 154, 442, 0, '160.00', '2020-10-31 06:43:25'),
(714, 612, 17, 13, 2, 5, 220, 0, '160.00', '2020-10-31 06:43:52'),
(715, 613, 17, 13, 2, 5, 300, 0, '160.00', '2020-10-31 06:44:24'),
(716, 614, 17, 13, 2, 154, 300, 0, '160.00', '2020-10-31 06:44:44'),
(717, 615, 17, 13, 2, 154, 285, 0, '160.00', '2020-10-31 06:45:17'),
(718, 616, 17, 13, 2, 154, 292, 0, '160.00', '2020-10-31 06:45:49'),
(719, 617, 17, 13, 2, 154, 170, 0, '160.00', '2020-10-31 06:46:08'),
(720, 618, 17, 22, 2, 154, 39, 0, '240.00', '2020-10-31 06:46:38'),
(721, 619, 17, 22, 2, 154, 60, 0, '240.00', '2020-10-31 06:47:04'),
(722, 620, 17, 13, 2, 154, 442, 0, '160.00', '2020-10-31 06:47:38'),
(723, 621, 17, 23, 2, 154, 413, 0, '200.00', '2020-10-31 06:48:23'),
(724, 621, 17, 13, 2, 154, 28, 0, '160.00', '2020-10-31 06:48:23'),
(725, 622, 17, 13, 2, 154, 136, 0, '160.00', '2020-10-31 06:48:54'),
(727, 624, 17, 13, 2, 5, 240, 0, '160.00', '2020-10-31 06:51:54'),
(728, 625, 17, 13, 2, 154, 294, 0, '160.00', '2020-10-31 06:52:21'),
(729, 626, 17, 13, 2, 5, 187, 0, '160.00', '2020-10-31 06:52:54'),
(730, 627, 17, 13, 2, 154, 300, 0, '160.00', '2020-10-31 06:53:18'),
(731, 628, 17, 23, 2, 154, 30, 0, '200.00', '2020-10-31 06:55:59'),
(732, 629, 17, 22, 2, 154, 60, 0, '240.00', '2020-10-31 06:56:41'),
(733, 630, 17, 13, 2, 154, 180, 0, '160.00', '2020-10-31 06:57:05'),
(734, 631, 17, 13, 2, 154, 150, 0, '160.00', '2020-10-31 06:57:46'),
(735, 631, 17, 22, 2, 154, 20, 0, '240.00', '2020-10-31 06:57:46'),
(736, 632, 17, 13, 2, 154, 480, 0, '160.00', '2020-10-31 06:58:14'),
(737, 633, 17, 13, 2, 154, 300, 0, '160.00', '2020-10-31 06:58:35'),
(738, 634, 17, 13, 2, 154, 30, 0, '160.00', '2020-10-31 06:58:55'),
(739, 635, 17, 13, 2, 154, 458, 0, '160.00', '2020-10-31 06:59:19'),
(740, 636, 17, 13, 2, 155, 400, 0, '160.00', '2020-10-31 06:59:42'),
(741, 637, 17, 13, 2, 154, 50, 0, '160.00', '2020-10-31 07:00:04'),
(742, 638, 17, 13, 2, 154, 183, 0, '160.00', '2020-10-31 07:00:29'),
(743, 639, 17, 13, 2, 5, 581, 0, '160.00', '2020-10-31 07:00:59'),
(744, 640, 17, 13, 2, 154, 192, 0, '160.00', '2020-10-31 07:01:42'),
(745, 641, 17, 23, 2, 154, 108, 0, '200.00', '2020-10-31 07:03:29'),
(746, 642, 17, 23, 2, 154, 93, 0, '200.00', '2020-10-31 07:04:15'),
(747, 643, 17, 22, 2, 154, 161, 0, '240.00', '2020-10-31 07:04:49'),
(748, 644, 17, 13, 2, 154, 300, 0, '160.00', '2020-10-31 07:06:31'),
(749, 645, 17, 23, 2, 154, 133, 0, '200.00', '2020-10-31 07:15:54'),
(750, 646, 17, 23, 2, 154, 1035, 0, '200.00', '2020-10-31 07:17:05'),
(751, 647, 17, 33, 2, 154, 242, 0, '120.00', '2020-10-31 07:17:38'),
(752, 648, 17, 24, 2, 154, 248, 0, '240.00', '2020-10-31 07:18:42'),
(753, 649, 17, 23, 2, 154, 57, 0, '200.00', '2020-10-31 07:19:25'),
(754, 650, 17, 13, 2, 154, 210, 0, '160.00', '2020-10-31 07:19:48'),
(755, 651, 17, 33, 2, 154, 100, 0, '120.00', '2020-10-31 07:20:30'),
(756, 652, 17, 23, 2, 154, 91, 0, '200.00', '2020-10-31 07:21:21'),
(757, 653, 17, 23, 2, 154, 67, 0, '200.00', '2020-10-31 07:21:55'),
(758, 654, 17, 23, 2, 154, 124, 0, '200.00', '2020-10-31 07:22:25'),
(759, 655, 17, 23, 2, 154, 46, 0, '200.00', '2020-10-31 07:22:53'),
(760, 656, 17, 13, 2, 154, 280, 0, '160.00', '2020-10-31 07:23:17'),
(761, 657, 17, 23, 2, 154, 138, 0, '200.00', '2020-10-31 07:24:44'),
(762, 657, 17, 27, 2, 154, 25, 0, '300.00', '2020-10-31 07:24:44'),
(763, 658, 17, 23, 2, 154, 204, 0, '200.00', '2020-10-31 07:25:23'),
(764, 659, 17, 13, 2, 5, 300, 0, '160.00', '2020-10-31 07:30:18'),
(766, 661, 17, 13, 2, 154, 300, 0, '160.00', '2020-10-31 07:31:09'),
(767, 662, 17, 13, 2, 5, 250, 0, '160.00', '2020-10-31 07:31:33'),
(768, 663, 17, 13, 2, 154, 232, 0, '160.00', '2020-10-31 07:31:54'),
(769, 664, 17, 13, 2, 5, 200, 0, '160.00', '2020-10-31 07:32:18'),
(770, 568, 17, 13, 2, 3, 473, 0, '160.00', '2020-10-31 07:34:42'),
(771, 526, 17, 25, 2, 3, 63, 0, '240.00', '2020-10-31 07:34:54'),
(772, 564, 17, 13, 2, 3, 505, 0, '160.00', '2020-10-31 07:35:17'),
(773, 542, 17, 13, 2, 3, 468, 0, '160.00', '2020-10-31 07:35:40'),
(774, 534, 17, 23, 2, 3, 320, 0, '200.00', '2020-10-31 07:35:59'),
(775, 575, 17, 25, 2, 3, 88, 0, '240.00', '2020-10-31 07:36:11'),
(776, 523, 17, 13, 2, 3, 360, 0, '160.00', '2020-10-31 07:36:24'),
(777, 548, 17, 13, 2, 3, 573, 0, '160.00', '2020-10-31 07:36:37'),
(778, 576, 17, 13, 2, 3, 45, 0, '160.00', '2020-10-31 07:36:51'),
(779, 552, 17, 13, 2, 3, 573, 0, '160.00', '2020-10-31 07:37:04'),
(780, 536, 17, 25, 2, 3, 286, 0, '240.00', '2020-10-31 07:37:14'),
(781, 546, 17, 25, 2, 3, 227, 0, '240.00', '2020-10-31 07:37:26'),
(782, 603, 17, 13, 2, 3, 265, 0, '160.00', '2020-10-31 07:37:40'),
(783, 597, 17, 13, 2, 3, 215, 0, '160.00', '2020-10-31 07:37:57'),
(784, 559, 17, 13, 2, 3, 290, 0, '160.00', '2020-10-31 07:38:10'),
(785, 569, 17, 13, 2, 3, 300, 0, '160.00', '2020-10-31 07:38:33'),
(786, 561, 17, 13, 2, 3, 180, 0, '160.00', '2020-10-31 07:39:12'),
(787, 602, 17, 13, 2, 3, 300, 0, '160.00', '2020-10-31 07:39:43'),
(788, 584, 17, 13, 2, 3, 300, 0, '160.00', '2020-10-31 07:39:52'),
(789, 596, 17, 13, 2, 3, 175, 0, '160.00', '2020-10-31 07:40:02'),
(790, 573, 17, 13, 2, 3, 600, 0, '160.00', '2020-10-31 07:40:11'),
(791, 601, 17, 13, 2, 3, 295, 0, '160.00', '2020-10-31 07:40:21'),
(792, 598, 17, 13, 2, 3, 310, 0, '160.00', '2020-10-31 07:40:33'),
(793, 593, 17, 13, 2, 3, 592, 0, '160.00', '2020-10-31 07:40:42'),
(794, 566, 17, 13, 2, 3, 343, 0, '160.00', '2020-10-31 07:40:51'),
(795, 592, 17, 13, 2, 3, 15, 0, '160.00', '2020-10-31 07:41:00'),
(796, 600, 17, 13, 2, 3, 50, 0, '160.00', '2020-10-31 07:41:09'),
(797, 599, 17, 13, 2, 3, 450, 0, '160.00', '2020-10-31 07:41:20'),
(798, 595, 17, 13, 2, 3, 280, 0, '160.00', '2020-10-31 07:41:29'),
(799, 565, 17, 13, 2, 3, 255, 0, '160.00', '2020-10-31 07:41:38'),
(800, 560, 17, 13, 2, 3, 345, 0, '160.00', '2020-10-31 07:41:48'),
(801, 556, 17, 13, 2, 3, 262, 0, '160.00', '2020-10-31 07:41:57'),
(802, 594, 17, 13, 2, 3, 225, 0, '160.00', '2020-10-31 07:42:07'),
(803, 588, 17, 13, 2, 3, 75, 0, '160.00', '2020-10-31 07:42:19'),
(804, 578, 17, 13, 2, 3, 70, 0, '160.00', '2020-10-31 07:42:29'),
(805, 545, 17, 13, 2, 3, 185, 0, '160.00', '2020-10-31 07:43:10'),
(806, 551, 17, 13, 2, 3, 325, 0, '160.00', '2020-10-31 07:43:34'),
(807, 528, 17, 13, 2, 3, 330, 0, '160.00', '2020-10-31 07:43:53'),
(808, 665, 16, 16, 2, 154, 500, 0, '50.00', '2020-10-31 07:50:00'),
(809, 666, 16, 16, 2, 154, 100, 0, '50.00', '2020-10-31 08:13:53'),
(810, 667, 16, 16, 2, 155, 900, 0, '50.00', '2020-10-31 08:14:29'),
(811, 668, 16, 16, 2, 154, 100, 0, '50.00', '2020-10-31 08:14:52'),
(812, 669, 16, 16, 2, 130, 150, 0, '50.00', '2020-10-31 08:15:30'),
(813, 670, 16, 16, 2, 8, 990, 0, '50.00', '2020-10-31 08:16:03'),
(814, 671, 16, 16, 2, 154, 200, 0, '50.00', '2020-10-31 08:16:25'),
(815, 672, 16, 16, 2, 154, 200, 0, '50.00', '2020-10-31 08:16:48'),
(816, 673, 16, 16, 2, 5, 600, 0, '50.00', '2020-10-31 08:17:18'),
(817, 674, 16, 16, 2, 154, 280, 0, '50.00', '2020-10-31 08:17:40'),
(818, 675, 16, 16, 2, 5, 210, 0, '50.00', '2020-10-31 08:18:08'),
(819, 676, 16, 16, 2, 5, 1000, 0, '50.00', '2020-10-31 08:18:45'),
(820, 677, 16, 16, 2, 154, 200, 0, '50.00', '2020-10-31 08:19:32'),
(821, 677, 16, 19, 2, 154, 46, 0, '75.00', '2020-10-31 08:19:32'),
(822, 678, 16, 16, 2, 5, 300, 0, '50.00', '2020-10-31 08:20:00'),
(823, 679, 16, 16, 2, 154, 153, 0, '50.00', '2020-10-31 08:20:23'),
(824, 680, 16, 16, 2, 5, 400, 0, '50.00', '2020-10-31 08:20:46'),
(825, 681, 16, 16, 2, 154, 120, 0, '50.00', '2020-10-31 08:22:04'),
(826, 681, 16, 29, 2, 154, 81, 0, '40.00', '2020-10-31 08:22:04'),
(827, 682, 16, 16, 2, 154, 240, 0, '50.00', '2020-10-31 08:22:34'),
(828, 683, 16, 16, 2, 5, 300, 0, '50.00', '2020-10-31 08:22:56'),
(829, 684, 16, 16, 2, 5, 500, 0, '50.00', '2020-10-31 08:23:18'),
(830, 685, 16, 16, 2, 5, 190, 0, '50.00', '2020-10-31 08:24:09'),
(831, 685, 16, 19, 2, 5, 30, 0, '75.00', '2020-10-31 08:24:09'),
(832, 686, 16, 30, 2, 154, 210, 0, '160.00', '2020-10-31 08:24:49'),
(833, 687, 16, 16, 2, 5, 300, 0, '50.00', '2020-10-31 08:25:14'),
(834, 688, 16, 16, 2, 5, 175, 0, '50.00', '2020-10-31 08:25:36'),
(835, 689, 16, 16, 2, 5, 300, 0, '50.00', '2020-10-31 08:25:58'),
(836, 690, 16, 30, 2, 154, 333, 0, '160.00', '2020-10-31 08:29:42'),
(837, 691, 16, 30, 2, 154, 480, 0, '160.00', '2020-10-31 08:30:24'),
(838, 692, 16, 30, 2, 154, 440, 0, '160.00', '2020-10-31 08:31:41'),
(839, 692, 16, 31, 2, 154, 31, 0, '240.00', '2020-10-31 08:31:41'),
(840, 693, 16, 30, 2, 154, 53, 0, '160.00', '2020-10-31 08:32:37'),
(841, 694, 16, 32, 2, 154, 382, 0, '200.00', '2020-10-31 08:33:42'),
(842, 694, 16, 31, 2, 154, 68, 0, '240.00', '2020-10-31 08:33:42'),
(843, 695, 16, 30, 2, 154, 380, 0, '160.00', '2020-10-31 08:34:50'),
(844, 696, 16, 30, 2, 154, 332, 0, '160.00', '2020-10-31 08:35:22'),
(845, 697, 16, 16, 2, 155, 320, 0, '50.00', '2020-10-31 08:35:54'),
(846, 698, 16, 16, 2, 5, 250, 0, '50.00', '2020-10-31 08:36:19'),
(847, 699, 16, 30, 2, 154, 280, 0, '160.00', '2020-10-31 08:37:35'),
(848, 700, 16, 30, 2, 154, 568, 0, '160.00', '2020-10-31 08:38:04'),
(849, 701, 16, 30, 2, 154, 424, 0, '160.00', '2020-10-31 08:38:34'),
(850, 702, 16, 30, 2, 154, 120, 0, '160.00', '2020-10-31 08:39:05'),
(851, 703, 16, 30, 2, 154, 402, 0, '160.00', '2020-10-31 08:39:34'),
(852, 704, 16, 30, 2, 154, 534, 0, '160.00', '2020-10-31 08:40:23'),
(853, 705, 16, 30, 2, 154, 475, 0, '160.00', '2020-10-31 08:40:49'),
(854, 706, 16, 30, 2, 154, 386, 0, '160.00', '2020-10-31 08:41:20'),
(855, 707, 16, 30, 2, 154, 50, 0, '160.00', '2020-10-31 08:41:49'),
(856, 708, 16, 30, 2, 154, 290, 0, '160.00', '2020-10-31 08:42:48'),
(857, 709, 16, 32, 2, 154, 192, 0, '200.00', '2020-10-31 08:43:29'),
(858, 710, 16, 30, 2, 154, 285, 0, '160.00', '2020-10-31 08:43:55');
INSERT INTO `delivery_items` (`id`, `delivery_id`, `machine_id`, `color_id`, `size_id`, `design_id`, `quantity`, `extra`, `unit_price`, `ts`) VALUES
(859, 711, 16, 30, 2, 154, 243, 0, '160.00', '2020-10-31 08:44:27'),
(860, 712, 16, 30, 2, 154, 292, 0, '160.00', '2020-10-31 08:44:53'),
(861, 713, 16, 30, 2, 154, 60, 0, '160.00', '2020-10-31 08:45:16'),
(862, 714, 16, 30, 2, 154, 400, 0, '160.00', '2020-10-31 08:45:41'),
(863, 715, 16, 30, 2, 154, 440, 0, '160.00', '2020-10-31 08:46:25'),
(864, 715, 16, 31, 2, 154, 14, 0, '240.00', '2020-10-31 08:46:25'),
(865, 716, 16, 30, 2, 154, 400, 0, '160.00', '2020-10-31 08:46:59'),
(866, 717, 16, 30, 2, 154, 450, 0, '160.00', '2020-10-31 08:47:27'),
(867, 718, 16, 30, 2, 154, 195, 0, '160.00', '2020-10-31 08:47:59'),
(868, 719, 16, 31, 2, 154, 445, 0, '240.00', '2020-10-31 08:49:04'),
(869, 719, 16, 32, 2, 154, 160, 0, '200.00', '2020-10-31 08:49:04'),
(870, 504, 16, 16, 2, 3, 200, 0, '50.00', '2020-10-31 08:50:49'),
(871, 505, 16, 16, 2, 3, 150, 0, '50.00', '2020-10-31 08:50:57'),
(872, 720, 17, 13, 2, 3, 250, 0, '160.00', '2020-10-31 13:04:56'),
(874, 721, 16, 30, 2, 154, 890, 0, '160.00', '2020-11-01 17:10:06'),
(875, 722, 16, 30, 2, 154, 480, 0, '160.00', '2020-11-01 17:10:37'),
(876, 623, 17, 33, 2, 154, 95, 0, '120.00', '2020-11-02 11:25:44'),
(877, 724, 17, 13, 2, 5, 440, 0, '160.00', '2020-11-05 06:30:36'),
(878, 725, 17, 13, 2, 154, 18, 0, '160.00', '2020-11-05 06:31:12'),
(879, 726, 17, 13, 2, 154, 134, 0, '160.00', '2020-11-05 06:31:47'),
(880, 727, 17, 13, 2, 5, 300, 0, '160.00', '2020-11-05 06:32:19'),
(881, 728, 17, 13, 2, 154, 700, 0, '160.00', '2020-11-05 06:34:00'),
(882, 728, 17, 23, 2, 62, 12, 0, '200.00', '2020-11-05 06:34:00'),
(883, 729, 17, 13, 2, 154, 300, 0, '160.00', '2020-11-05 06:34:54'),
(884, 730, 17, 13, 2, 154, 298, 0, '160.00', '2020-11-05 06:35:57'),
(885, 731, 17, 13, 2, 5, 350, 0, '160.00', '2020-11-05 06:36:20'),
(886, 732, 17, 13, 2, 154, 330, 0, '160.00', '2020-11-05 06:36:40'),
(887, 733, 17, 13, 2, 154, 440, 0, '160.00', '2020-11-05 06:36:59'),
(888, 734, 17, 13, 2, 154, 216, 0, '160.00', '2020-11-05 06:37:19'),
(889, 735, 17, 13, 2, 5, 300, 0, '160.00', '2020-11-05 06:37:41'),
(890, 736, 17, 13, 2, 5, 400, 0, '160.00', '2020-11-05 06:38:27'),
(891, 737, 17, 13, 2, 5, 230, 0, '160.00', '2020-11-05 06:38:47'),
(892, 738, 17, 13, 2, 154, 300, 0, '160.00', '2020-11-05 06:39:08'),
(893, 739, 17, 13, 2, 154, 360, 0, '160.00', '2020-11-05 06:39:29'),
(894, 740, 17, 13, 2, 154, 226, 0, '160.00', '2020-11-05 06:39:51'),
(895, 741, 17, 13, 2, 154, 215, 0, '160.00', '2020-11-05 06:40:17'),
(896, 742, 17, 13, 2, 154, 310, 0, '160.00', '2020-11-05 06:40:41'),
(897, 743, 17, 13, 2, 154, 250, 0, '160.00', '2020-11-05 06:41:07'),
(898, 744, 17, 13, 2, 154, 331, 0, '160.00', '2020-11-05 06:41:30'),
(900, 746, 16, 30, 2, 154, 225, 0, '160.00', '2020-11-05 07:20:05'),
(901, 747, 16, 30, 2, 154, 491, 0, '160.00', '2020-11-05 07:20:34'),
(905, 751, 16, 16, 2, 154, 300, 0, '50.00', '2020-11-05 07:23:10'),
(907, 753, 16, 16, 2, 154, 50, 0, '50.00', '2020-11-05 07:24:11'),
(908, 754, 16, 16, 2, 154, 300, 0, '50.00', '2020-11-05 07:25:05'),
(909, 754, 16, 19, 2, 154, 30, 0, '75.00', '2020-11-05 07:25:05'),
(910, 755, 16, 16, 2, 154, 100, 0, '50.00', '2020-11-05 07:25:33'),
(912, 757, 16, 16, 2, 154, 300, 0, '50.00', '2020-11-05 07:26:26'),
(914, 759, 16, 16, 2, 154, 107, 0, '50.00', '2020-11-05 07:27:22'),
(916, 761, 16, 19, 2, 154, 166, 0, '75.00', '2020-11-05 07:28:23'),
(917, 660, 17, 33, 2, 154, 200, 0, '120.00', '2020-11-07 08:16:59'),
(919, 766, 17, 13, 2, 130, 250, 0, '160.00', '2020-11-09 07:20:28'),
(920, 767, 17, 13, 2, 155, 134, 0, '160.00', '2020-11-09 07:21:11'),
(921, 768, 17, 22, 2, 60, 30, 0, '240.00', '2020-11-09 07:23:11'),
(922, 769, 17, 13, 2, 3, 618, 0, '160.00', '2020-11-09 07:23:41'),
(923, 770, 17, 13, 2, 3, 170, 0, '160.00', '2020-11-09 07:24:26'),
(924, 771, 17, 22, 2, 60, 38, 0, '240.00', '2020-11-09 07:25:00'),
(925, 772, 17, 22, 2, 60, 39, 0, '240.00', '2020-11-09 07:25:36'),
(926, 773, 17, 13, 2, 3, 578, 0, '160.00', '2020-11-09 07:26:10'),
(927, 774, 17, 13, 2, 154, 1850, 0, '160.00', '2020-11-17 04:28:34'),
(928, 775, 17, 13, 2, 154, 100, 0, '160.00', '2020-11-17 04:29:03'),
(929, 776, 17, 13, 2, 154, 255, 0, '160.00', '2020-11-17 04:30:19'),
(930, 777, 17, 13, 2, 154, 392, 0, '160.00', '2020-11-17 04:31:22'),
(931, 778, 17, 13, 2, 154, 220, 0, '160.00', '2020-11-17 04:31:48'),
(932, 779, 17, 13, 2, 154, 200, 0, '160.00', '2020-11-17 04:32:18'),
(933, 780, 17, 13, 2, 154, 450, 0, '160.00', '2020-11-17 04:32:41'),
(934, 781, 17, 13, 2, 154, 158, 0, '160.00', '2020-11-17 04:33:06'),
(935, 782, 17, 13, 2, 155, 350, 0, '160.00', '2020-11-17 04:33:41'),
(936, 783, 17, 13, 2, 154, 420, 0, '160.00', '2020-11-17 04:34:17'),
(937, 784, 17, 13, 2, 154, 350, 0, '160.00', '2020-11-17 04:34:41'),
(938, 785, 17, 23, 2, 154, 330, 0, '200.00', '2020-11-17 04:35:21'),
(939, 786, 17, 23, 2, 154, 109, 0, '200.00', '2020-11-17 04:35:52'),
(940, 787, 17, 13, 2, 154, 267, 0, '160.00', '2020-11-17 04:36:20'),
(941, 788, 17, 33, 2, 154, 88, 0, '120.00', '2020-11-17 04:36:59'),
(942, 789, 17, 23, 2, 154, 34, 0, '200.00', '2020-11-17 04:37:31'),
(944, 791, 17, 13, 2, 154, 170, 0, '160.00', '2020-11-17 04:38:36'),
(945, 792, 17, 13, 2, 5, 210, 0, '160.00', '2020-11-17 04:39:08'),
(946, 793, 17, 13, 2, 154, 500, 0, '160.00', '2020-11-17 04:39:48'),
(947, 794, 17, 13, 2, 154, 597, 0, '160.00', '2020-11-17 04:40:17'),
(948, 795, 17, 13, 2, 154, 150, 0, '160.00', '2020-11-17 04:40:50'),
(949, 796, 17, 13, 2, 154, 550, 0, '160.00', '2020-11-17 04:41:14'),
(951, 798, 17, 22, 2, 154, 49, 0, '240.00', '2020-11-17 04:45:53'),
(952, 799, 17, 13, 2, 154, 250, 0, '160.00', '2020-11-16 10:27:54'),
(953, 800, 17, 23, 2, 154, 75, 0, '200.00', '2020-11-16 10:28:29'),
(954, 801, 17, 13, 2, 154, 284, 0, '160.00', '2020-11-16 10:29:00'),
(955, 802, 17, 13, 2, 154, 300, 0, '160.00', '2020-11-16 10:29:28'),
(956, 803, 17, 13, 2, 154, 350, 0, '160.00', '2020-11-16 10:29:51'),
(957, 804, 17, 22, 2, 154, 60, 0, '240.00', '2020-11-16 10:30:18'),
(958, 805, 17, 23, 2, 154, 104, 0, '200.00', '2020-11-16 10:30:53'),
(959, 806, 17, 13, 2, 154, 380, 0, '160.00', '2020-11-16 10:31:37'),
(960, 807, 17, 22, 2, 154, 30, 0, '240.00', '2020-11-16 10:32:45'),
(961, 808, 17, 22, 2, 154, 52, 0, '240.00', '2020-11-16 10:33:17'),
(962, 809, 17, 13, 2, 154, 500, 0, '160.00', '2020-11-16 10:33:42'),
(963, 810, 17, 22, 2, 154, 25, 0, '240.00', '2020-11-16 10:34:08'),
(964, 811, 17, 33, 2, 154, 284, 0, '120.00', '2020-11-16 10:34:50'),
(965, 812, 17, 13, 2, 154, 200, 0, '160.00', '2020-11-16 10:35:13'),
(966, 813, 17, 13, 2, 154, 40, 0, '160.00', '2020-11-16 10:38:03'),
(967, 814, 17, 13, 2, 154, 300, 0, '160.00', '2020-11-16 10:38:39'),
(968, 815, 17, 13, 2, 155, 300, 0, '160.00', '2020-11-16 10:39:06'),
(969, 816, 17, 13, 2, 154, 300, 0, '160.00', '2020-11-16 10:39:29'),
(970, 817, 17, 13, 2, 154, 450, 0, '160.00', '2020-11-16 10:39:57'),
(971, 818, 17, 13, 2, 154, 360, 0, '160.00', '2020-11-16 10:41:10'),
(972, 819, 17, 13, 2, 154, 509, 0, '160.00', '2020-11-16 11:03:40'),
(973, 820, 17, 13, 2, 154, 230, 0, '160.00', '2020-11-16 11:06:51'),
(974, 821, 17, 13, 2, 154, 200, 0, '160.00', '2020-11-16 11:10:28'),
(975, 822, 17, 13, 2, 154, 300, 0, '160.00', '2020-11-16 11:12:39'),
(977, 823, 17, 13, 2, 154, 120, 0, '160.00', '2020-11-16 11:20:09'),
(978, 823, 17, 23, 2, 154, 110, 0, '200.00', '2020-11-16 11:20:09'),
(979, 823, 17, 33, 2, 154, 53, 0, '120.00', '2020-11-16 11:20:09'),
(980, 790, 17, 33, 2, 154, 51, 0, '120.00', '2020-11-16 11:22:44'),
(981, 824, 17, 13, 2, 154, 350, 0, '160.00', '2020-11-16 11:25:10'),
(982, 825, 17, 13, 2, 154, 220, 0, '160.00', '2020-11-16 11:27:14'),
(983, 797, 17, 13, 2, 154, 120, 0, '160.00', '2020-11-16 11:29:09'),
(984, 827, 16, 28, 2, 154, 105, 0, '120.00', '2020-11-30 15:24:34'),
(985, 827, 16, 32, 2, 154, 109, 0, '200.00', '2020-11-30 15:24:34'),
(988, 829, 16, 32, 2, 154, 351, 0, '200.00', '2020-11-30 15:26:29'),
(989, 830, 16, 30, 2, 154, 293, 0, '160.00', '2020-11-30 15:27:29'),
(990, 831, 16, 32, 2, 154, 261, 0, '200.00', '2020-11-30 15:28:08'),
(991, 832, 16, 32, 2, 154, 97, 0, '200.00', '2020-11-30 15:28:53'),
(992, 833, 16, 30, 2, 154, 292, 0, '160.00', '2020-11-30 15:29:31'),
(994, 835, 16, 32, 2, 154, 117, 0, '200.00', '2020-11-30 15:31:21'),
(995, 835, 16, 31, 2, 154, 42, 0, '240.00', '2020-11-30 15:31:21'),
(996, 836, 16, 32, 2, 154, 248, 0, '200.00', '2020-11-30 15:31:56'),
(1000, 840, 16, 31, 2, 154, 166, 0, '240.00', '2020-11-03 09:50:54'),
(1001, 841, 16, 16, 2, 155, 450, 0, '50.00', '2020-11-03 09:51:54'),
(1002, 842, 16, 16, 2, 155, 200, 0, '50.00', '2020-11-03 09:52:38'),
(1004, 844, 16, 16, 2, 154, 500, 0, '50.00', '2020-11-03 09:54:05'),
(1009, 848, 16, 16, 2, 154, 300, 0, '50.00', '2020-11-03 09:57:01'),
(1011, 850, 16, 16, 2, 155, 200, 0, '50.00', '2020-11-03 09:58:09'),
(1013, 852, 16, 16, 2, 154, 150, 0, '50.00', '2020-11-03 09:59:28'),
(1014, 852, 16, 16, 6, 154, 90, 0, '50.00', '2020-11-03 09:59:28'),
(1016, 854, 16, 30, 2, 154, 474, 0, '160.00', '2020-11-03 10:00:27'),
(1017, 855, 16, 30, 2, 154, 157, 0, '160.00', '2020-11-03 10:01:02'),
(1018, 856, 16, 30, 2, 154, 618, 0, '160.00', '2020-11-03 10:01:50'),
(1019, 857, 16, 32, 2, 154, 95, 0, '200.00', '2020-11-03 10:02:35'),
(1020, 858, 16, 30, 2, 154, 280, 0, '160.00', '2020-11-03 10:03:02'),
(1021, 859, 16, 28, 2, 154, 209, 0, '120.00', '2020-11-03 10:03:33'),
(1022, 860, 16, 30, 2, 154, 205, 0, '160.00', '2020-11-03 10:04:04'),
(1023, 861, 16, 31, 2, 154, 191, 0, '240.00', '2020-11-03 10:04:40'),
(1024, 862, 16, 30, 2, 154, 60, 0, '160.00', '2020-11-03 10:05:09'),
(1025, 863, 16, 30, 2, 154, 440, 0, '160.00', '2020-11-03 10:05:42'),
(1026, 864, 16, 32, 2, 154, 430, 0, '200.00', '2020-11-03 10:06:25'),
(1027, 865, 16, 30, 2, 154, 1040, 0, '160.00', '2020-11-03 10:07:22'),
(1028, 865, 16, 31, 2, 154, 99, 0, '240.00', '2020-11-03 10:07:22'),
(1029, 866, 16, 30, 2, 154, 30, 0, '160.00', '2020-11-03 10:07:49'),
(1030, 867, 16, 30, 2, 154, 1030, 0, '160.00', '2020-11-04 13:22:18'),
(1031, 868, 16, 32, 2, 154, 144, 0, '200.00', '2020-11-04 13:22:51'),
(1032, 869, 16, 16, 2, 154, 210, 0, '50.00', '2020-11-04 13:23:17'),
(1033, 870, 16, 32, 2, 154, 30, 0, '200.00', '2020-11-04 13:24:11'),
(1034, 870, 16, 31, 2, 154, 171, 0, '240.00', '2020-11-04 13:24:11'),
(1035, 871, 16, 16, 2, 5, 300, 0, '50.00', '2020-11-04 13:24:39'),
(1036, 872, 16, 16, 2, 154, 446, 0, '50.00', '2020-11-04 13:25:06'),
(1037, 873, 16, 16, 2, 154, 227, 0, '50.00', '2020-11-04 13:25:42'),
(1038, 874, 16, 16, 2, 154, 200, 0, '50.00', '2020-11-04 13:26:15'),
(1039, 875, 16, 16, 2, 154, 350, 0, '50.00', '2020-11-04 13:26:41'),
(1040, 876, 16, 16, 2, 5, 210, 0, '50.00', '2020-11-04 13:27:10'),
(1041, 877, 16, 16, 2, 154, 400, 0, '50.00', '2020-11-04 13:27:48'),
(1042, 878, 16, 30, 2, 154, 80, 0, '160.00', '2020-11-04 13:28:15'),
(1043, 879, 16, 16, 2, 154, 120, 0, '50.00', '2020-11-04 13:28:47'),
(1044, 880, 16, 16, 2, 154, 494, 0, '50.00', '2020-11-04 13:29:17'),
(1045, 881, 16, 16, 2, 154, 465, 0, '50.00', '2020-11-04 13:29:50'),
(1046, 882, 16, 16, 2, 154, 200, 0, '50.00', '2020-11-04 13:30:19'),
(1047, 883, 16, 30, 2, 154, 415, 0, '160.00', '2020-11-04 13:30:51'),
(1048, 884, 16, 30, 2, 154, 425, 0, '160.00', '2020-11-04 13:31:23'),
(1049, 885, 16, 31, 2, 60, 36, 0, '240.00', '2020-11-04 13:32:31'),
(1050, 886, 16, 30, 2, 154, 495, 0, '160.00', '2020-11-04 13:33:16'),
(1051, 886, 16, 31, 2, 154, 75, 0, '240.00', '2020-11-04 13:33:16'),
(1052, 887, 16, 30, 2, 154, 233, 0, '160.00', '2020-11-04 13:33:51'),
(1053, 888, 16, 32, 2, 154, 432, 0, '200.00', '2020-11-04 13:34:28'),
(1054, 889, 16, 30, 2, 154, 563, 0, '160.00', '2020-11-04 13:34:57'),
(1055, 890, 16, 34, 2, 154, 100, 0, '300.00', '2020-11-04 13:35:36'),
(1056, 891, 16, 32, 2, 154, 88, 0, '200.00', '2020-11-04 13:36:05'),
(1057, 892, 16, 30, 2, 154, 390, 0, '160.00', '2020-11-04 13:36:37'),
(1058, 893, 16, 30, 2, 154, 700, 0, '160.00', '2020-11-04 13:37:10'),
(1059, 894, 16, 30, 2, 154, 315, 0, '160.00', '2020-11-04 13:37:44'),
(1066, 312, 17, 13, 2, 154, 400, 0, '160.00', '2020-12-11 08:16:57'),
(1072, 910, 16, 30, 2, 154, 452, 0, '160.00', '2020-12-17 09:21:20'),
(1073, 911, 16, 30, 2, 154, 275, 0, '160.00', '2020-12-17 09:21:55'),
(1074, 912, 16, 30, 2, 154, 341, 0, '160.00', '2020-12-17 09:22:51'),
(1075, 913, 16, 29, 2, 154, 341, 0, '115.00', '2020-12-17 09:24:14'),
(1076, 914, 16, 30, 2, 154, 492, 0, '160.00', '2020-12-17 09:24:56'),
(1077, 915, 16, 32, 2, 154, 274, 0, '200.00', '2020-12-17 09:26:46'),
(1078, 915, 16, 30, 2, 154, 42, 0, '160.00', '2020-12-17 09:26:46'),
(1079, 916, 16, 30, 2, 154, 290, 0, '160.00', '2020-12-17 09:27:35');

-- --------------------------------------------------------

--
-- Table structure for table `design`
--

CREATE TABLE `design` (
  `id` int(11) NOT NULL,
  `title` varchar(100) NOT NULL,
  `title_urdu` varchar(1000) CHARACTER SET utf8mb4 NOT NULL,
  `sortorder` int(11) NOT NULL,
  `status` int(1) NOT NULL DEFAULT 1,
  `ts` timestamp NOT NULL DEFAULT current_timestamp() ON UPDATE current_timestamp()
) ENGINE=InnoDB DEFAULT CHARSET=latin1;

--
-- Dumping data for table `design`
--

INSERT INTO `design` (`id`, `title`, `title_urdu`, `sortorder`, `status`, `ts`) VALUES
(1, 'JANOON (WHITE)', 'ڈائی', 0, 1, '2020-10-26 16:34:38'),
(2, 'UJALA (WHITE)', 'ڈائی', 0, 1, '2020-10-28 14:47:50'),
(3, 'NAGIN ', 'ڈائی', 0, 1, '2020-10-28 14:20:01'),
(4, 'KAJAL (WHITE)', 'ڈائی', 0, 1, '2020-10-28 14:14:33'),
(5, 'GOLA (WHITE)', 'ڈائی', 0, 1, '2020-10-26 16:32:34'),
(6, 'BARFI (WHITE)', 'ڈائی', 0, 1, '2020-10-26 16:28:32'),
(7, 'SAPNA (WHITE)', 'ڈائی', 0, 1, '2020-10-28 14:30:02'),
(8, 'GOLA (BLACK)', 'ڈائی', 0, 1, '2020-10-26 16:31:21'),
(9, 'BHATTI KARA', 'ڈائی', 0, 1, '2020-10-26 16:28:46'),
(10, 'CHANDANI (WHITE)', 'ڈائی', 0, 1, '2020-10-26 16:29:36'),
(11, 'SADA BHAR (WHITE)', 'ڈائی', 0, 1, '2020-10-28 14:29:52'),
(12, 'TAJ MEHAL (WHITE)', 'ڈائی', 0, 1, '2020-10-28 14:46:27'),
(13, 'GOLA MEAT (WHITE)', 'ڈائی', 0, 1, '2020-10-26 16:33:25'),
(14, 'SUAGUN (WHITE)', 'ڈائی', 0, 1, '2020-10-28 14:45:17'),
(15, 'GOLA (GOLDEN)', 'ڈائی', 0, 1, '2020-10-26 16:31:45'),
(16, 'FANOOSE (WHITE)', 'ڈائی', 0, 1, '2020-10-26 16:30:43'),
(17, 'GOLA (JAMNI)', 'ڈائی', 0, 1, '2020-10-26 16:32:19'),
(18, 'CANCEL', 'ڈائی', 0, 1, '2020-10-26 16:29:27'),
(19, 'BALDAR K (WHITE)', 'ڈائی', 0, 1, '2020-10-26 16:28:01'),
(20, 'MURAI KATTE', 'ڈائی', 0, 1, '2020-10-28 14:19:46'),
(21, 'GOLA (BLUE)', 'ڈائی', 0, 1, '2020-10-26 16:31:29'),
(22, 'S (WHITE)', 'ڈائی', 0, 1, '2020-10-28 14:29:10'),
(23, 'GOLA (RED)', 'ڈائی', 0, 1, '2020-10-26 16:32:27'),
(24, 'GOLA (GREEN)', 'ڈائی', 0, 1, '2020-10-26 16:32:11'),
(25, 'F-16 (WHITE)', 'ڈائی', 0, 1, '2020-10-26 16:30:24'),
(26, 'GHUNGRO (WHITE)', 'ڈائی', 0, 1, '2020-10-26 16:30:56'),
(27, 'GOLA BACHA (BLACK)', 'ڈائی', 0, 1, '2020-10-26 16:32:49'),
(28, 'KANTA (WHITE)', 'ڈائی', 0, 1, '2020-10-28 14:15:21'),
(29, 'JHALAK (WHITE)', 'ڈائی', 0, 1, '2020-10-26 16:35:07'),
(30, 'GOLA BACHA (GOLDEN)', 'ڈائی', 0, 1, '2020-10-26 16:32:56'),
(31, 'GOLA BACHA (WHITE)', 'ڈائی', 0, 1, '2020-10-26 16:33:09'),
(32, 'KAJAL BACHA (WHITE)', 'ڈائی', 0, 1, '2020-10-28 14:14:42'),
(35, 'NAMAKPARA', 'ڈائی', 0, 1, '2020-10-28 14:22:34'),
(37, 'ASS PASS (WHITE)', 'ڈائی', 0, 1, '2020-10-26 16:27:49'),
(38, 'BALDAR K BACHA (WHITE)', 'ڈائی', 0, 1, '2020-10-26 16:28:10'),
(39, 'BARFI BACHA (WHITE)', 'ڈائی', 0, 1, '2020-10-26 16:28:39'),
(40, 'B-F (WHITE)', 'ڈائی', 0, 1, '2020-10-26 16:27:55'),
(41, 'BHATTI KARA BACHA', 'ڈائی', 0, 1, '2020-10-26 16:29:03'),
(42, 'CHANDANI BACHA (WHITE)', 'ڈائی', 0, 1, '2020-10-26 16:30:08'),
(43, 'F-16 BACHA (WHITE)', 'ڈائی', 0, 1, '2020-10-26 16:30:31'),
(44, 'FANOOSE BACHA (WHITE)', 'ڈائی', 0, 1, '2020-10-26 16:30:49'),
(45, 'GHUNGRO BACHA (WHITE)', 'ڈائی', 0, 1, '2020-10-26 16:31:03'),
(46, 'GOLA (COLOR)', 'ڈائی', 0, 1, '2020-10-26 16:31:37'),
(47, 'GOLA (YELLOW)', 'ڈائی', 0, 1, '2020-10-26 16:32:42'),
(48, 'GOLA BACHA (JAMNI)', 'ڈائی', 0, 1, '2020-10-26 16:33:02'),
(49, 'GOLA MEAT (JAMNI)', 'ڈائی', 0, 1, '2020-10-26 16:33:17'),
(50, 'GOLA MIX COLOUR', 'ڈائی', 0, 1, '2020-10-26 16:33:34'),
(51, 'JALL PARI (WHITE)', 'ڈائی', 0, 1, '2020-10-26 16:34:26'),
(52, 'JANOON BACHA (WHITE)', 'ڈائی', 0, 1, '2020-10-26 16:34:48'),
(53, 'JANOON KARA (WHITE)', 'ڈائی', 0, 1, '2020-10-26 16:34:58'),
(54, 'JHALAK BACHA (WHITE)', 'ڈائی', 0, 1, '2020-10-26 16:35:16'),
(55, 'JHANKAR (GOLDEN)', 'ڈائی', 0, 1, '2020-10-26 16:41:31'),
(56, 'JUGNO (WHITE)', 'ڈائی', 0, 1, '2020-10-28 14:13:47'),
(57, 'JUGNO BACHA (WHITE)', 'ڈائی', 0, 1, '2020-10-28 14:14:03'),
(58, 'KANTA BACHA (WHIITE)', 'ڈائی', 0, 1, '2020-10-28 14:15:36'),
(59, 'KARA (BLACK)', 'ڈائی', 0, 1, '2020-10-28 14:16:02'),
(60, 'KARA (WHITE)', 'ڈائی', 0, 1, '2020-10-28 14:16:09'),
(61, 'KATTAI (GOLDEN)', 'ڈائی', 0, 1, '2020-10-28 14:16:37'),
(62, 'KATTAI (JAMNI)', 'ڈائی', 0, 1, '2020-10-28 14:16:45'),
(63, 'KATTAI (WHITE)', 'ڈائی', 0, 1, '2020-10-28 14:16:52'),
(64, 'KIRAN (BLACK)', 'ڈائی', 0, 1, '2020-10-28 14:17:07'),
(65, 'KIRAN (GOLDEN)', 'ڈائی', 0, 1, '2020-10-28 14:17:14'),
(66, 'KIRAN (WHITE)', 'ڈائی', 0, 1, '2020-10-28 14:17:21'),
(67, 'MEAT KARA (GOLDEN)', 'ڈائی', 0, 1, '2020-10-28 14:17:45'),
(68, 'MEHRAN (WHITE)', 'ڈائی', 0, 1, '2020-10-28 14:18:18'),
(69, 'MEHRAN (GOLDEN)', 'ڈائی', 0, 1, '2020-10-28 14:18:11'),
(70, 'MEHRAN BACHA (WHITE)', 'ڈائی', 0, 1, '2020-10-28 14:18:26'),
(71, 'MIX DAI (WHITE)', 'ڈائی', 0, 1, '2020-10-28 14:18:34'),
(72, 'MOON  STAR (WHITE)', 'ڈائی', 0, 1, '2020-10-28 14:18:42'),
(73, 'MOR PER (WHITE)', 'ڈائی', 0, 1, '2020-10-28 14:18:57'),
(74, 'MOR PER BACHA (WHITE)', 'ڈائی', 0, 1, '2020-10-28 14:19:07'),
(75, 'NAGIN ', 'ڈائی', 0, 1, '2020-10-28 14:20:08'),
(76, 'NAGAN KARA (WHITE)', 'ڈائی', 0, 1, '2020-10-28 14:19:54'),
(77, 'NAMAK PARA (WHITE)', 'ڈائی', 0, 1, '2020-10-28 14:22:17'),
(78, 'NAMAK PARA BACHA (WHITE)', 'ڈائی', 0, 1, '2020-10-28 14:22:25'),
(79, 'NOOR (WHITE)', 'ڈائی', 0, 1, '2020-10-28 14:22:53'),
(80, 'NOOR BACHA (WHITE)', 'ڈائی', 0, 1, '2020-10-28 14:23:04'),
(81, 'SADA BAHAR BACHA (WHITE)', 'ڈائی', 0, 1, '2020-10-28 14:29:40'),
(82, 'SHAMA (WHITE)', 'ڈائی', 0, 1, '2020-10-28 14:44:56'),
(83, 'SHAMA BACHA (WHITE)', 'ڈائی', 0, 1, '2020-10-28 14:45:06'),
(84, 'SURAIYA (GOLDEN)', 'ڈائی', 0, 1, '2020-10-28 14:45:55'),
(85, 'TAJ MEHAL BACHA (WHITE)', 'ڈائی', 0, 1, '2020-10-28 14:46:38'),
(86, 'TARANG (WHITE)', 'ڈائی', 0, 1, '2020-10-28 14:47:16'),
(87, 'TARANG BACHA (WHITE)', 'ڈائی', 0, 1, '2020-10-28 14:47:25'),
(88, 'UJALA BACHA (WHITE)', 'ڈائی', 0, 1, '2020-10-28 14:47:59'),
(89, 'ZULFEY (GOLDEN)', 'ڈائی', 0, 1, '2020-10-28 14:48:18'),
(90, 'ZULFEY BACHA (WHITE)', 'ڈائی', 0, 1, '2020-10-28 14:48:34'),
(91, 'ZAM ZAM (WHITE)', 'ڈائی', 0, 1, '2020-10-28 14:48:07'),
(92, 'ASHIYANA (WHITE)', 'ڈائی', 0, 1, '2020-10-26 16:27:41'),
(93, 'MOTIA (WHITE)', 'ڈائی', 0, 1, '2020-10-28 14:19:31'),
(94, 'JHUMAR (WHITE)', 'ڈائی', 0, 1, '2020-10-26 16:41:53'),
(95, 'SURAIYA (WHITE)', 'ڈائی', 0, 1, '2020-10-28 14:46:04'),
(96, 'PANAMA (WHITE)', 'ڈائی', 0, 1, '2020-10-28 14:27:53'),
(97, 'NOOR KARA (WHITE)', 'ڈائی', 0, 1, '2020-10-28 14:23:13'),
(98, 'BARFI KARA (WHITE)', 'ڈائی', 0, 1, '2020-10-26 16:28:53'),
(99, 'JUGNO (JAMNI)', 'ڈائی', 0, 1, '2020-10-28 14:13:54'),
(100, 'TAJ MAHAL (BLACK)', 'ڈائی', 0, 1, '2020-10-28 14:46:15'),
(101, 'JUGNO (BLACK)', 'ڈائی', 0, 1, '2020-10-28 14:13:39'),
(102, 'MOTORWAY', 'ڈائی', 0, 1, '2020-10-28 14:19:39'),
(103, 'SUPPER (BLACK)', 'ڈائی', 0, 1, '2020-10-28 14:45:27'),
(104, 'SUPPER (WHITE)', 'ڈائی', 0, 1, '2020-10-28 14:45:36'),
(105, 'NAGIN ', 'ڈائی', 0, 1, '2020-10-28 14:20:15'),
(106, 'UJALA (BLACK)', 'ڈائی', 0, 1, '2020-10-28 14:47:42'),
(107, 'PELL BAI(WHITE)', 'ڈائی', 0, 1, '2020-10-28 14:28:06'),
(108, 'PELL DAI(WHITE)', 'ڈائی', 0, 1, '2020-10-28 14:28:24'),
(109, 'JUGNO KARA (BLACK)', 'ڈائی', 0, 1, '2020-10-28 14:14:13'),
(110, 'NAMAK PARA (BLACK)', 'ڈائی', 0, 1, '2020-10-28 14:22:08'),
(111, 'OSAMA (WHITE)', 'ڈائی', 0, 1, '2020-10-28 14:27:38'),
(112, 'OSAMA (GOLDEN)', 'ڈائی', 0, 1, '2020-10-28 14:23:32'),
(113, 'OSAMA (BLACK)', 'ڈائی', 0, 1, '2020-10-28 14:23:21'),
(114, 'BY PASS (WHITE)', 'ڈائی', 0, 1, '2020-10-26 16:29:22'),
(115, 'KANTA NAGINA ', 'ڈائی', 0, 1, '2020-10-28 14:15:44'),
(116, 'MOTA (BLUE)', 'ڈائی', 0, 1, '2020-10-28 14:19:15'),
(117, 'MOTA DI BLUE', 'ڈائی', 0, 1, '2020-10-28 14:19:23'),
(118, 'KIRRA', 'ڈائی', 0, 1, '2020-10-28 14:17:29'),
(119, 'BLUE SUPPER DIE', 'ڈائی', 0, 1, '2020-10-26 16:29:11'),
(120, 'SUPPER BLUE', 'ڈائی', 0, 1, '2020-10-28 14:45:45'),
(121, 'TAJMAHAL', 'ڈائی', 0, 1, '2020-10-28 14:46:47'),
(122, 'ZULFEY (WHITE)', 'ڈائی', 0, 1, '2020-10-28 14:48:27'),
(123, 'NAGIN ', 'ڈائی', 0, 1, '2020-10-28 14:20:24'),
(124, 'SADA BAHAR', 'ڈائی', 0, 1, '2020-10-28 14:29:20'),
(125, 'KANTA', 'ڈائی', 0, 1, '2020-10-28 14:14:56'),
(126, 'NOOR', 'ڈائی', 0, 1, '2020-10-28 14:22:44'),
(127, 'TAJMAHAL', 'ڈائی', 0, 1, '2020-10-28 14:46:56'),
(128, 'MEHRAN ', 'ڈائی', 0, 1, '2020-10-28 14:18:03'),
(129, 'JUGNU', 'ڈائی', 0, 1, '2020-10-28 14:14:21'),
(130, 'GOLA', 'ڈائی', 0, 1, '2020-10-26 16:31:13'),
(131, 'LAHAR', 'ڈائی', 0, 1, '2020-10-28 14:17:38'),
(132, 'UJALA', 'ڈائی', 0, 1, '2020-10-28 14:47:33'),
(133, 'FANOOS', 'ڈائی', 0, 1, '2020-10-26 16:30:37'),
(134, 'ASHIYANA ', 'ڈائی', 0, 1, '2020-10-26 16:27:31'),
(135, 'KATTAI', 'ڈائی', 0, 1, '2020-10-28 14:16:30'),
(136, 'JHUMAR BLACK', 'ڈائی', 0, 1, '2020-10-26 16:42:07'),
(137, 'JHANKAR', 'ڈائی', 0, 1, '2020-10-26 16:41:19'),
(138, 'KERI', 'ڈائی', 0, 1, '2020-10-28 14:17:00'),
(139, 'KANTA', 'ڈائی', 0, 1, '2020-10-28 14:15:08'),
(142, 'CPECK', 'ڈائی', 0, 1, '2020-10-26 16:30:17'),
(143, 'NAGIN', 'ڈائی', 0, 1, '2020-10-28 14:20:39'),
(144, 'KARA', 'ڈائی', 0, 1, '2020-10-28 14:15:53'),
(145, '4 COLOR', 'ڈائی', 0, 1, '2020-10-28 14:13:29'),
(146, 'RESHAM', 'ڈائی', 0, 1, '2020-10-28 14:28:43'),
(147, 'MEET', 'ڈائی', 0, 1, '2020-10-28 14:17:55'),
(148, 'SET', 'ڈائی', 0, 1, '2020-10-28 14:30:12'),
(149, 'MOON STAR', 'ڈائی', 0, 1, '2020-10-28 14:18:50'),
(150, 'ARI', 'ڈائی', 0, 1, '2020-10-26 16:25:47'),
(151, 'RIM JIM', 'ڈائی', 0, 1, '2020-10-28 14:29:01'),
(154, 'DI', 'ڈائی', 0, 1, '2020-10-31 06:36:40'),
(155, 'GOLA', 'گولہ', 0, 1, '2020-10-31 06:39:17'),
(156, 'NIL', 'ڈائی', 0, 1, '2020-11-05 06:13:40'),
(157, 'sdf', '', 0, 1, '2020-12-22 11:47:45');

-- --------------------------------------------------------

--
-- Table structure for table `employees`
--

CREATE TABLE `employees` (
  `id` int(11) NOT NULL,
  `name` varchar(100) NOT NULL,
  `father_name` varchar(100) NOT NULL,
  `phone_number` varchar(20) NOT NULL,
  `salary_type` tinyint(1) NOT NULL,
  `machine_id` int(11) DEFAULT 0,
  `salary` decimal(10,2) NOT NULL,
  `over_time_per_hour` decimal(10,2) NOT NULL,
  `status` tinyint(1) NOT NULL DEFAULT 1,
  `ts` timestamp NOT NULL DEFAULT current_timestamp() ON UPDATE current_timestamp()
) ENGINE=InnoDB DEFAULT CHARSET=utf8mb4;

-- --------------------------------------------------------

--
-- Table structure for table `employee_attendance`
--

CREATE TABLE `employee_attendance` (
  `id` int(11) NOT NULL,
  `employee_id` int(11) NOT NULL,
  `date` date NOT NULL,
  `attendance` varchar(3) NOT NULL,
  `ts` timestamp NOT NULL DEFAULT current_timestamp()
) ENGINE=InnoDB DEFAULT CHARSET=latin1;

-- --------------------------------------------------------

--
-- Table structure for table `employee_payment`
--

CREATE TABLE `employee_payment` (
  `id` int(11) NOT NULL,
  `employee_id` int(11) NOT NULL,
  `employee_salary_id` int(11) DEFAULT NULL,
  `date` date NOT NULL,
  `amount` int(11) NOT NULL,
  `account_id` int(11) NOT NULL,
  `ts` timestamp NOT NULL DEFAULT current_timestamp()
) ENGINE=InnoDB DEFAULT CHARSET=latin1;

-- --------------------------------------------------------

--
-- Table structure for table `employee_salary`
--

CREATE TABLE `employee_salary` (
  `id` int(11) NOT NULL,
  `employee_id` int(11) NOT NULL,
  `date` date NOT NULL,
  `salary_rate` int(11) NOT NULL,
  `over_time_rate` int(11) NOT NULL,
  `calculated_salary` int(11) NOT NULL,
  `ts` timestamp NOT NULL DEFAULT current_timestamp()
) ENGINE=InnoDB DEFAULT CHARSET=latin1;

-- --------------------------------------------------------

--
-- Table structure for table `expense`
--

CREATE TABLE `expense` (
  `id` int(11) NOT NULL,
  `datetime_added` datetime NOT NULL,
  `expense_category_id` varchar(100) NOT NULL,
  `account_id` int(11) NOT NULL,
  `details` varchar(1000) NOT NULL,
  `amount` decimal(10,2) NOT NULL,
  `added_by` int(11) NOT NULL,
  `status` int(1) NOT NULL DEFAULT 1,
  `ts` timestamp NOT NULL DEFAULT current_timestamp() ON UPDATE current_timestamp()
) ENGINE=InnoDB DEFAULT CHARSET=utf8mb4;

--
-- Dumping data for table `expense`
--

INSERT INTO `expense` (`id`, `datetime_added`, `expense_category_id`, `account_id`, `details`, `amount`, `added_by`, `status`, `ts`) VALUES
(2, '2020-08-04 18:10:00', '1', 2, '', '3650.00', 1, 1, '2020-09-06 13:11:13'),
(3, '2020-08-04 18:11:00', '1', 2, '', '50.00', 1, 1, '2020-09-06 13:11:29'),
(4, '2020-08-04 18:11:00', '1', 2, '', '650.00', 1, 1, '2020-09-06 13:11:43'),
(5, '2020-08-04 18:11:00', '1', 2, '', '240.00', 1, 1, '2020-09-06 13:12:02'),
(6, '2020-08-04 18:12:00', '1', 2, '', '240.00', 1, 1, '2020-09-06 13:12:21'),
(7, '2020-08-04 18:12:00', '1', 2, '', '50.00', 1, 1, '2020-09-06 13:12:36'),
(8, '2020-08-04 18:12:00', '21', 2, 'washing', '120.00', 1, 1, '2020-09-06 13:12:59'),
(9, '2020-08-04 18:13:00', '1', 2, 'SUGAR', '100.00', 1, 1, '2020-09-06 13:13:30'),
(10, '2020-08-04 18:13:00', '2', 2, '', '100.00', 1, 1, '2020-09-06 13:13:51'),
(11, '2020-08-05 18:14:00', '1', 2, '', '50.00', 1, 1, '2020-09-06 13:15:34'),
(12, '2020-08-05 18:15:00', '1', 2, '', '240.00', 1, 1, '2020-09-06 13:15:48'),
(13, '2020-08-05 18:16:00', '21', 2, 'CASH LABOR', '640.00', 1, 1, '2020-09-06 13:16:33'),
(14, '2020-08-05 18:16:00', '1', 2, '', '1350.00', 1, 1, '2020-09-06 13:16:53'),
(15, '2020-08-05 18:16:00', '1', 2, '', '680.00', 1, 1, '2020-09-06 13:17:06'),
(16, '2020-08-05 18:18:00', '1', 2, '', '250.00', 1, 1, '2020-09-06 13:18:26'),
(17, '2020-08-05 18:18:00', '2', 2, '', '100.00', 1, 1, '2020-09-06 13:18:41'),
(18, '2020-08-05 18:24:00', '86', 2, 'REHAN', '2500.00', 1, 1, '2020-09-06 13:29:35'),
(19, '2020-08-05 18:25:00', '87', 2, 'BABAR', '2500.00', 1, 1, '2020-09-06 13:30:17'),
(20, '2020-08-05 18:26:00', '1', 2, 'TEA', '50.00', 1, 1, '2020-09-06 13:26:46'),
(21, '2020-08-05 18:26:00', '1', 2, '', '100.00', 1, 1, '2020-09-06 13:27:07'),
(22, '2020-08-05 18:27:00', '1', 2, '', '50.00', 1, 1, '2020-09-06 13:27:19'),
(23, '2020-08-06 18:27:00', '1', 2, '', '700.00', 1, 1, '2020-09-06 13:27:39'),
(24, '2020-08-06 18:30:00', '70', 2, '', '2560.00', 1, 1, '2020-09-06 13:31:45'),
(25, '2020-08-06 18:31:00', '1', 2, '', '1200.00', 1, 1, '2020-09-06 13:32:24'),
(26, '2020-08-06 18:32:00', '20', 2, '', '5600.00', 1, 1, '2020-09-06 13:32:50'),
(27, '2020-08-06 18:32:00', '1', 2, '', '1850.00', 1, 1, '2020-09-06 13:33:10'),
(29, '2020-08-06 18:35:00', '1', 2, '', '350.00', 1, 1, '2020-09-06 13:36:05'),
(30, '2020-08-06 18:36:00', '1', 2, '', '650.00', 1, 1, '2020-09-06 13:36:38'),
(31, '2020-08-06 18:36:00', '1', 2, '', '100.00', 1, 1, '2020-09-06 13:36:51'),
(32, '2020-08-06 18:36:00', '1', 2, '', '150.00', 1, 1, '2020-09-06 13:37:03'),
(33, '2020-08-06 18:37:00', '21', 2, '', '60.00', 1, 1, '2020-09-06 13:37:19'),
(34, '2020-08-06 18:40:00', '1', 2, '', '240.00', 1, 1, '2020-09-06 13:41:11'),
(35, '2020-08-08 18:42:00', '1', 2, '', '740.00', 1, 1, '2020-09-06 13:42:25'),
(36, '2020-08-08 18:42:00', '2', 2, '', '500.00', 1, 1, '2020-09-06 13:42:43'),
(37, '2020-08-08 18:42:00', '1', 2, '', '440.00', 1, 1, '2020-09-06 13:43:00'),
(38, '2020-08-08 18:43:00', '21', 2, '', '5000.00', 1, 1, '2020-09-06 13:43:17'),
(39, '2020-08-08 18:44:00', '21', 2, 'OFFICE', '5000.00', 1, 1, '2020-09-06 13:45:01'),
(40, '2020-08-08 18:45:00', '2', 2, '', '500.00', 1, 1, '2020-09-06 13:46:36'),
(43, '2020-08-08 19:07:00', '1', 2, '', '350.00', 1, 1, '2020-09-06 14:07:27'),
(44, '2020-08-08 19:07:00', '20', 2, 'kashif', '80.00', 1, 1, '2020-09-06 14:07:56'),
(45, '2020-08-08 19:09:00', '89', 2, '', '2000.00', 1, 1, '2020-09-06 14:09:18'),
(46, '2020-08-08 19:09:00', '2', 2, '', '150.00', 1, 1, '2020-09-06 14:09:35'),
(47, '2020-08-08 19:09:00', '1', 2, '', '630.00', 1, 1, '2020-09-06 14:09:50'),
(48, '2020-08-08 19:09:00', '1', 2, '', '250.00', 1, 1, '2020-09-06 14:10:05'),
(49, '2020-08-08 19:10:00', '21', 2, 'SIRF', '50.00', 1, 1, '2020-09-06 14:10:23'),
(50, '2020-08-08 19:10:00', '1', 2, '', '100.00', 1, 1, '2020-09-06 14:10:36'),
(51, '2020-08-05 19:14:00', '1', 2, '', '50.00', 1, 1, '2020-09-06 14:14:16'),
(52, '2020-08-09 19:16:00', '21', 2, 'SODA', '100.00', 1, 1, '2020-09-06 14:16:54'),
(53, '2020-08-09 19:17:00', '1', 2, '', '230.00', 1, 1, '2020-09-06 14:17:25'),
(54, '2020-08-09 19:18:00', '90', 2, '', '2000.00', 1, 1, '2020-09-06 14:18:18'),
(55, '2020-08-09 19:18:00', '21', 2, 'SOAP', '40.00', 1, 1, '2020-09-06 14:18:56'),
(56, '2020-08-09 19:19:00', '1', 2, '', '1000.00', 1, 1, '2020-09-06 14:19:14'),
(57, '2020-08-09 19:19:00', '21', 2, 'BIKE REPAIR', '300.00', 1, 1, '2020-09-06 14:19:58'),
(58, '2020-08-09 19:20:00', '1', 2, '', '1630.00', 1, 1, '2020-09-06 14:20:15'),
(59, '2020-08-09 19:21:00', '1', 2, '', '100.00', 1, 1, '2020-09-06 14:21:11'),
(60, '2020-08-09 19:21:00', '21', 2, '', '1100.00', 1, 1, '2020-09-06 14:21:31'),
(61, '2020-08-10 19:22:00', '1', 2, '', '350.00', 1, 1, '2020-09-06 14:22:43'),
(62, '2020-08-10 19:22:00', '1', 2, '', '650.00', 1, 1, '2020-09-06 14:22:58'),
(63, '2020-08-10 19:23:00', '1', 2, '', '240.00', 1, 1, '2020-09-06 14:23:11'),
(64, '2020-08-10 19:23:00', '1', 2, 'WATER WALY', '1600.00', 1, 1, '2020-09-06 14:23:42'),
(65, '2020-08-10 19:23:00', '1', 2, '', '50.00', 1, 1, '2020-09-06 14:24:01'),
(66, '2020-08-10 19:24:00', '1', 2, '', '20.00', 1, 1, '2020-09-06 14:24:22'),
(67, '2020-08-10 19:24:00', '21', 2, 'GLOVE', '3360.00', 1, 1, '2020-09-06 14:24:46'),
(68, '2020-08-10 19:24:00', '1', 2, '', '130.00', 1, 1, '2020-09-06 14:25:06'),
(69, '2020-08-10 19:25:00', '86', 2, '', '1000.00', 1, 1, '2020-09-06 14:25:27'),
(70, '2020-08-10 19:25:00', '2', 2, '', '100.00', 1, 1, '2020-09-06 14:25:44'),
(71, '2020-08-10 19:25:00', '21', 2, 'BIKE REPAIR', '170.00', 1, 1, '2020-09-06 14:26:05'),
(72, '2020-08-11 19:26:00', '2', 2, '', '800.00', 1, 1, '2020-09-06 14:26:53'),
(73, '2020-08-11 19:26:00', '1', 2, '', '100.00', 1, 1, '2020-09-06 14:27:10'),
(74, '2020-08-11 19:27:00', '21', 2, 'CASH LABOR', '1050.00', 1, 1, '2020-09-06 14:27:36'),
(75, '2020-08-11 19:27:00', '40', 2, 'AL NAEEM GLASS', '152390.00', 1, 1, '2020-09-06 14:28:00'),
(76, '2020-08-11 19:28:00', '12', 2, 'TARGET', '340000.00', 1, 1, '2020-09-06 14:28:29'),
(77, '2020-08-11 19:28:00', '12', 2, '', '1000.00', 1, 1, '2020-09-06 14:28:52'),
(78, '2020-08-11 19:28:00', '1', 2, '', '650.00', 1, 1, '2020-09-06 14:29:07'),
(79, '2020-08-11 19:29:00', '1', 2, '', '240.00', 1, 1, '2020-09-06 14:29:19'),
(80, '2020-08-11 19:29:00', '1', 2, '', '100.00', 1, 1, '2020-09-06 14:29:33'),
(81, '2020-08-11 19:30:00', '91', 2, '', '300.00', 1, 1, '2020-09-06 14:30:19'),
(82, '2020-08-11 19:30:00', '1', 2, '', '240.00', 1, 1, '2020-09-06 14:30:59'),
(83, '2020-08-11 19:31:00', '21', 2, '', '200.00', 1, 1, '2020-09-06 14:32:08'),
(84, '2020-08-11 19:32:00', '12', 2, '', '100.00', 1, 1, '2020-09-06 14:32:53'),
(85, '2020-08-11 19:35:00', '21', 2, 'CASH LABOR', '907.00', 1, 1, '2020-09-06 14:42:13'),
(86, '2020-08-11 19:37:00', '21', 2, 'TOWEL', '800.00', 1, 1, '2020-09-06 14:38:59'),
(87, '2020-08-11 19:39:00', '1', 2, '', '50.00', 1, 1, '2020-09-06 14:39:16'),
(88, '2020-08-11 19:39:00', '92', 2, '', '2400.00', 1, 1, '2020-09-06 14:40:03'),
(89, '2020-08-11 19:40:00', '21', 2, 'T FOR ELECTRIC', '150.00', 1, 1, '2020-09-06 14:40:34'),
(90, '2020-08-11 19:40:00', '1', 2, '', '100.00', 1, 1, '2020-09-06 14:40:48'),
(91, '2020-08-11 19:40:00', '12', 2, '', '600.00', 1, 1, '2020-09-06 14:41:02'),
(92, '2020-08-11 19:41:00', '1', 2, '', '150.00', 1, 1, '2020-09-06 14:41:19'),
(93, '2020-08-12 19:43:00', '21', 2, '', '350.00', 1, 1, '2020-09-06 14:43:16'),
(94, '2020-08-12 19:43:00', '21', 2, 'OFFICE', '1000.00', 1, 1, '2020-09-06 14:43:35'),
(95, '2020-08-12 19:43:00', '12', 2, 'SODA', '1425.00', 1, 1, '2020-09-06 14:43:57'),
(96, '2020-08-12 19:43:00', '21', 2, 'PLASTIC', '4000.00', 1, 1, '2020-09-06 14:44:24'),
(97, '2020-08-12 19:44:00', '21', 2, 'ELECTRIC BOARD', '325.00', 1, 1, '2020-09-06 14:44:51'),
(98, '2020-08-12 19:44:00', '1', 2, '', '700.00', 1, 1, '2020-09-06 14:45:08'),
(99, '2020-08-12 19:45:00', '1', 2, '', '350.00', 1, 1, '2020-09-06 14:45:22'),
(100, '2020-08-12 19:45:00', '1', 2, '', '50.00', 1, 1, '2020-09-06 14:45:39'),
(101, '2020-08-12 19:45:00', '1', 2, '', '250.00', 1, 1, '2020-09-06 14:46:04'),
(103, '2020-08-12 19:46:00', '21', 2, 'STATIONARY', '65.00', 1, 1, '2020-09-06 14:47:18'),
(104, '2020-08-12 19:47:00', '21', 2, '', '120.00', 1, 1, '2020-09-06 14:47:34'),
(105, '2020-08-12 19:47:00', '21', 2, '', '40.00', 1, 1, '2020-09-06 14:47:50'),
(106, '2020-08-12 19:47:00', '21', 2, '', '120.00', 1, 1, '2020-09-06 14:48:08'),
(107, '2020-08-12 19:48:00', '21', 2, 'WIKY BHAI', '1500.00', 1, 1, '2020-09-06 14:48:33'),
(108, '2020-08-12 19:48:00', '1', 2, '', '100.00', 1, 1, '2020-09-06 14:48:48'),
(109, '2020-08-12 11:34:00', '2', 2, '', '120.00', 1, 1, '2020-09-07 06:34:22'),
(111, '2020-08-13 11:35:00', '1', 2, '', '710.00', 1, 1, '2020-09-07 06:35:58'),
(112, '2020-08-13 11:36:00', '1', 2, '', '350.00', 1, 1, '2020-09-07 06:36:27'),
(113, '2020-08-13 11:36:00', '1', 2, '', '50.00', 1, 1, '2020-09-07 06:36:40'),
(114, '2020-08-13 11:36:00', '1', 2, '', '680.00', 1, 1, '2020-09-07 06:36:55'),
(115, '2020-08-13 11:37:00', '21', 2, '', '20.00', 1, 1, '2020-09-07 06:38:10'),
(116, '2020-08-13 11:38:00', '1', 2, '', '290.00', 1, 1, '2020-09-07 06:38:48'),
(117, '2020-08-13 11:38:00', '2', 2, '', '100.00', 1, 1, '2020-09-07 06:39:02'),
(118, '2020-08-13 11:39:00', '1', 2, '', '600.00', 1, 1, '2020-09-07 06:39:14'),
(119, '2020-08-13 11:39:00', '21', 2, 'OFFICE', '1000.00', 1, 1, '2020-09-07 06:39:53'),
(120, '2020-08-13 11:40:00', '1', 2, '', '120.00', 1, 1, '2020-09-07 06:40:13'),
(121, '2020-08-13 11:40:00', '21', 2, 'UNION FUND', '300.00', 1, 1, '2020-09-07 06:40:33'),
(122, '2020-08-13 11:40:00', '21', 2, 'KHERIAT', '100.00', 1, 1, '2020-09-07 06:40:52'),
(123, '2020-08-13 11:41:00', '93', 2, 'SALARY-JULY-2020', '80000.00', 1, 1, '2020-09-07 06:41:38'),
(124, '2020-08-13 11:42:00', '91', 2, '', '500.00', 1, 1, '2020-09-07 06:42:38'),
(125, '2020-08-13 11:42:00', '93', 2, '', '1500.00', 1, 1, '2020-09-07 06:42:49'),
(126, '2020-08-13 11:45:00', '94', 2, '', '500.00', 1, 1, '2020-09-07 06:45:51'),
(127, '2020-08-13 11:48:00', '95', 2, '', '2000.00', 1, 1, '2020-09-07 06:50:17'),
(128, '2020-08-13 11:50:00', '87', 2, '', '2000.00', 1, 1, '2020-09-07 06:50:42'),
(129, '2020-08-13 11:50:00', '86', 2, '', '2000.00', 1, 1, '2020-09-07 06:51:08'),
(130, '2020-08-13 11:51:00', '96', 2, '', '2000.00', 1, 1, '2020-09-07 06:51:20'),
(131, '2020-08-13 11:51:00', '89', 2, '', '4000.00', 1, 1, '2020-09-07 06:51:35'),
(132, '2020-08-13 11:51:00', '97', 2, '', '2000.00', 1, 1, '2020-09-07 06:51:50'),
(133, '2020-08-13 11:51:00', '98', 2, '', '1000.00', 1, 1, '2020-09-07 06:52:04'),
(134, '2020-08-13 11:52:00', '99', 2, '', '2000.00', 1, 1, '2020-09-07 06:52:19'),
(135, '2020-08-13 11:52:00', '100', 2, '', '2000.00', 1, 1, '2020-09-07 06:54:07'),
(136, '2020-08-13 11:54:00', '90', 2, '', '2000.00', 1, 1, '2020-09-07 06:54:20'),
(137, '2020-08-13 11:54:00', '101', 2, '', '2000.00', 1, 1, '2020-09-07 06:54:37'),
(138, '2020-08-13 11:55:00', '102', 2, '', '1000.00', 1, 1, '2020-09-07 06:55:20'),
(139, '2020-08-13 11:55:00', '103', 2, '', '2500.00', 1, 1, '2020-09-07 06:55:33'),
(140, '2020-08-13 11:55:00', '104', 2, '', '3000.00', 1, 1, '2020-09-07 06:55:46'),
(142, '2020-08-13 11:57:00', '105', 2, '', '2000.00', 1, 1, '2020-09-07 06:58:08'),
(143, '2020-08-13 11:58:00', '106', 2, '', '1000.00', 1, 1, '2020-09-07 06:58:32'),
(144, '2020-08-13 11:58:00', '107', 2, '', '3000.00', 1, 1, '2020-09-07 06:58:47'),
(145, '2020-08-13 11:58:00', '108', 2, '', '11000.00', 1, 1, '2020-09-07 06:59:02'),
(146, '2020-08-13 11:59:00', '70', 2, '', '3400.00', 1, 1, '2020-09-07 06:59:20'),
(147, '2020-08-13 11:59:00', '109', 2, '', '2401.00', 1, 1, '2020-09-07 06:59:34'),
(148, '2020-08-13 11:59:00', '11', 2, '', '4200.00', 1, 1, '2020-09-07 06:59:50'),
(149, '2020-08-13 11:59:00', '20', 2, '', '8965.00', 1, 1, '2020-09-07 07:00:03'),
(150, '2020-08-15 12:01:00', '1', 2, '', '990.00', 1, 1, '2020-09-07 07:01:50'),
(151, '2020-08-15 12:01:00', '1', 2, '', '350.00', 1, 1, '2020-09-07 07:02:06'),
(152, '2020-08-15 12:02:00', '1', 2, '', '4000.00', 1, 1, '2020-09-07 07:02:19'),
(153, '2020-08-15 12:02:00', '1', 2, '', '800.00', 1, 1, '2020-09-07 07:02:40'),
(154, '2020-08-15 12:02:00', '2', 2, '', '100.00', 1, 1, '2020-09-07 07:02:50'),
(155, '2020-08-15 12:03:00', '1', 2, '', '300.00', 1, 1, '2020-09-07 07:03:52'),
(156, '2020-08-16 12:03:00', '1', 2, '', '2190.00', 1, 1, '2020-09-07 07:05:02'),
(157, '2020-08-16 12:05:00', '21', 2, '', '3270.00', 1, 1, '2020-09-07 07:05:47'),
(158, '2020-08-16 12:05:00', '2', 2, '', '100.00', 1, 1, '2020-09-07 07:06:05'),
(159, '2020-08-16 12:06:00', '11', 2, '', '200.00', 1, 1, '2020-09-07 07:06:21'),
(160, '2020-08-16 12:06:00', '21', 2, 'CASH LABOR', '900.00', 1, 1, '2020-09-07 07:07:53'),
(161, '2020-08-17 12:09:00', '1', 2, '', '2530.00', 1, 1, '2020-09-07 07:11:44'),
(162, '2020-08-17 12:11:00', '4', 2, 'JUNE JULY 2020', '165000.00', 1, 1, '2020-09-07 07:12:27'),
(163, '2020-08-17 12:12:00', '3', 2, '', '102507.00', 1, 1, '2020-09-07 07:12:47'),
(164, '2020-08-17 12:12:00', '21', 2, 'CASH LABOR', '1685.00', 1, 1, '2020-09-07 07:15:07'),
(165, '2020-08-17 12:15:00', '21', 2, 'OFFICE', '1050.00', 1, 1, '2020-09-07 07:15:31'),
(166, '2020-08-18 12:16:00', '21', 2, 'CASH LABOR', '470.00', 1, 1, '2020-09-07 07:16:41'),
(167, '2020-08-18 12:17:00', '1', 2, '', '2080.00', 1, 1, '2020-09-07 07:17:54'),
(168, '2020-08-18 12:18:00', '108', 2, '', '1000.00', 1, 1, '2020-09-07 07:18:13'),
(169, '2020-08-19 12:18:00', '1', 2, '', '1390.00', 1, 1, '2020-09-07 07:19:51'),
(170, '2020-08-18 12:19:00', '2', 2, '', '100.00', 1, 1, '2020-09-07 07:20:10'),
(171, '2020-08-19 12:20:00', '86', 2, 'SMALL REHAN', '3000.00', 1, 1, '2020-09-07 07:21:08'),
(172, '2020-08-19 12:21:00', '21', 2, 'MOBILE LOAD', '650.00', 1, 1, '2020-09-07 07:21:40'),
(173, '2020-08-19 12:21:00', '89', 2, '', '15000.00', 1, 1, '2020-09-07 07:22:09'),
(174, '2020-08-19 12:22:00', '2', 2, '', '100.00', 1, 1, '2020-09-07 07:22:56'),
(175, '2020-08-20 12:28:00', '2', 2, '', '900.00', 1, 1, '2020-09-07 07:28:49'),
(176, '2020-08-20 12:29:00', '1', 2, '', '2270.00', 1, 1, '2020-09-07 07:29:41'),
(177, '2020-08-20 12:29:00', '21', 2, 'CASH LABOR', '300.00', 1, 1, '2020-09-07 07:30:12'),
(178, '2020-08-20 12:32:00', '2', 2, '', '100.00', 1, 1, '2020-09-07 07:33:09'),
(179, '2020-08-20 12:33:00', '9', 2, '', '267683.00', 1, 1, '2020-09-07 07:33:30'),
(180, '2020-08-20 12:33:00', '21', 2, '', '30.00', 1, 1, '2020-09-07 07:33:51'),
(181, '2020-08-20 12:34:00', '91', 2, '', '500.00', 1, 1, '2020-09-07 07:34:25'),
(182, '2020-08-20 12:34:00', '93', 2, '', '1500.00', 1, 1, '2020-09-07 07:34:39'),
(183, '2020-08-20 12:34:00', '93', 2, '', '500.00', 1, 1, '2020-09-07 07:35:03'),
(184, '2020-08-20 12:35:00', '94', 2, '', '500.00', 1, 1, '2020-09-07 07:35:18'),
(185, '2020-08-20 12:35:00', '87', 2, '', '2000.00', 1, 1, '2020-09-07 07:35:50'),
(186, '2020-08-20 12:35:00', '95', 2, '', '2000.00', 1, 1, '2020-09-07 07:36:04'),
(187, '2020-08-20 12:36:00', '96', 2, '', '2000.00', 1, 1, '2020-09-07 07:36:21'),
(188, '2020-08-20 12:36:00', '108', 2, '', '1000.00', 1, 1, '2020-09-07 07:36:34'),
(189, '2020-08-20 12:36:00', '89', 2, '', '2000.00', 1, 1, '2020-09-07 07:36:50'),
(190, '2020-08-20 12:36:00', '97', 2, '', '2000.00', 1, 1, '2020-09-07 07:37:05'),
(191, '2020-08-20 12:37:00', '98', 2, '', '1000.00', 1, 1, '2020-09-07 07:37:22'),
(192, '2020-08-20 12:37:00', '90', 2, '', '2000.00', 1, 1, '2020-09-07 07:37:49'),
(193, '2020-08-20 12:37:00', '101', 2, '', '2000.00', 1, 1, '2020-09-07 07:38:26'),
(194, '2020-08-20 12:39:00', '99', 2, '', '1000.00', 1, 1, '2020-09-07 07:39:23'),
(195, '2020-08-20 12:40:00', '92', 2, '', '3000.00', 1, 1, '2020-09-07 07:40:46'),
(196, '2020-08-20 12:40:00', '104', 2, '', '3000.00', 1, 1, '2020-09-07 07:41:02'),
(197, '2020-08-20 12:41:00', '106', 2, '', '1000.00', 1, 1, '2020-09-07 07:41:19'),
(198, '2020-08-20 12:41:00', '103', 2, '', '2500.00', 1, 1, '2020-09-07 07:41:41'),
(199, '2020-08-20 12:41:00', '107', 2, '', '3000.00', 1, 1, '2020-09-07 07:41:59'),
(200, '2020-08-20 12:42:00', '70', 2, '', '3500.00', 1, 1, '2020-09-07 07:42:23'),
(201, '2020-08-20 12:43:00', '20', 2, '', '6390.00', 1, 1, '2020-09-07 07:44:15'),
(202, '2020-08-20 12:44:00', '1', 2, '', '6300.00', 1, 1, '2020-09-07 07:44:33'),
(203, '2020-08-20 12:44:00', '11', 2, '', '3640.00', 1, 1, '2020-09-07 07:44:51'),
(204, '2020-08-20 12:44:00', '109', 2, '', '1760.00', 1, 1, '2020-09-07 07:45:07'),
(205, '2020-08-20 12:45:00', '110', 2, '', '2000.00', 1, 1, '2020-09-07 07:45:51'),
(206, '2020-08-22 12:46:00', '21', 2, 'OFFICE', '3000.00', 1, 1, '2020-09-07 07:46:40'),
(207, '2020-08-22 12:46:00', '21', 2, 'CASH LABOR', '700.00', 1, 1, '2020-09-07 07:47:00'),
(208, '2020-08-22 12:47:00', '1', 2, '', '2700.00', 1, 1, '2020-09-07 07:47:54'),
(209, '2020-08-22 12:47:00', '21', 2, '', '350.00', 1, 1, '2020-09-07 07:48:23'),
(210, '2020-08-23 12:48:00', '1', 2, '', '2890.00', 1, 1, '2020-09-07 07:51:51'),
(211, '2020-08-23 12:52:00', '21', 2, 'CASH LABOR', '1299.00', 1, 1, '2020-09-07 07:52:33'),
(212, '2020-08-23 12:52:00', '21', 2, 'BIKE REPAIR+PLATE', '6970.00', 1, 1, '2020-09-07 07:53:24'),
(213, '2020-08-23 12:53:00', '2', 2, '', '100.00', 1, 1, '2020-09-07 07:54:05'),
(214, '2020-08-23 12:54:00', '21', 2, '', '341.00', 1, 1, '2020-09-07 07:54:43'),
(215, '2020-08-23 12:55:00', '111', 2, '', '3000.00', 1, 1, '2020-09-07 07:55:32'),
(216, '2020-08-23 12:55:00', '21', 2, '', '30.00', 1, 1, '2020-09-07 07:56:03'),
(217, '2020-08-24 12:56:00', '1', 2, '', '2810.00', 1, 1, '2020-09-07 07:56:57'),
(218, '2020-08-24 12:57:00', '21', 2, '', '1480.00', 1, 1, '2020-09-07 07:57:28'),
(219, '2020-08-24 12:57:00', '2', 2, '', '100.00', 1, 1, '2020-09-07 07:57:47'),
(220, '2020-08-24 12:57:00', '96', 2, '', '1000.00', 1, 1, '2020-09-07 07:58:30'),
(221, '2020-08-24 12:58:00', '86', 2, '', '500.00', 1, 1, '2020-09-07 07:58:40'),
(222, '2020-08-24 12:58:00', '21', 2, 'CASH LABOR', '280.00', 1, 1, '2020-09-07 07:59:03'),
(223, '2020-08-26 12:59:00', '1', 2, '', '5360.00', 1, 1, '2020-09-07 08:00:06'),
(224, '2020-08-26 13:00:00', '21', 2, '', '720.00', 1, 1, '2020-09-07 08:00:52'),
(225, '2020-08-26 13:01:00', '11', 2, '', '3920.00', 1, 1, '2020-09-07 08:01:12'),
(226, '2020-08-27 13:02:00', '1', 2, '', '8130.00', 1, 1, '2020-09-07 08:02:32'),
(227, '2020-08-27 13:02:00', '12', 2, 'TARGET', '95855.00', 1, 1, '2020-09-07 08:02:54'),
(228, '2020-08-27 13:03:00', '2', 2, '', '650.00', 1, 1, '2020-09-07 08:03:14'),
(229, '2020-08-27 13:03:00', '21', 2, '', '20.00', 1, 1, '2020-09-07 08:03:35'),
(230, '2020-08-27 13:03:00', '109', 2, '', '4435.00', 1, 1, '2020-09-07 08:03:52'),
(231, '2020-08-27 13:03:00', '88', 2, '', '4155.00', 1, 1, '2020-09-07 08:04:12'),
(232, '2020-08-27 13:04:00', '21', 2, 'LAPTOP BATTERY', '2200.00', 1, 1, '2020-09-07 08:04:34'),
(233, '2020-08-27 13:04:00', '20', 2, '', '48.00', 1, 1, '2020-09-07 08:04:53'),
(234, '2020-08-27 13:04:00', '93', 2, '', '2000.00', 1, 1, '2020-09-07 08:05:14'),
(235, '2020-08-27 13:05:00', '107', 2, '', '8000.00', 1, 1, '2020-09-07 08:05:33'),
(236, '2020-08-27 13:05:00', '87', 2, '', '2000.00', 1, 1, '2020-09-07 08:05:49'),
(237, '2020-08-27 13:05:00', '95', 2, '', '3000.00', 1, 1, '2020-09-07 08:06:04'),
(238, '2020-08-27 13:06:00', '86', 2, 'SMALL', '3000.00', 1, 1, '2020-09-07 08:06:33'),
(239, '2020-08-27 13:06:00', '104', 2, '', '3000.00', 1, 1, '2020-09-07 08:06:46'),
(240, '2020-08-27 13:06:00', '108', 2, '', '1000.00', 1, 1, '2020-09-07 08:07:01'),
(241, '2020-08-27 13:07:00', '86', 2, '', '2000.00', 1, 1, '2020-09-07 08:07:14'),
(242, '2020-08-27 13:07:00', '89', 2, '', '1000.00', 1, 1, '2020-09-07 08:07:28'),
(243, '2020-08-27 13:07:00', '97', 2, '', '2000.00', 1, 1, '2020-09-07 08:07:40'),
(244, '2020-08-27 13:07:00', '99', 2, '', '1000.00', 1, 1, '2020-09-07 08:07:58'),
(245, '2020-08-27 13:08:00', '98', 2, '', '1000.00', 1, 1, '2020-09-07 08:08:12'),
(246, '2020-08-27 13:08:00', '90', 2, '', '3000.00', 1, 1, '2020-09-07 08:08:23'),
(247, '2020-08-27 13:08:00', '101', 2, '', '2000.00', 1, 1, '2020-09-07 08:08:37'),
(248, '2020-08-27 13:08:00', '103', 2, '', '2500.00', 1, 1, '2020-09-07 08:08:50'),
(249, '2020-08-27 13:08:00', '106', 2, '', '1000.00', 1, 1, '2020-09-07 08:09:05'),
(250, '2020-08-27 13:09:00', '20', 2, '', '2890.00', 1, 1, '2020-09-07 08:09:23'),
(251, '2020-08-29 13:09:00', '21', 2, 'OFFICE', '4300.00', 1, 1, '2020-09-07 08:11:40'),
(252, '2020-08-29 13:11:00', '1', 2, '', '2720.00', 1, 1, '2020-09-07 08:12:38'),
(253, '2020-08-29 13:12:00', '2', 2, '', '320.00', 1, 1, '2020-09-07 08:13:08'),
(254, '2020-08-31 13:13:00', '1', 2, '', '350.00', 1, 1, '2020-09-07 08:13:44'),
(255, '2020-08-31 13:13:00', '108', 2, '', '500.00', 1, 1, '2020-09-07 08:13:58'),
(256, '2020-08-31 13:14:00', '89', 2, '', '3000.00', 1, 1, '2020-09-07 08:14:12'),
(257, '2020-07-01 14:46:00', '1', 2, '', '3230.00', 1, 1, '2020-09-07 09:47:06'),
(258, '2020-07-01 14:47:00', '21', 2, '', '4540.00', 1, 1, '2020-09-07 09:48:07'),
(260, '2020-07-02 14:50:00', '1', 2, '', '4450.00', 1, 1, '2020-09-07 09:51:09'),
(261, '2020-07-02 14:51:00', '70', 2, '', '13534.00', 1, 1, '2020-09-07 09:52:40'),
(262, '2020-07-02 14:51:00', '109', 2, '', '4756.00', 1, 1, '2020-09-07 09:52:49'),
(263, '2020-07-02 14:53:00', '21', 2, 'RICKSHAW', '50.00', 1, 1, '2020-09-07 09:53:29'),
(264, '2020-07-02 14:54:00', '117', 2, '', '1520.00', 1, 1, '2020-09-07 09:55:16'),
(265, '2020-07-02 14:55:00', '86', 2, '', '810.00', 1, 1, '2020-09-07 09:55:31'),
(266, '2020-07-02 14:55:00', '108', 2, '', '1770.00', 1, 1, '2020-09-07 09:55:49'),
(267, '2020-07-02 14:55:00', '112', 2, '', '580.00', 1, 1, '2020-09-07 09:56:04'),
(268, '2020-07-02 14:56:00', '97', 2, '', '600.00', 1, 1, '2020-09-07 09:56:20'),
(269, '2020-07-02 14:56:00', '89', 2, '', '860.00', 1, 1, '2020-09-07 09:56:37'),
(270, '2020-07-02 14:56:00', '99', 2, '', '410.00', 1, 1, '2020-09-07 09:56:55'),
(271, '2020-07-02 14:56:00', '90', 2, '', '250.00', 1, 1, '2020-09-07 09:57:10'),
(272, '2020-07-02 14:57:00', '113', 2, '', '300.00', 1, 1, '2020-09-07 09:57:24'),
(273, '2020-07-02 14:57:00', '100', 2, '', '350.00', 1, 1, '2020-09-07 09:57:42'),
(274, '2020-07-02 14:58:00', '118', 2, '', '960.00', 1, 1, '2020-09-07 09:58:29'),
(275, '2020-07-02 14:58:00', '101', 2, '', '960.00', 1, 1, '2020-09-07 09:58:43'),
(276, '2020-07-02 14:58:00', '92', 2, '', '700.00', 1, 1, '2020-09-07 09:58:57'),
(277, '2020-07-02 14:59:00', '92', 2, '', '600.00', 1, 1, '2020-09-07 09:59:12'),
(278, '2020-07-02 14:59:00', '99', 2, '', '610.00', 1, 1, '2020-09-07 09:59:28'),
(279, '2020-07-02 14:59:00', '104', 2, '', '540.00', 1, 1, '2020-09-07 09:59:42'),
(280, '2020-07-02 14:59:00', '114', 2, '', '1400.00', 1, 1, '2020-09-07 09:59:55'),
(281, '2020-07-02 15:00:00', '115', 2, '', '670.00', 1, 1, '2020-09-07 10:00:11'),
(282, '2020-07-02 15:00:00', '103', 2, '', '280.00', 1, 1, '2020-09-07 10:00:25'),
(283, '2020-07-02 15:00:00', '89', 2, '', '300.00', 1, 1, '2020-09-07 10:01:20'),
(284, '2020-07-02 15:01:00', '116', 2, '', '300.00', 1, 1, '2020-09-07 10:01:54'),
(285, '2020-07-02 15:01:00', '110', 2, '', '250.00', 1, 1, '2020-09-07 10:02:15'),
(286, '2020-07-02 15:02:00', '106', 2, '', '400.00', 1, 1, '2020-09-07 10:02:35'),
(287, '2020-07-02 15:02:00', '98', 2, '', '1500.00', 1, 1, '2020-09-07 10:02:47'),
(288, '2020-07-02 15:02:00', '87', 2, '', '850.00', 1, 1, '2020-09-07 10:03:05'),
(289, '2020-07-02 15:03:00', '87', 2, '', '100.00', 1, 1, '2020-09-07 10:03:18'),
(290, '2020-07-02 15:03:00', '86', 2, '', '800.00', 1, 1, '2020-09-07 10:03:30'),
(291, '2020-07-02 15:11:00', '96', 2, '', '2000.00', 1, 1, '2020-09-07 10:11:33'),
(292, '2020-07-02 15:11:00', '108', 2, '', '1000.00', 1, 1, '2020-09-07 10:11:46'),
(293, '2020-07-02 15:11:00', '112', 2, '', '1000.00', 1, 1, '2020-09-07 10:11:59'),
(294, '2020-07-02 15:12:00', '99', 2, '', '2000.00', 1, 1, '2020-09-07 10:12:19'),
(295, '2020-07-02 15:12:00', '89', 2, '', '3000.00', 1, 1, '2020-09-07 10:12:31'),
(296, '2020-07-02 15:12:00', '90', 2, '', '1000.00', 1, 1, '2020-09-07 10:12:43'),
(297, '2020-07-02 15:12:00', '92', 2, '', '1000.00', 1, 1, '2020-09-07 10:13:00'),
(298, '2020-07-02 15:13:00', '104', 2, '', '2500.00', 1, 1, '2020-09-07 10:13:13'),
(299, '2020-07-02 15:13:00', '103', 2, '', '2500.00', 1, 1, '2020-09-07 10:13:25'),
(300, '2020-07-02 15:13:00', '110', 2, '', '2000.00', 1, 1, '2020-09-07 10:13:47'),
(301, '2020-07-02 15:13:00', '87', 2, '', '2000.00', 1, 1, '2020-09-07 10:13:58'),
(302, '2020-07-02 15:14:00', '86', 2, 'SMALL', '1500.00', 1, 1, '2020-09-07 10:14:22'),
(303, '2020-07-02 15:14:00', '91', 2, '', '1300.00', 1, 1, '2020-09-07 10:14:37'),
(304, '2020-07-02 15:14:00', '93', 2, '', '2000.00', 1, 1, '2020-09-07 10:14:50'),
(305, '2020-07-02 15:14:00', '98', 2, '', '1000.00', 1, 1, '2020-09-07 10:15:04'),
(306, '2020-07-02 15:15:00', '107', 2, '', '3000.00', 1, 1, '2020-09-07 10:15:21'),
(307, '2020-07-02 15:15:00', '101', 2, '', '700.00', 1, 1, '2020-09-07 10:15:42'),
(308, '2020-07-02 15:15:00', '1', 2, '', '365.00', 1, 1, '2020-09-07 10:15:55'),
(309, '2020-09-01 10:56:00', '1', 2, '', '2020.00', 1, 1, '2020-09-21 05:58:31'),
(310, '2020-09-01 10:58:00', '21', 2, '', '3495.00', 1, 1, '2020-09-21 05:59:28'),
(311, '2020-09-01 10:59:00', '2', 2, '', '100.00', 1, 1, '2020-09-21 05:59:42'),
(312, '2020-09-02 11:01:00', '1', 2, '', '2480.00', 1, 1, '2020-09-21 06:01:55'),
(313, '2020-09-02 11:02:00', '120', 2, 'AMIR STAR', '300000.00', 1, 1, '2020-09-21 06:02:22'),
(314, '2020-09-02 11:03:00', '21', 2, 'CASH LABOR', '4610.00', 1, 1, '2020-09-21 06:03:12'),
(315, '2020-09-02 11:03:00', '2', 2, '', '100.00', 1, 1, '2020-09-21 06:03:44'),
(316, '2020-09-02 11:03:00', '21', 2, 'SOAP', '30.00', 1, 1, '2020-09-21 06:04:03'),
(317, '2020-09-02 11:04:00', '40', 2, 'AL NAEEM GLASS', '24250.00', 1, 1, '2020-09-21 06:04:26'),
(318, '2020-09-03 11:05:00', '21', 2, 'CASH LABOR', '5609.00', 1, 1, '2020-09-21 06:06:24'),
(319, '2020-09-03 11:07:00', '1', 2, '', '8535.00', 1, 1, '2020-09-21 06:07:23'),
(320, '2020-09-03 11:07:00', '21', 2, 'STATIONARY', '510.00', 1, 1, '2020-09-21 06:07:47'),
(321, '2020-09-03 11:07:00', '19', 2, 'GULMAM HUSAIN', '500.00', 1, 1, '2020-09-21 06:08:36'),
(322, '2020-09-03 11:08:00', '19', 2, 'UMAIR BHAI', '2000.00', 1, 1, '2020-09-21 06:10:15'),
(323, '2020-09-03 11:09:00', '19', 2, 'REHAN SMALL', '2000.00', 1, 1, '2020-09-21 06:09:51'),
(324, '2020-09-03 11:10:00', '19', 2, 'ABID', '1500.00', 1, 1, '2020-09-21 06:10:39'),
(325, '2020-09-03 11:10:00', '19', 2, 'ASAD', '2000.00', 1, 1, '2020-09-21 06:10:57'),
(326, '2020-09-03 11:10:00', '19', 2, 'BURHAN', '3000.00', 1, 1, '2020-09-21 06:11:09'),
(327, '2020-09-03 11:11:00', '19', 2, 'TARIQ', '2000.00', 1, 1, '2020-09-21 06:11:31'),
(328, '2020-09-03 11:11:00', '20', 2, '', '2790.00', 1, 1, '2020-09-21 06:11:47'),
(329, '2020-09-03 11:11:00', '21', 2, 'BIKE REPAIR', '80.00', 1, 1, '2020-09-21 06:12:07'),
(330, '2020-09-03 11:12:00', '2', 2, '', '100.00', 1, 1, '2020-09-21 06:12:19'),
(331, '2020-09-04 11:12:00', '19', 2, 'GULAM HUSAIN', '21465.00', 1, 1, '2020-09-21 06:13:07'),
(332, '2020-09-04 11:13:00', '19', 2, 'SHANI', '30000.00', 1, 1, '2020-09-21 06:13:23'),
(333, '2020-09-04 11:13:00', '19', 2, 'MUJEB', '10000.00', 1, 1, '2020-09-21 06:13:43'),
(334, '2020-09-04 11:13:00', '19', 2, 'ABID', '30000.00', 1, 1, '2020-09-21 06:14:20'),
(335, '2020-09-04 11:14:00', '19', 2, 'SAHIL 9400\r\nFAYSAL 9900\r\nNOMAN 7000\r\nREHAN MOLANA 3400\r\nAFTAB 4635\r\nJAMEL 11665\r\nMAMO 10000\r\nSHAHZEB 6665\r\nSHARJEL 6400\r\nAHSAN 8400\r\nSAJID 15000\r\nAHTISHAM 6665\r\nASIM 6665\r\nARSHAD 18667\r\nSHAHZAIB 5600\r\nKASHIF 4800\r\nNADEM 4633\r\nJAVED 6300\r\nTARIQ 1000\r\nZOHAIB 6000\r\nBABAR 2767\r\nWALI 5000\r\nARSHAD 11000', '171562.00', 1, 1, '2020-09-21 06:20:36'),
(336, '2020-09-05 11:21:00', '1', 2, '', '3070.00', 1, 1, '2020-09-21 06:22:42'),
(337, '2020-09-05 11:23:00', '21', 2, 'PETROL,GAS CYLINDER,CASH LABOR', '6165.00', 1, 1, '2020-09-21 06:24:43'),
(338, '2020-09-06 11:25:00', '1', 2, '', '2610.00', 1, 1, '2020-09-21 06:25:51'),
(339, '2020-09-06 11:25:00', '21', 2, '', '100.00', 1, 1, '2020-09-21 06:26:35'),
(340, '2020-09-06 11:26:00', '21', 2, 'CASH LABOR', '858.00', 1, 1, '2020-09-21 06:27:21'),
(341, '2020-09-06 11:27:00', '21', 2, 'SUTLI ', '11165.00', 1, 1, '2020-09-21 06:27:51'),
(342, '2020-09-06 11:28:00', '21', 2, 'OFFICE EXP', '4980.00', 1, 1, '2020-09-21 06:28:51'),
(343, '2020-09-06 11:28:00', '2', 2, '', '100.00', 1, 1, '2020-09-21 06:29:07'),
(344, '2020-09-06 11:29:00', '19', 2, 'UMAIR BHAI', '5000.00', 1, 1, '2020-09-21 06:29:28'),
(345, '2020-09-07 11:30:00', '21', 2, 'CASH LABOR', '1475.00', 1, 1, '2020-09-21 06:30:47'),
(346, '2020-09-07 11:31:00', '1', 2, '', '3320.00', 1, 1, '2020-09-21 06:31:50'),
(347, '2020-09-07 11:31:00', '2', 2, '', '100.00', 1, 1, '2020-09-21 06:32:06'),
(348, '2020-09-07 11:32:00', '21', 2, '', '2720.00', 1, 1, '2020-09-21 06:32:21'),
(349, '2020-09-08 11:33:00', '1', 2, '', '3020.00', 1, 1, '2020-09-21 06:35:08'),
(350, '2020-09-08 11:35:00', '2', 2, '', '100.00', 1, 1, '2020-09-21 06:35:21'),
(351, '2020-09-08 11:35:00', '19', 2, 'GULAM HUSAIN', '500.00', 1, 1, '2020-09-21 06:35:46'),
(352, '2020-09-08 11:35:00', '21', 2, 'CASH LABOR', '960.00', 1, 1, '2020-09-21 06:36:09'),
(353, '2020-09-09 11:37:00', '1', 2, '', '4100.00', 1, 1, '2020-09-21 06:37:51'),
(354, '2020-09-09 11:37:00', '2', 2, '', '150.00', 1, 1, '2020-09-21 06:38:15'),
(355, '2020-09-09 11:38:00', '21', 2, 'INCOMETAX RISHWAT', '9000.00', 1, 1, '2020-09-21 06:38:50'),
(356, '2020-09-09 11:39:00', '12', 2, 'PUMP', '6700.00', 1, 1, '2020-09-21 06:39:15'),
(357, '2020-09-09 11:39:00', '21', 2, 'ACID', '3700.00', 1, 1, '2020-09-21 06:39:34'),
(358, '2020-09-09 11:39:00', '21', 2, 'BIKE REPAIR', '500.00', 1, 1, '2020-09-21 06:39:55'),
(359, '2020-09-09 11:40:00', '21', 2, '', '90.00', 1, 1, '2020-09-21 06:40:12'),
(360, '2020-09-09 11:40:00', '21', 2, 'CASH LABOR', '100.00', 1, 1, '2020-09-21 06:40:33'),
(361, '2020-09-10 11:42:00', '1', 2, '', '14690.00', 1, 1, '2020-09-21 06:42:19'),
(362, '2020-09-10 11:42:00', '19', 2, '', '100.00', 1, 1, '2020-09-21 06:42:58'),
(363, '2020-09-10 11:43:00', '21', 2, 'CASH LABOR', '100.00', 1, 1, '2020-09-21 06:43:19'),
(364, '2020-09-10 11:43:00', '21', 2, '', '170.00', 1, 1, '2020-09-21 06:43:35'),
(365, '2020-09-10 11:43:00', '19', 2, 'NOMAN', '2000.00', 1, 1, '2020-09-21 06:44:14'),
(366, '2020-09-10 11:44:00', '19', 2, 'SHAHID PLYDAR', '7500.00', 1, 1, '2020-09-21 06:44:34'),
(367, '2020-09-10 11:44:00', '19', 2, 'YOUSUF PLYDAR', '1500.00', 1, 1, '2020-09-21 06:44:56'),
(368, '2020-09-10 11:44:00', '19', 2, 'ASIF PLYDAR', '2600.00', 1, 1, '2020-09-21 06:45:20'),
(369, '2020-09-10 11:45:00', '19', 2, 'GULAM HUSAIN', '500.00', 1, 1, '2020-09-21 06:45:38'),
(370, '2020-09-10 11:45:00', '19', 2, 'UMAIR BHAI', '2000.00', 1, 1, '2020-09-21 06:45:53'),
(371, '2020-09-10 11:46:00', '19', 2, 'BABAR', '2000.00', 1, 1, '2020-09-21 06:46:20'),
(372, '2020-09-10 11:46:00', '19', 2, 'REHAN', '2000.00', 1, 1, '2020-09-21 06:46:34'),
(374, '2020-09-10 11:46:00', '19', 2, 'RASHID', '4000.00', 1, 1, '2020-09-21 06:47:04'),
(375, '2020-09-10 11:47:00', '19', 2, 'AFTAB', '2000.00', 1, 1, '2020-09-21 06:47:23'),
(376, '2020-09-10 11:47:00', '19', 2, 'MAMO', '1000.00', 1, 1, '2020-09-21 06:47:38'),
(377, '2020-09-10 11:47:00', '19', 2, 'SHAHZIAB', '2000.00', 1, 1, '2020-09-21 06:47:53'),
(378, '2020-09-10 11:47:00', '19', 2, 'SHARJEL', '1000.00', 1, 1, '2020-09-21 06:48:08'),
(379, '2020-09-10 11:48:00', '19', 2, 'ASAD', '3000.00', 1, 1, '2020-09-21 06:48:23'),
(380, '2020-09-10 11:48:00', '19', 2, 'AHTISHAM', '2000.00', 1, 1, '2020-09-21 06:48:39'),
(381, '2020-09-10 11:48:00', '19', 2, 'KASHIF', '1000.00', 1, 1, '2020-09-21 06:48:56'),
(382, '2020-09-10 11:48:00', '19', 2, 'NADEM', '1000.00', 1, 1, '2020-09-21 06:49:12'),
(383, '2020-09-10 11:49:00', '19', 2, 'ZOHAIB', '1500.00', 1, 1, '2020-09-21 06:49:29'),
(384, '2020-09-10 11:49:00', '19', 2, 'BURHAN', '3000.00', 1, 1, '2020-09-21 06:49:42'),
(385, '2020-09-10 11:49:00', '19', 2, 'REHAN SMALL', '2500.00', 1, 1, '2020-09-21 06:50:02'),
(386, '2020-09-10 11:50:00', '19', 2, 'TARIQ', '2000.00', 1, 1, '2020-09-21 06:50:18'),
(387, '2020-09-10 11:50:00', '19', 2, 'SHAHZIAB', '1000.00', 1, 1, '2020-09-21 06:50:35'),
(388, '2020-09-10 11:50:00', '19', 2, 'ABID', '12000.00', 1, 1, '2020-09-21 06:50:49'),
(389, '2020-09-12 11:53:00', '1', 2, '', '3300.00', 1, 1, '2020-09-21 06:53:16'),
(390, '2020-09-12 11:53:00', '19', 2, 'REHAN MOLANA', '2000.00', 1, 1, '2020-09-21 06:53:41'),
(391, '2020-09-12 11:53:00', '21', 2, 'OFFICE EXP', '2000.00', 1, 1, '2020-09-21 06:54:12'),
(392, '2020-09-21 11:54:00', '21', 2, 'SOAP,PETROL', '120.00', 1, 1, '2020-09-21 06:54:54'),
(393, '2020-09-12 11:55:00', '21', 2, 'GAS', '280.00', 1, 1, '2020-09-21 06:56:04'),
(394, '2020-09-12 11:56:00', '21', 2, 'OFFICE', '1000.00', 1, 1, '2020-09-21 06:56:31'),
(395, '2020-09-12 11:56:00', '19', 2, 'UMAIR BHAI', '67500.00', 1, 1, '2020-09-21 06:56:46'),
(396, '2020-09-12 11:56:00', '19', 2, 'UMAIR BHAI', '5500.00', 1, 1, '2020-09-21 06:57:04'),
(397, '2020-09-12 11:57:00', '1', 2, '', '120.00', 1, 1, '2020-09-21 06:57:55'),
(398, '2020-09-13 11:59:00', '1', 2, '', '3030.00', 1, 1, '2020-09-21 07:00:36'),
(399, '2020-09-13 12:00:00', '2', 2, 'M YASIN ', '91056.00', 1, 1, '2020-09-21 07:01:07'),
(400, '2020-09-13 12:01:00', '19', 2, 'BABAR', '3000.00', 1, 1, '2020-09-21 07:01:25'),
(401, '2020-09-13 12:01:00', '2', 2, '', '100.00', 1, 1, '2020-09-21 07:01:43'),
(402, '2020-09-13 12:01:00', '21', 2, 'BIKE REPAIR ABID BHAI', '850.00', 1, 1, '2020-09-21 07:02:06'),
(403, '2020-09-13 12:02:00', '21', 2, 'CASH LABOR', '740.00', 1, 1, '2020-09-21 07:02:25'),
(404, '2020-09-13 12:02:00', '21', 2, 'SODA', '50.00', 1, 1, '2020-09-21 07:02:45'),
(405, '2020-09-14 12:03:00', '1', 2, '', '3210.00', 1, 1, '2020-09-21 07:04:17'),
(406, '2020-09-14 12:04:00', '21', 2, '', '3240.00', 1, 1, '2020-09-21 07:05:14'),
(407, '2020-09-14 12:05:00', '19', 2, 'ABID', '1000.00', 1, 1, '2020-09-21 07:05:36'),
(408, '2020-09-14 12:05:00', '19', 2, 'SAHIL', '1000.00', 1, 1, '2020-09-21 07:05:53'),
(409, '2020-09-15 12:07:00', '1', 2, '', '2890.00', 1, 1, '2020-09-21 07:07:23'),
(410, '2020-09-15 12:07:00', '12', 2, 'TARGET', '96915.00', 1, 1, '2020-09-21 07:07:53'),
(411, '2020-09-15 12:07:00', '12', 2, 'GENERAOR ABDULJABAR', '6000.00', 1, 1, '2020-09-21 07:08:25'),
(412, '2020-09-15 12:08:00', '21', 2, '', '910.00', 1, 1, '2020-09-21 07:08:55'),
(413, '2020-09-15 12:09:00', '19', 2, 'RASHID BHAI', '2000.00', 1, 1, '2020-09-21 07:09:17'),
(414, '2020-09-16 12:10:00', '1', 2, '', '3265.00', 1, 1, '2020-09-21 07:10:39'),
(415, '2020-09-16 12:10:00', '2', 2, '', '100.00', 1, 1, '2020-09-21 07:10:56'),
(416, '2020-09-16 12:11:00', '12', 2, 'FILTER ', '2500.00', 1, 1, '2020-09-21 07:11:18'),
(417, '2020-09-16 12:11:00', '21', 2, 'SOAP', '40.00', 1, 1, '2020-09-21 07:11:34'),
(418, '2020-09-16 12:11:00', '19', 2, 'TARIQ', '1000.00', 1, 1, '2020-09-21 07:11:50'),
(419, '2020-09-17 12:13:00', '1', 2, '', '13000.00', 1, 1, '2020-09-21 07:13:58'),
(420, '2020-09-17 12:14:00', '12', 2, 'FILTER', '800.00', 1, 1, '2020-09-21 07:14:14'),
(421, '2020-09-17 12:14:00', '21', 2, 'SOCIAL TAX', '2500.00', 1, 1, '2020-09-21 07:14:36'),
(422, '2020-09-17 12:14:00', '2', 2, '', '100.00', 1, 1, '2020-09-21 07:14:58'),
(423, '2020-09-17 12:15:00', '21', 2, 'SOAP', '30.00', 1, 1, '2020-09-21 07:15:14'),
(424, '2020-09-17 12:15:00', '21', 2, 'ASIF PLYDAR', '718.00', 1, 1, '2020-09-21 07:15:56'),
(425, '2020-09-17 12:16:00', '19', 2, 'UMAIR BHAI', '1000.00', 1, 1, '2020-09-21 07:16:14'),
(426, '2020-09-17 12:16:00', '19', 2, 'UMAIR BHAI 1500\r\nGULAM HUSAIN 500\r\nSAHIL 1000\r\nBABAR 1000\r\nNOMAN 2000\r\nREHAN SMALL 2000\r\nTARIQ 3000\r\nABID 1000\r\nREHAN MOLANA 2000\r\nRASHID 2000\r\nAFTAB 2000\r\nJAMEL 2000\r\nMAMO 1000\r\nSHAHZAIB 500\r\nASAD 2000\r\nAHTISHAM 2000\r\nSHAHZAIB BIG 500\r\nNADEM 2500\r\nZOHAIB 1000\r\nWALI 1000\r\nBURHAN 3000\r\nUMAIR BHAI 500\r\n', '34000.00', 1, 1, '2020-09-21 07:21:02'),
(427, '2020-09-17 12:21:00', '21', 2, 'SHAHID PLYDAR', '6757.00', 1, 1, '2020-09-21 07:21:25'),
(428, '2020-09-17 12:21:00', '83', 2, 'YOUSUF PLYDAR', '3019.00', 1, 1, '2020-09-21 07:21:46'),
(429, '2020-09-17 12:21:00', '4', 2, 'GODAM RENT LIYAQAT', '16000.00', 1, 1, '2020-09-21 07:22:17'),
(430, '2020-09-17 12:22:00', '11', 2, '', '3640.00', 1, 1, '2020-09-21 07:22:44'),
(431, '2020-09-19 12:23:00', '1', 2, '', '2930.00', 1, 1, '2020-09-21 07:23:52'),
(432, '2020-09-19 12:23:00', '83', 2, 'CASH LABOR', '830.00', 1, 1, '2020-09-21 07:24:19'),
(433, '2020-09-19 12:24:00', '2', 2, '', '100.00', 1, 1, '2020-09-21 07:24:32'),
(434, '2020-09-19 12:24:00', '21', 2, 'SOAP', '40.00', 1, 1, '2020-09-21 07:24:48'),
(435, '2020-09-20 12:26:00', '1', 2, '', '3040.00', 1, 1, '2020-09-21 07:26:19'),
(436, '2020-09-20 12:26:00', '21', 2, 'SOAP,PEN', '120.00', 1, 1, '2020-09-21 07:27:03'),
(437, '2020-09-20 12:27:00', '21', 2, 'MOBILE LOAD', '650.00', 1, 1, '2020-09-21 07:27:21'),
(438, '2020-09-20 12:27:00', '2', 2, '', '100.00', 1, 1, '2020-09-21 07:27:35'),
(439, '2020-09-20 12:27:00', '19', 2, 'NOMAN', '4000.00', 1, 1, '2020-09-21 07:27:49');

-- --------------------------------------------------------

--
-- Table structure for table `expense_category`
--

CREATE TABLE `expense_category` (
  `id` int(11) NOT NULL,
  `title` varchar(50) NOT NULL,
  `status` int(11) NOT NULL DEFAULT 1,
  `ts` timestamp NOT NULL DEFAULT current_timestamp() ON UPDATE current_timestamp()
) ENGINE=InnoDB DEFAULT CHARSET=latin1;

--
-- Dumping data for table `expense_category`
--

INSERT INTO `expense_category` (`id`, `title`, `status`, `ts`) VALUES
(1, 'FOOD', 1, '2020-02-24 16:09:11'),
(2, 'PETROL', 1, '2020-02-24 15:46:46'),
(3, 'DIESEL', 1, '2020-02-24 15:49:05'),
(4, 'RENT', 1, '2020-02-24 15:49:21'),
(5, 'MONTHLY LABOR GROUP - A', 1, '2020-02-24 16:07:58'),
(6, 'DAILY WAGES LABOR (PLYDAR)', 1, '2020-02-24 16:06:43'),
(7, 'WEEKLY LABOR GROUP - B', 1, '2020-02-24 16:07:18'),
(8, 'WAQAR FOR COUNTING', 1, '2020-07-07 09:52:45'),
(9, 'ELECTRIC  BILL', 1, '2020-02-24 16:09:28'),
(10, 'WATER BILL', 1, '2020-02-24 16:09:40'),
(11, 'LPG  CYLINDER PAYMENT', 1, '2020-02-24 16:10:01'),
(12, 'PLANT MAINTENANCE ', 1, '2020-02-24 16:10:36'),
(13, 'GENERAL MAINTENANCE ', 1, '2020-02-24 16:11:00'),
(14, 'BIKE REPAIR', 1, '2020-02-24 16:11:15'),
(15, 'ABC OFFICE EXPENSES ', 1, '2020-02-24 16:11:55'),
(16, 'ABC BANK ACCOUNT EXPENSES ', 1, '2020-02-24 16:12:25'),
(17, 'CUSTOMER GIFT EXPENSES ', 1, '2020-02-24 16:13:07'),
(18, 'EMPLOYEE  APPRECIATION GIFT', 1, '2020-02-24 16:13:53'),
(19, 'OFFICE  STAFF SALARY', 1, '2020-02-24 16:14:12'),
(20, 'OVERTIME', 1, '2020-02-24 16:14:31'),
(21, 'MISC EXPENSES ', 1, '2020-02-24 16:15:52'),
(22, 'WATER TANKER', 1, '2020-02-24 16:16:11'),
(23, 'DRINKING WATER', 1, '2020-02-24 16:16:24'),
(24, 'BAKRA CHARA', 1, '2020-02-24 16:16:36'),
(25, 'SEEYLANI CHARITY ', 1, '2020-02-24 16:17:35'),
(26, 'KASHIF(OWNER) DRAWING', 1, '2020-02-24 16:18:13'),
(38, 'HIRING LABOR FOR MALL KHULAI', 1, '2020-04-14 10:09:59'),
(39, 'TRANSPORT/TRAVEL', 1, '2020-04-18 11:20:06'),
(40, 'BANGLE PAYMENT', 1, '2020-04-21 09:43:12'),
(41, 'NADEM PLYDAR', 1, '2020-07-08 13:22:10'),
(42, 'ADVANCE', 1, '2020-06-06 11:30:47'),
(43, 'YUSUF FOR COUNTING', 1, '2020-07-07 09:53:56'),
(44, 'SUHAIL FOR COUNTING', 1, '2020-07-07 09:57:02'),
(45, 'SHAKIR FOR COUNTING', 1, '2020-07-07 09:57:31'),
(46, 'ASIF FOR COUNTING', 1, '2020-07-07 10:07:55'),
(47, 'IKRAM FOR COUNTING', 1, '2020-07-07 10:08:10'),
(48, 'RAFIQ PLYDAR', 1, '2020-07-08 13:22:22'),
(49, 'SABIR PLYDAR', 1, '2020-07-09 14:09:39'),
(50, 'JAVED  PLYDAR', 1, '2020-07-08 13:24:18'),
(51, 'NASIR PLYDAR', 1, '2020-07-08 13:24:33'),
(52, 'NABEL  PLYDAR', 1, '2020-07-08 13:25:13'),
(53, 'SHAHBAZ PLYDAR', 1, '2020-07-08 13:26:05'),
(54, 'JAVED  B  PLYDAR', 1, '2020-07-08 13:31:22'),
(55, 'AMIR PLYDAR', 1, '2020-07-08 13:32:41'),
(56, 'RIZWAN PLYDAR', 1, '2020-07-08 13:37:21'),
(57, 'AKRAM FOR COUNTING', 1, '2020-07-08 13:44:08'),
(58, 'ADIL PLYDAR', 1, '2020-07-09 13:58:53'),
(59, 'SAMAD PLYDAR', 1, '2020-07-09 14:52:44'),
(60, 'BALA PLYDAR', 1, '2020-07-09 14:59:38'),
(61, 'MOHAN  PLYDAR', 1, '2020-07-09 14:59:53'),
(62, 'SHANI PLYDAR', 1, '2020-07-09 15:00:32'),
(63, 'BHOLA PLYDAR', 1, '2020-07-09 15:00:58'),
(64, 'ISHTIYAQ PLYDAR', 1, '2020-07-09 15:01:15'),
(65, 'KHURSHED  PLYDAR', 1, '2020-07-09 15:01:30'),
(66, 'RIYAZ PLYDAR', 1, '2020-07-09 15:02:03'),
(67, 'SHAHZAIB  PLYDAR', 1, '2020-07-09 15:02:21'),
(68, 'RAOUF PLYDAR', 1, '2020-07-09 15:02:54'),
(69, 'KAMRAN B PLYDAR', 1, '2020-07-09 15:11:53'),
(70, 'SHAHID PLYDAR', 1, '2020-07-09 15:22:58'),
(71, 'MAKRANI MALL KHULAI', 1, '2020-07-09 15:29:29'),
(72, 'ZUBAIR PLYDAR', 1, '2020-07-09 15:41:52'),
(73, 'NADEM  MALL  KHULAI', 1, '2020-07-09 15:54:11'),
(74, 'RAFIQ B PLYDAR', 1, '2020-07-09 16:17:18'),
(75, 'SAQIB MALL KHULAI', 1, '2020-07-09 17:04:53'),
(76, 'ESSA MALL KHULAI', 1, '2020-07-09 17:05:06'),
(77, 'AJAZ MALL KHULAI', 1, '2020-07-12 15:56:16'),
(78, 'KASHIF MALL  KHULAI', 1, '2020-07-12 15:56:34'),
(79, 'WASEM MALL KHULAI', 1, '2020-07-12 15:56:54'),
(80, 'SAEED  MALL KHULAI', 1, '2020-07-12 15:57:24'),
(81, 'ADNAN MALL  KHULAI', 1, '2020-07-12 15:57:56'),
(82, 'INCENTIVE ', 1, '2020-07-13 08:46:07'),
(83, 'PLYDAR', 1, '2020-07-14 06:25:42'),
(84, 'TM', 1, '2020-07-28 19:33:05'),
(85, 'LABOR ADVANCE', 1, '2020-09-06 13:24:44'),
(86, 'REHAN', 1, '2020-09-06 13:28:43'),
(87, 'BABAR', 1, '2020-09-06 13:28:53'),
(88, 'SHAHID PLYDAR', 1, '2020-09-06 13:29:03'),
(89, 'RASHID', 1, '2020-09-06 14:08:49'),
(90, 'ASAD', 1, '2020-09-06 14:17:53'),
(91, 'GULAM HUSAIN', 1, '2020-09-06 14:29:52'),
(92, 'KASHIF', 1, '2020-09-06 14:39:35'),
(93, 'UMAIR BHAI', 1, '2020-09-07 06:41:09'),
(94, 'SAHIL', 1, '2020-09-07 06:43:01'),
(95, 'NOMAN', 1, '2020-09-07 06:43:07'),
(96, 'MOLANA REHAN', 1, '2020-09-07 06:43:16'),
(97, 'AFTAB', 1, '2020-09-07 06:43:27'),
(98, 'MAMO', 1, '2020-09-07 06:43:39'),
(99, 'SHAHZAIB', 1, '2020-09-07 06:43:46'),
(100, 'SHARJEL', 1, '2020-09-07 06:43:52'),
(101, 'AHTISHAM ALAM', 1, '2020-09-07 06:44:05'),
(102, 'SMALL SHAHZAIB', 1, '2020-09-07 06:44:26'),
(103, 'NADEM', 1, '2020-09-07 06:44:32'),
(104, 'TARIQ', 1, '2020-09-07 06:44:38'),
(105, 'ADNAN', 1, '2020-09-07 06:44:44'),
(106, 'ZOHAIB', 1, '2020-09-07 06:44:51'),
(107, 'BURHAN', 1, '2020-09-07 06:44:57'),
(108, 'ABID ', 1, '2020-09-07 06:45:10'),
(109, 'YOUSUF PLYDAR', 1, '2020-09-07 06:45:22'),
(110, 'IRFAN', 1, '2020-09-07 07:45:33'),
(111, 'RAHEL', 1, '2020-09-07 07:55:11'),
(112, 'WALI', 1, '2020-09-07 09:53:45'),
(113, 'AHSAN', 1, '2020-09-07 09:53:57'),
(114, 'AWAIS', 1, '2020-09-07 09:54:19'),
(115, 'JAVED', 1, '2020-09-07 09:54:28'),
(116, 'JAMEL', 1, '2020-09-07 09:54:39'),
(117, 'FAYSAL', 1, '2020-09-07 09:54:52'),
(118, 'SAJID', 1, '2020-09-07 09:58:09'),
(119, 'ARSHAD', 1, '2020-09-07 10:01:35'),
(120, 'OFFICE ADVANVE', 1, '2020-09-21 06:00:31');

-- --------------------------------------------------------

--
-- Table structure for table `incoming`
--

CREATE TABLE `incoming` (
  `id` int(11) NOT NULL,
  `gatepass_id` varchar(20) NOT NULL,
  `date` date NOT NULL,
  `customer_id` int(11) NOT NULL,
  `labour_id` int(11) NOT NULL,
  `status` int(1) NOT NULL DEFAULT 1,
  `ts` timestamp NOT NULL DEFAULT current_timestamp() ON UPDATE current_timestamp()
) ENGINE=InnoDB DEFAULT CHARSET=latin1;

--
-- Dumping data for table `incoming`
--

INSERT INTO `incoming` (`id`, `gatepass_id`, `date`, `customer_id`, `labour_id`, `status`, `ts`) VALUES
(1, '18', '2020-06-03', 51, 0, 1, '2020-08-15 10:01:45'),
(2, '19', '2020-06-03', 60, 0, 1, '2020-08-15 10:03:02'),
(3, '20', '2020-06-06', 50, 0, 1, '2020-08-15 10:04:17'),
(4, '21', '2020-06-04', 50, 0, 1, '2020-08-15 10:05:08'),
(5, '22', '2020-06-06', 50, 0, 1, '2020-08-15 10:05:51'),
(6, '23', '2020-06-06', 23, 0, 1, '2020-08-15 10:08:27'),
(7, '24', '2020-06-07', 21, 0, 1, '2020-08-15 10:09:04'),
(8, '25', '2020-06-07', 9, 0, 1, '2020-08-15 10:09:39'),
(9, '26', '2020-06-08', 71, 0, 1, '2020-08-15 10:11:14'),
(10, '27', '2020-06-08', 50, 0, 1, '2020-08-15 10:12:02'),
(11, '28', '2020-06-09', 71, 0, 1, '2020-08-15 10:12:31'),
(12, '29', '2020-06-10', 50, 0, 1, '2020-08-15 10:13:22'),
(13, '30', '2020-06-10', 63, 0, 1, '2020-08-15 10:13:52'),
(14, '31', '2020-06-11', 21, 0, 1, '2020-08-15 10:16:54'),
(15, '32', '2020-06-11', 52, 0, 1, '2020-08-15 10:17:33'),
(16, '33', '2020-06-11', 9, 0, 1, '2020-08-15 10:19:44'),
(17, '34', '2020-06-13', 54, 0, 1, '2020-08-15 10:20:15'),
(18, '35', '2020-06-15', 23, 0, 1, '2020-08-15 10:20:52'),
(19, '36', '2020-06-16', 51, 0, 1, '2020-08-15 10:21:32'),
(20, '37', '2020-06-16', 12, 0, 1, '2020-08-15 10:22:05'),
(21, '38', '2020-06-16', 55, 0, 1, '2020-08-15 10:26:05'),
(22, '39', '2020-06-16', 32, 0, 1, '2020-08-15 10:26:45'),
(23, '40', '2020-06-17', 55, 0, 1, '2020-08-15 10:27:17'),
(24, '41', '2020-06-17', 53, 0, 1, '2020-08-15 10:27:53'),
(25, '42', '2020-06-17', 50, 0, 1, '2020-08-15 10:28:26'),
(26, '43', '2020-06-17', 26, 0, 1, '2020-08-15 10:29:44'),
(27, '44', '2020-06-17', 50, 0, 1, '2020-08-15 10:30:18'),
(28, '45', '2020-06-17', 50, 0, 1, '2020-08-15 10:30:59'),
(29, '46', '2020-06-18', 39, 0, 1, '2020-08-15 10:31:30'),
(30, '47', '2020-06-18', 52, 0, 1, '2020-08-15 10:31:58'),
(31, '48', '2020-06-18', 56, 0, 1, '2020-08-15 10:32:27'),
(32, '49', '2020-06-18', 56, 0, 1, '2020-08-15 10:33:20'),
(33, '50', '2020-06-18', 36, 0, 1, '2020-08-15 10:33:50'),
(34, '51', '2020-06-18', 71, 0, 1, '2020-08-15 10:34:21'),
(35, '52', '2020-06-18', 3, 0, 1, '2020-08-15 10:34:59'),
(36, '53', '2020-06-18', 50, 0, 1, '2020-08-15 10:35:37'),
(37, '54', '2020-06-18', 39, 0, 1, '2020-08-15 10:36:25'),
(38, '55', '2020-06-20', 5, 0, 1, '2020-08-15 10:36:56'),
(39, '56', '2020-06-20', 56, 0, 1, '2020-08-15 10:37:33'),
(40, '57', '2020-06-18', 101, 0, 1, '2020-08-15 10:38:27'),
(41, '58', '2020-06-20', 58, 0, 1, '2020-08-15 10:39:00'),
(42, '59', '2020-06-20', 56, 0, 1, '2020-08-15 10:39:29'),
(43, '60', '2020-06-20', 6, 0, 1, '2020-08-15 10:40:08'),
(44, '61', '2020-06-21', 62, 0, 1, '2020-08-15 10:40:38'),
(45, '62', '2020-06-21', 8, 0, 1, '2020-08-15 10:41:18'),
(46, '63', '2020-06-21', 37, 0, 1, '2020-08-15 10:41:59'),
(47, '64', '2020-06-21', 40, 0, 1, '2020-08-15 10:42:30'),
(48, '65', '2020-06-21', 36, 0, 1, '2020-08-15 10:43:00'),
(49, '66', '2020-06-21', 52, 0, 1, '2020-08-15 10:43:34'),
(50, '67', '2020-06-22', 8, 0, 1, '2020-08-15 10:44:02'),
(51, '68', '2020-06-22', 55, 0, 1, '2020-08-15 10:44:45'),
(52, '69', '2020-06-22', 12, 0, 1, '2020-08-15 10:45:14'),
(53, '70', '2020-06-22', 6, 0, 1, '2020-08-15 10:45:52'),
(54, '71', '2020-06-22', 50, 0, 1, '2020-08-15 10:46:25'),
(55, '72', '2020-06-23', 50, 0, 1, '2020-08-15 10:46:59'),
(56, '73', '2020-06-23', 23, 0, 1, '2020-08-15 10:47:36'),
(57, '74', '2020-06-23', 36, 0, 1, '2020-08-15 10:48:09'),
(58, '75', '2020-06-23', 41, 0, 1, '2020-08-15 10:48:40'),
(59, '76', '2020-06-23', 55, 0, 1, '2020-08-15 10:49:08'),
(60, '77', '2020-06-23', 9, 0, 1, '2020-08-15 10:50:01'),
(61, '78', '2020-06-23', 50, 0, 1, '2020-08-15 10:50:39'),
(62, '79', '2020-06-23', 52, 0, 1, '2020-08-15 10:51:17'),
(63, '80', '2020-06-23', 50, 0, 1, '2020-08-15 10:51:49'),
(64, '81', '2020-06-24', 36, 0, 1, '2020-08-15 10:52:25'),
(65, '82', '2020-06-23', 67, 0, 1, '2020-08-15 10:53:07'),
(66, '83', '2020-06-24', 8, 0, 1, '2020-08-15 10:53:41'),
(67, '84', '2020-06-24', 55, 0, 1, '2020-08-15 10:54:16'),
(68, '85', '2020-06-24', 3, 0, 1, '2020-08-15 10:54:55'),
(69, '86', '2020-06-24', 26, 0, 1, '2020-08-15 10:55:29'),
(70, '87', '2020-06-22', 50, 0, 1, '2020-08-15 10:56:19'),
(71, '88', '2020-06-25', 78, 0, 1, '2020-08-15 10:56:55'),
(72, '89', '2020-06-25', 36, 0, 1, '2020-08-15 10:57:36'),
(73, '90', '2020-06-25', 26, 0, 1, '2020-08-15 10:58:12'),
(74, '91', '2020-06-25', 65, 0, 1, '2020-08-15 10:59:06'),
(75, '92', '2020-06-27', 40, 0, 1, '2020-08-15 10:59:35'),
(76, '93', '2020-06-27', 54, 0, 1, '2020-08-15 11:00:07'),
(77, '94', '2020-06-27', 32, 0, 1, '2020-08-15 11:01:32'),
(78, '95', '2020-06-27', 55, 0, 1, '2020-08-15 11:02:11'),
(79, '96', '2020-06-27', 42, 0, 1, '2020-08-15 11:02:46'),
(80, '97', '2020-06-28', 52, 0, 1, '2020-08-15 11:03:22'),
(81, '98', '2020-06-28', 6, 0, 1, '2020-08-15 11:03:54'),
(82, '99', '2020-06-28', 42, 0, 1, '2020-08-15 11:04:24'),
(83, '100', '2020-06-29', 52, 0, 1, '2020-08-15 11:04:50'),
(84, '101', '2020-06-28', 8, 0, 1, '2020-08-15 11:05:39'),
(85, '102', '2020-06-29', 54, 0, 1, '2020-08-15 11:06:08'),
(86, '103', '2020-06-29', 16, 0, 1, '2020-08-15 11:06:51'),
(87, '104', '2020-06-29', 40, 0, 1, '2020-08-15 11:07:40'),
(88, '105', '2020-06-29', 37, 0, 1, '2020-08-15 11:08:09'),
(89, '106', '2020-06-29', 3, 0, 1, '2020-08-15 11:08:36'),
(90, '107', '2020-06-29', 67, 0, 1, '2020-08-15 11:09:05'),
(91, '108', '2020-06-30', 64, 0, 1, '2020-08-15 11:09:30'),
(92, '109', '2020-06-30', 8, 0, 1, '2020-08-15 11:10:06'),
(93, '9', '2020-06-30', 8, 0, 1, '2020-08-15 11:24:23'),
(94, '111', '2020-06-30', 32, 0, 1, '2020-08-15 11:26:57'),
(95, '112', '2020-06-30', 7, 0, 1, '2020-08-15 11:28:15'),
(96, '113', '2020-06-30', 61, 0, 1, '2020-08-15 11:28:48'),
(97, '114', '2020-06-30', 68, 0, 1, '2020-08-15 11:29:48'),
(98, '115', '2020-06-30', 23, 0, 1, '2020-08-15 11:30:33'),
(99, '116', '2020-07-01', 53, 0, 1, '2020-08-15 11:31:00'),
(100, '117', '2020-07-01', 102, 0, 1, '2020-08-15 11:31:56'),
(101, '118', '2020-07-01', 26, 0, 1, '2020-08-15 11:55:52'),
(102, '119', '2020-07-01', 37, 0, 1, '2020-08-15 11:56:25'),
(103, '120', '2020-07-01', 6, 0, 1, '2020-08-15 11:57:29'),
(104, '121', '2020-07-01', 36, 0, 1, '2020-08-15 11:57:58'),
(105, '122', '2020-07-01', 54, 0, 1, '2020-08-15 11:58:23'),
(107, '123', '2020-07-01', 3, 0, 1, '2020-08-15 12:09:44'),
(108, '124', '2020-07-01', 52, 0, 1, '2020-08-15 12:10:58'),
(109, '125', '2020-07-01', 26, 0, 1, '2020-08-15 12:11:34'),
(110, '126', '2020-07-02', 29, 0, 1, '2020-08-15 12:13:53'),
(111, '127', '2020-07-01', 5, 0, 1, '2020-08-15 12:14:21'),
(112, '128', '2020-07-01', 3, 0, 1, '2020-08-15 12:14:52'),
(113, '129', '2020-07-01', 32, 0, 1, '2020-08-15 12:15:19'),
(114, '130', '2020-07-04', 8, 0, 1, '2020-08-15 12:15:47'),
(115, '131', '2020-07-04', 55, 0, 1, '2020-08-15 12:16:12'),
(116, '132', '2020-07-04', 54, 0, 1, '2020-08-15 12:16:38'),
(117, '133', '2020-07-04', 38, 0, 1, '2020-08-15 12:17:04'),
(118, '134', '2020-07-05', 54, 0, 1, '2020-08-15 12:19:01'),
(119, '135', '2020-07-05', 50, 0, 1, '2020-08-15 12:24:21'),
(120, '136', '2020-07-05', 32, 0, 1, '2020-08-15 12:25:14'),
(121, '137', '2020-07-05', 36, 0, 1, '2020-08-15 12:27:39'),
(122, '138', '2020-07-05', 52, 0, 1, '2020-08-15 12:28:48'),
(123, '139', '2020-07-05', 65, 0, 1, '2020-08-15 12:29:13'),
(124, '140', '2020-07-05', 103, 0, 1, '2020-08-15 12:30:01'),
(125, '141', '2020-07-05', 65, 0, 1, '2020-08-15 12:30:25'),
(126, '142', '2020-07-06', 36, 0, 1, '2020-08-15 12:30:51'),
(127, '143', '2020-07-06', 54, 0, 1, '2020-08-15 12:31:27'),
(128, '144', '2020-07-06', 50, 0, 1, '2020-08-15 12:31:51'),
(129, '145', '2020-07-06', 61, 0, 1, '2020-08-15 12:32:18'),
(130, '146', '2020-07-06', 7, 0, 1, '2020-08-15 12:32:42'),
(131, '147', '2020-07-06', 54, 0, 1, '2020-08-15 12:33:04'),
(132, '148', '2020-07-06', 7, 0, 1, '2020-08-15 12:33:26'),
(133, '149', '2020-07-06', 55, 0, 1, '2020-08-15 12:33:52'),
(134, '150', '2020-07-06', 53, 0, 1, '2020-08-15 12:34:20'),
(135, '151', '2020-07-06', 21, 0, 1, '2020-08-15 12:34:40'),
(136, '153', '2020-07-07', 50, 0, 1, '2020-08-15 12:35:08'),
(137, '154', '2020-07-07', 62, 0, 1, '2020-08-15 12:35:31'),
(138, '155', '2020-07-07', 26, 0, 1, '2020-08-15 12:35:53'),
(139, '156', '2020-07-07', 38, 0, 1, '2020-08-15 12:36:17'),
(140, '157', '2020-07-08', 55, 0, 1, '2020-08-15 12:36:41'),
(141, '158', '2020-07-08', 61, 0, 1, '2020-08-15 12:37:03'),
(142, '159', '2020-07-08', 26, 0, 1, '2020-08-15 12:37:29'),
(143, '160', '2020-07-08', 68, 0, 1, '2020-08-15 12:37:55'),
(144, '161', '2020-07-09', 23, 0, 1, '2020-08-15 12:38:22'),
(145, '162', '2020-07-09', 54, 0, 1, '2020-08-15 12:38:46'),
(146, '163', '2020-07-09', 37, 0, 1, '2020-08-15 12:39:09'),
(147, '164', '2020-07-11', 50, 0, 1, '2020-08-15 12:39:58'),
(148, '165', '2020-07-11', 54, 0, 1, '2020-08-15 12:40:27'),
(149, '166', '2020-07-11', 40, 0, 1, '2020-08-15 12:40:52'),
(150, '167', '2020-07-11', 37, 0, 1, '2020-08-15 12:41:27'),
(151, '168', '2020-07-11', 26, 0, 1, '2020-08-15 12:41:55'),
(152, '169', '2020-07-11', 8, 0, 1, '2020-08-15 12:42:36'),
(153, '170', '2020-07-12', 54, 0, 1, '2020-08-15 12:43:02'),
(154, '171', '2020-07-12', 32, 0, 1, '2020-08-15 12:43:33'),
(155, '172', '2020-07-12', 21, 0, 1, '2020-08-15 12:44:00'),
(156, '173', '2020-07-12', 52, 0, 1, '2020-08-15 12:44:27'),
(157, '174', '2020-07-12', 71, 0, 1, '2020-08-15 12:44:59'),
(158, '175', '2020-07-13', 54, 0, 1, '2020-08-16 00:52:43'),
(159, '176', '2020-07-13', 26, 0, 1, '2020-08-16 00:53:11'),
(160, '177', '2020-07-13', 8, 0, 1, '2020-08-16 00:53:35'),
(161, '178', '2020-07-13', 41, 0, 1, '2020-08-16 00:54:08'),
(162, '179', '2020-07-13', 33, 0, 1, '2020-08-16 00:54:35'),
(163, '180', '2020-07-14', 54, 0, 1, '2020-08-16 00:55:11'),
(164, '181', '2020-07-14', 50, 0, 1, '2020-08-16 00:55:50'),
(165, '182', '2020-07-14', 54, 0, 1, '2020-08-16 00:56:15'),
(166, '183', '2020-07-14', 32, 0, 1, '2020-08-16 00:56:41'),
(167, '184', '2020-07-14', 50, 0, 1, '2020-08-16 00:57:06'),
(168, '185', '2020-07-15', 3, 0, 1, '2020-08-16 00:57:36'),
(169, '186', '2020-07-15', 61, 0, 1, '2020-08-16 00:58:05'),
(170, '187', '2020-07-18', 8, 0, 1, '2020-08-16 00:58:38'),
(171, '188', '2020-07-18', 61, 0, 1, '2020-08-16 00:59:04'),
(172, '189', '2020-07-16', 38, 0, 1, '2020-08-16 00:59:32'),
(173, '190', '2020-07-18', 54, 0, 1, '2020-08-16 00:59:59'),
(174, '191', '2020-07-19', 54, 0, 1, '2020-08-16 01:00:31'),
(175, '192', '2020-07-19', 7, 0, 1, '2020-08-16 01:01:00'),
(176, '193', '2020-07-20', 54, 0, 1, '2020-08-16 01:01:26'),
(177, '194', '2020-07-20', 54, 0, 1, '2020-08-16 01:01:55'),
(178, '195', '2020-07-20', 52, 0, 1, '2020-08-16 01:02:22'),
(179, '196', '2020-07-20', 32, 0, 1, '2020-08-16 01:02:57'),
(180, '197', '2020-07-30', 52, 0, 1, '2020-08-16 01:03:29'),
(181, '198', '2020-07-30', 54, 0, 1, '2020-08-16 01:03:56'),
(182, '199', '2020-07-30', 55, 0, 1, '2020-08-16 01:04:26'),
(183, '200', '2020-07-30', 28, 0, 1, '2020-08-16 01:05:01'),
(184, '201', '2020-07-30', 53, 0, 1, '2020-08-16 01:05:40'),
(185, '202', '2020-07-21', 21, 0, 1, '2020-08-16 01:06:20'),
(186, '203', '2020-07-21', 55, 0, 1, '2020-08-16 01:06:46'),
(187, '204', '2020-07-22', 54, 0, 1, '2020-08-16 01:07:16'),
(188, '205', '2020-07-23', 26, 0, 1, '2020-08-16 01:07:40'),
(189, '206', '2020-07-25', 50, 0, 1, '2020-08-16 01:08:10'),
(190, '207', '2020-07-28', 54, 0, 1, '2020-08-16 01:08:35'),
(191, '208', '2020-07-29', 54, 0, 1, '2020-08-16 01:09:01'),
(192, '209', '2020-07-30', 3, 0, 1, '2020-08-16 01:09:24'),
(193, '210', '2020-08-09', 64, 0, 1, '2020-08-16 01:11:51'),
(194, '211', '2020-08-10', 3, 0, 1, '2020-08-16 01:12:11'),
(195, '212', '2020-08-10', 62, 0, 1, '2020-08-16 01:12:36'),
(196, '213', '2020-08-10', 50, 0, 1, '2020-08-16 01:13:03'),
(197, '214', '2020-08-10', 9, 0, 1, '2020-08-16 01:13:24'),
(198, '215', '2020-08-10', 50, 0, 1, '2020-08-16 01:13:49'),
(199, '216', '2020-08-10', 50, 0, 1, '2020-08-16 01:14:09'),
(200, '217', '2020-08-10', 62, 0, 1, '2020-08-16 01:14:32'),
(201, '218', '2020-08-11', 68, 0, 1, '2020-08-16 01:14:55'),
(202, '219', '2020-08-12', 44, 0, 1, '2020-08-16 01:15:21'),
(203, '220', '2020-08-13', 62, 0, 1, '2020-08-16 01:15:45'),
(204, '221', '2020-08-13', 27, 0, 1, '2020-08-16 01:16:20'),
(205, '222', '2020-08-16', 53, 0, 1, '2020-08-16 01:16:43'),
(206, '223', '2020-08-16', 32, 0, 1, '2020-08-16 01:17:19'),
(207, '224', '2020-08-16', 26, 0, 1, '2020-08-16 01:17:42'),
(208, '2001', '2020-03-07', 15, 0, 1, '2020-08-16 01:19:31'),
(209, '2002', '2020-03-10', 15, 0, 1, '2020-08-16 01:20:06'),
(210, '2003', '2020-03-14', 15, 0, 1, '2020-08-16 01:20:36'),
(211, '2004', '2020-04-25', 15, 0, 1, '2020-08-16 01:21:08'),
(212, '2005', '2020-04-01', 15, 0, 1, '2020-08-16 01:21:44'),
(213, '2006', '2020-04-13', 9, 0, 1, '2020-08-16 01:22:22'),
(214, '2007', '2020-04-15', 16, 0, 1, '2020-08-16 01:23:03'),
(215, '2008', '2020-04-15', 6, 0, 1, '2020-08-16 01:23:35'),
(216, '2009', '2020-04-16', 8, 0, 1, '2020-08-16 01:24:12'),
(217, '2010', '2020-04-16', 3, 0, 1, '2020-08-16 01:24:43'),
(218, '2011', '2020-04-18', 8, 0, 1, '2020-08-16 01:25:19'),
(219, '2012', '2020-04-18', 5, 0, 1, '2020-08-16 01:25:47'),
(220, '2013', '2020-04-21', 5, 0, 1, '2020-08-16 01:26:44'),
(221, '2014', '2020-04-23', 71, 0, 1, '2020-08-16 01:27:16'),
(222, '2015', '2020-04-29', 7, 0, 1, '2020-08-16 01:27:47'),
(223, '2016', '2020-04-30', 6, 0, 1, '2020-08-16 01:28:18'),
(224, '2017', '2020-05-02', 69, 0, 1, '2020-08-16 01:28:44'),
(225, '2018', '2020-05-03', 12, 0, 1, '2020-08-16 01:29:12'),
(226, '2019', '2020-05-03', 7, 0, 1, '2020-08-16 01:29:38'),
(227, '2020', '2020-05-21', 15, 0, 1, '2020-08-16 01:31:01'),
(228, '2021', '2020-05-04', 7, 0, 1, '2020-08-16 01:31:36'),
(229, '2023', '2020-05-05', 13, 0, 1, '2020-08-16 01:32:48'),
(230, '2024', '2020-05-05', 6, 0, 1, '2020-08-16 01:33:24'),
(231, '2025', '2020-05-05', 78, 0, 1, '2020-08-16 01:33:49'),
(232, '2027', '2020-05-06', 7, 0, 1, '2020-08-16 01:35:09'),
(233, '2028', '2020-05-09', 15, 0, 1, '2020-08-16 01:36:10'),
(234, '2029', '2020-05-10', 15, 0, 1, '2020-08-16 01:40:55'),
(235, '2030', '2020-05-12', 17, 0, 1, '2020-08-16 01:41:29'),
(236, '2031', '2020-05-14', 15, 0, 1, '2020-08-16 01:42:02'),
(237, '2032', '2020-05-16', 17, 0, 1, '2020-08-16 01:42:48'),
(238, '2033', '2020-05-16', 17, 0, 1, '2020-08-16 01:43:17'),
(239, '2034', '2020-05-16', 78, 0, 1, '2020-08-16 01:43:42'),
(240, '2035', '2020-05-17', 17, 0, 1, '2020-08-16 01:44:26'),
(241, '2037', '2020-05-17', 17, 0, 1, '2020-08-16 01:45:20'),
(242, '2038', '2020-05-18', 78, 0, 1, '2020-08-16 01:45:47'),
(243, '2039', '2020-05-19', 69, 0, 1, '2020-08-16 01:46:16'),
(244, '2040', '2020-05-18', 5, 0, 1, '2020-08-16 01:47:56'),
(245, '2041', '2020-06-06', 21, 0, 1, '2020-08-16 01:48:27'),
(246, '2042', '2020-06-08', 7, 0, 1, '2020-08-16 01:48:53'),
(247, '2043', '2020-06-09', 15, 0, 1, '2020-08-16 01:49:21'),
(248, '2044', '2020-06-10', 20, 0, 1, '2020-08-16 01:50:17'),
(249, '2045', '2020-06-12', 22, 0, 1, '2020-08-16 01:51:21'),
(250, '2045', '2020-06-15', 21, 0, 1, '2020-08-16 01:51:57'),
(251, '2047', '2020-06-16', 23, 0, 1, '2020-08-16 01:54:17'),
(252, '2048', '2020-06-17', 25, 0, 1, '2020-08-16 01:54:52'),
(253, '2049', '2020-06-18', 22, 0, 1, '2020-08-16 01:55:19'),
(254, '2050', '2020-06-18', 15, 0, 1, '2020-08-16 02:37:14'),
(255, '2051', '2020-06-22', 28, 0, 1, '2020-08-16 02:37:55'),
(256, '2052', '2020-06-25', 8, 0, 1, '2020-08-16 02:38:28'),
(257, '2053', '2020-06-25', 78, 0, 1, '2020-08-16 02:39:01'),
(258, '2054', '2020-06-27', 78, 0, 1, '2020-08-16 02:39:38'),
(259, '2055', '2020-06-28', 78, 0, 1, '2020-08-16 02:40:11'),
(260, '2056', '2020-06-30', 26, 0, 1, '2020-08-16 02:40:53'),
(261, '2057', '2020-06-30', 3, 0, 1, '2020-08-16 02:41:38'),
(262, '2058', '2020-07-01', 31, 0, 1, '2020-08-16 02:42:20'),
(263, '2059', '2020-07-01', 29, 0, 1, '2020-08-16 02:43:03'),
(264, '2060', '2020-07-01', 3, 0, 1, '2020-08-16 02:43:54'),
(265, '2061', '2020-07-02', 13, 0, 1, '2020-08-16 02:44:38'),
(266, '2062', '2020-07-02', 30, 0, 1, '2020-08-16 02:45:06'),
(267, '2063', '2020-07-02', 27, 0, 1, '2020-08-16 02:45:35'),
(268, '2064', '2020-07-02', 32, 0, 1, '2020-08-16 02:46:06'),
(269, '2065', '2020-07-01', 35, 0, 1, '2020-08-16 02:46:46'),
(270, '2065', '2020-07-04', 21, 0, 1, '2020-08-16 02:47:16'),
(271, '2067', '2020-07-04', 32, 0, 1, '2020-08-16 02:48:02'),
(272, '2068', '2020-07-04', 32, 0, 1, '2020-08-16 02:48:35'),
(273, '2069', '2020-07-04', 39, 0, 1, '2020-08-16 02:49:06'),
(274, '2070', '2020-07-05', 26, 0, 1, '2020-08-16 02:49:36'),
(275, '2071', '2020-07-06', 21, 0, 1, '2020-08-16 02:50:03'),
(276, '2072', '2020-07-07', 23, 0, 1, '2020-08-16 02:50:39'),
(277, '2073', '2020-07-07', 34, 0, 1, '2020-08-16 02:51:10'),
(278, '2074', '2020-07-07', 33, 0, 1, '2020-08-16 02:51:39'),
(279, '2075', '2020-07-08', 32, 0, 1, '2020-08-16 02:52:10'),
(280, '2076', '2020-07-08', 13, 0, 1, '2020-08-16 02:52:38'),
(281, '2077', '2020-07-08', 26, 0, 1, '2020-08-16 02:53:03'),
(282, '2078', '2020-08-07', 8, 0, 1, '2020-08-16 02:53:30'),
(283, '2079', '2020-07-07', 33, 0, 1, '2020-08-16 02:53:57'),
(284, '2080', '2020-07-09', 13, 0, 1, '2020-08-16 02:54:23'),
(285, '2081', '2020-07-09', 36, 0, 1, '2020-08-16 02:54:52'),
(286, '2082', '2020-07-09', 12, 0, 1, '2020-08-16 02:55:22'),
(287, '2083', '2020-07-09', 37, 0, 1, '2020-08-16 02:55:46'),
(288, '2084', '2020-07-09', 31, 0, 1, '2020-08-16 02:56:12'),
(289, '2085', '2020-07-11', 34, 0, 1, '2020-08-16 02:56:49'),
(290, '2086', '2020-07-11', 40, 0, 1, '2020-08-16 02:57:17'),
(291, '2087', '2020-07-12', 71, 0, 1, '2020-08-16 02:57:43'),
(292, '2088', '2020-07-12', 23, 0, 1, '2020-08-16 02:58:11'),
(293, '2089', '2020-07-13', 23, 0, 1, '2020-08-16 02:58:43'),
(294, '2090', '2020-07-13', 26, 0, 1, '2020-08-16 02:59:07'),
(295, '2091', '2020-07-11', 26, 0, 1, '2020-08-16 02:59:41'),
(296, '2092', '2020-07-13', 13, 0, 1, '2020-08-16 03:00:12'),
(297, '2093', '2020-07-13', 39, 0, 1, '2020-08-16 03:00:44'),
(298, '2094', '2020-07-11', 32, 0, 1, '2020-08-16 03:01:08'),
(299, '2095', '2020-07-14', 36, 0, 1, '2020-08-16 03:01:41'),
(300, '2096', '2020-07-13', 78, 0, 1, '2020-08-16 03:02:13'),
(301, '2097', '2020-07-14', 38, 0, 1, '2020-08-16 03:02:51'),
(302, '2098', '2020-07-14', 78, 0, 1, '2020-08-16 03:03:19'),
(303, '2099', '2020-07-14', 8, 0, 1, '2020-08-16 03:03:52'),
(304, '2100', '2020-07-15', 34, 0, 1, '2020-08-16 03:04:38'),
(305, '2101', '2020-07-16', 33, 0, 1, '2020-08-16 03:05:33'),
(306, '2102', '2020-07-16', 38, 0, 1, '2020-08-16 03:06:03'),
(307, '2103', '2020-07-16', 13, 0, 1, '2020-08-16 03:06:30'),
(308, '2104', '2020-07-16', 12, 0, 1, '2020-08-16 03:07:24'),
(309, '2105', '2020-07-18', 13, 0, 1, '2020-08-16 03:07:54'),
(310, '2106', '2020-07-18', 26, 0, 1, '2020-08-16 03:08:24'),
(311, '2107', '2020-07-18', 8, 0, 1, '2020-08-16 03:09:28'),
(312, '2108', '2020-07-18', 6, 0, 1, '2020-08-16 03:09:59'),
(313, '2109', '2020-07-18', 27, 0, 1, '2020-08-16 03:10:40'),
(314, '2110', '2020-07-18', 32, 0, 1, '2020-08-16 03:11:09'),
(315, '2111', '2020-07-19', 26, 0, 1, '2020-08-16 03:11:40'),
(316, '2112', '2020-07-19', 71, 0, 1, '2020-08-16 03:12:09'),
(317, '2113', '2020-07-19', 42, 0, 1, '2020-08-16 03:12:36'),
(318, '2114', '2020-07-19', 78, 0, 1, '2020-08-16 03:13:06'),
(319, '2115', '2020-07-19', 43, 0, 1, '2020-08-16 03:13:34'),
(320, '2116', '2020-07-19', 32, 0, 1, '2020-08-16 03:14:02'),
(321, '2117', '2020-07-20', 43, 0, 1, '2020-08-16 03:14:29'),
(322, '2118', '2020-07-20', 44, 0, 1, '2020-08-16 03:14:59'),
(323, '2119', '2020-07-20', 12, 0, 1, '2020-08-16 03:15:32'),
(324, '2120', '2020-07-20', 43, 0, 1, '2020-08-16 03:16:01'),
(325, '2121', '2020-07-21', 23, 0, 1, '2020-08-16 03:16:30'),
(326, '2122', '2020-07-21', 33, 0, 1, '2020-08-16 03:16:55'),
(327, '2123', '2020-07-21', 7, 0, 1, '2020-08-16 03:17:20'),
(328, '2124', '2020-07-22', 34, 0, 1, '2020-08-16 03:17:46'),
(329, '2125', '2020-07-22', 22, 0, 1, '2020-08-16 03:18:19'),
(330, '2126', '2020-07-22', 32, 0, 1, '2020-08-16 03:18:44'),
(331, '2127', '2020-07-22', 78, 0, 1, '2020-08-16 03:19:25'),
(332, '2128', '2020-07-22', 21, 0, 1, '2020-08-16 03:19:54'),
(333, '2129', '2020-07-22', 29, 0, 1, '2020-08-16 03:20:19'),
(334, '2130', '2020-07-22', 46, 0, 1, '2020-08-16 03:20:48'),
(335, '2131', '2020-07-22', 36, 0, 1, '2020-08-16 03:21:16'),
(336, '2132', '2020-07-22', 7, 0, 1, '2020-08-16 03:21:44'),
(337, '2133', '2020-07-22', 27, 0, 1, '2020-08-16 03:22:08'),
(338, '2134', '2020-07-23', 26, 0, 1, '2020-08-16 03:22:34'),
(339, '2135', '2020-07-23', 71, 0, 1, '2020-08-16 03:22:58'),
(340, '2136', '2020-07-23', 26, 0, 1, '2020-08-16 03:23:20'),
(341, '2137', '2020-07-23', 29, 0, 1, '2020-08-16 03:23:45'),
(342, '2138', '2020-07-23', 8, 0, 1, '2020-08-16 03:24:31'),
(343, '2139', '2020-07-23', 46, 0, 1, '2020-08-16 03:24:57'),
(344, '2140', '2020-07-25', 28, 0, 1, '2020-08-16 03:25:23'),
(345, '2141', '2020-07-25', 44, 0, 1, '2020-08-16 03:25:49'),
(346, '2142', '2020-07-25', 32, 0, 1, '2020-08-16 03:26:13'),
(347, '2143', '2020-07-25', 33, 0, 1, '2020-08-16 03:26:37'),
(348, '2144', '2020-07-26', 71, 0, 1, '2020-08-16 03:27:05'),
(349, '2145', '2020-07-26', 23, 0, 1, '2020-08-16 03:27:37'),
(350, '2146', '2020-07-26', 43, 0, 1, '2020-08-16 03:28:03'),
(351, '2147', '2020-07-27', 47, 0, 1, '2020-08-16 03:28:27'),
(352, '2148', '2020-07-27', 26, 0, 1, '2020-08-16 03:28:55'),
(353, '2149', '2020-07-27', 33, 0, 1, '2020-08-16 03:29:23'),
(354, '2150', '2020-07-27', 43, 0, 1, '2020-08-16 03:30:36'),
(355, '2152', '2020-07-27', 44, 0, 1, '2020-08-16 03:31:04'),
(356, '2153', '2020-07-27', 26, 0, 1, '2020-08-16 03:31:32'),
(357, '2154', '2020-07-28', 44, 0, 1, '2020-08-16 03:31:55'),
(358, '2155', '2020-07-28', 29, 0, 1, '2020-08-16 03:32:19'),
(359, '2156', '2020-07-28', 71, 0, 1, '2020-08-16 03:32:44'),
(360, '2157', '2020-07-28', 44, 0, 1, '2020-08-16 03:33:15'),
(361, '2158', '2020-07-30', 27, 0, 1, '2020-08-16 03:33:41'),
(362, '2159', '2020-08-10', 46, 0, 1, '2020-08-16 03:34:08'),
(363, '2160', '2020-08-10', 7, 0, 1, '2020-08-16 03:34:34'),
(364, '2161', '2020-08-11', 15, 0, 1, '2020-08-16 03:35:02'),
(365, '2162', '2020-08-12', 7, 0, 1, '2020-08-16 03:35:28'),
(366, '2163', '2020-08-12', 7, 0, 1, '2020-08-16 03:36:00'),
(367, '2164', '2020-08-12', 26, 0, 1, '2020-08-16 03:36:24'),
(368, '2165', '2020-08-12', 44, 0, 1, '2020-08-16 03:36:46'),
(369, '2166', '2020-08-13', 7, 0, 1, '2020-08-16 03:37:15'),
(370, '2167', '2020-08-13', 26, 0, 1, '2020-08-16 03:37:40'),
(371, '2168', '2020-08-13', 8, 0, 1, '2020-08-16 03:38:03'),
(372, '2169', '2020-08-13', 44, 0, 1, '2020-08-16 03:38:34'),
(373, '2170', '2020-08-13', 27, 0, 1, '2020-08-16 03:38:58'),
(374, '2171', '2020-08-13', 117, 0, 1, '2020-08-16 03:39:44'),
(375, '2172', '2020-08-13', 21, 0, 1, '2020-08-16 03:40:07'),
(376, '2173', '2020-08-13', 23, 0, 1, '2020-08-16 03:40:39'),
(377, '2174', '2020-08-15', 32, 0, 1, '2020-08-16 03:41:12'),
(378, '2175', '2020-08-15', 43, 0, 1, '2020-08-16 03:41:37'),
(379, '2176', '2020-08-15', 44, 0, 1, '2020-08-16 03:42:04'),
(380, '2177', '2020-08-15', 7, 0, 1, '2020-08-16 03:42:29'),
(381, '225', '2020-08-16', 26, 0, 1, '2020-09-01 08:23:55'),
(382, '226', '2020-08-16', 44, 0, 1, '2020-09-01 08:24:30'),
(383, '226', '2020-08-16', 44, 0, 1, '2020-09-01 08:25:01'),
(384, '227', '2020-08-16', 8, 0, 1, '2020-09-01 08:25:31'),
(385, '228', '2020-08-16', 33, 0, 1, '2020-09-01 08:26:19'),
(386, '229', '2020-08-16', 52, 0, 1, '2020-09-01 08:26:45'),
(387, '230', '2020-08-17', 16, 0, 1, '2020-09-01 08:27:13'),
(388, '230', '2020-08-17', 16, 0, 1, '2020-09-01 08:27:40'),
(389, '231', '2020-08-17', 112, 0, 1, '2020-09-01 08:28:21'),
(390, '232', '2020-08-21', 78, 0, 1, '2020-09-01 08:29:20'),
(391, '233', '2020-08-21', 100, 0, 1, '2020-09-01 08:29:57'),
(392, '234', '2020-08-22', 54, 0, 1, '2020-09-01 08:30:39'),
(393, '235', '2020-08-22', 65, 0, 1, '2020-09-01 08:31:11'),
(394, '236', '2020-08-23', 71, 0, 1, '2020-09-01 08:31:54'),
(395, '237', '2020-08-23', 42, 0, 1, '2020-09-01 08:32:26'),
(396, '238', '2020-08-24', 23, 0, 1, '2020-09-01 08:32:59'),
(397, '239', '2020-08-24', 32, 0, 1, '2020-09-01 08:33:28'),
(398, '240', '2020-08-24', 37, 0, 1, '2020-09-01 08:33:54'),
(399, '241', '2020-08-24', 12, 0, 1, '2020-09-01 08:34:20'),
(400, '242', '2020-08-24', 26, 0, 1, '2020-09-01 08:34:45'),
(401, '243', '2020-08-24', 19, 0, 1, '2020-09-01 08:35:17'),
(402, '244', '2020-08-24', 32, 0, 1, '2020-09-01 08:35:38'),
(403, '245', '2020-08-24', 55, 0, 1, '2020-09-01 08:36:01'),
(404, '2178', '2020-08-16', 26, 0, 1, '2020-09-01 08:38:08'),
(405, '2179', '2020-08-16', 44, 0, 1, '2020-09-01 08:38:51'),
(406, '2180', '2020-08-16', 3, 0, 1, '2020-09-01 08:40:13'),
(407, '2181', '2020-08-17', 33, 0, 1, '2020-09-01 08:40:55'),
(408, '2182', '2020-08-17', 25, 0, 1, '2020-09-01 08:41:41'),
(409, '2183', '2020-08-17', 21, 0, 1, '2020-09-01 08:42:29'),
(410, '2184', '2020-08-17', 40, 0, 1, '2020-09-01 08:43:18'),
(411, '2185', '2020-08-17', 8, 0, 1, '2020-09-01 08:43:55'),
(412, '2186', '2020-08-17', 15, 0, 1, '2020-09-01 08:44:39'),
(413, '2187', '2020-08-18', 26, 0, 1, '2020-09-01 08:45:16'),
(414, '2188', '2020-08-18', 33, 0, 1, '2020-09-01 08:45:52'),
(415, '2188', '2020-08-18', 33, 0, 1, '2020-09-01 08:46:52'),
(416, '2189', '2020-08-18', 33, 0, 1, '2020-09-01 08:47:37'),
(417, '2190', '2020-08-18', 25, 0, 1, '2020-09-01 08:48:39'),
(418, '2191', '2020-08-18', 26, 0, 1, '2020-09-01 08:49:22'),
(419, '2192', '2020-08-18', 71, 0, 1, '2020-09-01 08:51:16'),
(420, '2193', '2020-08-19', 118, 0, 1, '2020-09-01 08:52:32'),
(421, '2194', '2020-08-19', 119, 0, 1, '2020-09-01 08:54:04'),
(422, '2195', '2020-08-19', 50, 0, 1, '2020-09-01 08:54:34'),
(423, '2196', '2020-08-20', 15, 0, 1, '2020-09-01 08:55:15'),
(424, '2198', '2020-08-20', 41, 0, 1, '2020-09-01 08:55:57'),
(425, '2199', '2020-08-20', 15, 0, 1, '2020-09-01 08:57:13'),
(426, '2200', '2020-08-20', 32, 0, 1, '2020-09-01 08:57:50'),
(427, '2201', '2020-08-20', 55, 0, 1, '2020-09-01 08:58:25'),
(428, '2202', '2020-08-22', 32, 0, 1, '2020-09-01 08:59:06'),
(429, '2203', '2020-08-23', 54, 0, 1, '2020-09-01 08:59:57'),
(430, '2204', '2020-08-23', 117, 0, 1, '2020-09-01 09:00:38'),
(431, '2205', '2020-08-23', 54, 0, 1, '2020-09-01 09:01:48'),
(432, '2206', '2020-08-26', 32, 0, 1, '2020-09-01 09:02:31'),
(433, '2207', '2020-08-24', 50, 0, 1, '2020-09-01 09:03:05'),
(434, '2208', '2020-08-24', 62, 0, 1, '2020-09-01 09:03:37'),
(435, '2209', '2020-08-26', 54, 0, 1, '2020-09-01 09:04:08'),
(436, '2210', '2020-08-26', 54, 0, 1, '2020-09-01 09:04:36'),
(437, '211', '2020-08-26', 50, 0, 1, '2020-09-01 09:05:01'),
(438, '17', '2020-09-01', 51, 0, 1, '2020-09-10 07:52:52'),
(439, '18', '2020-09-01', 55, 0, 1, '2020-09-10 07:54:42'),
(440, '19', '2020-09-01', 32, 0, 1, '2020-09-10 07:55:21'),
(441, '20', '2020-09-03', 37, 0, 1, '2020-09-10 07:56:00'),
(442, '21', '2020-09-05', 71, 0, 1, '2020-09-10 07:56:34'),
(443, '22', '2020-09-05', 55, 0, 1, '2020-09-10 07:57:15'),
(444, '23', '2020-09-05', 32, 0, 1, '2020-09-10 07:57:44'),
(445, '24', '2020-09-06', 25, 0, 1, '2020-09-10 08:00:22'),
(446, '25', '2020-09-06', 26, 0, 1, '2020-09-10 08:06:37'),
(447, '26', '2020-09-07', 6, 0, 1, '2020-09-10 08:07:07'),
(448, '27', '2020-09-08', 32, 0, 1, '2020-09-10 08:07:33'),
(449, '28', '2020-09-09', 7, 0, 1, '2020-09-10 08:08:09'),
(450, '29', '2020-09-09', 7, 0, 1, '2020-09-10 08:08:43'),
(451, '30', '2020-09-09', 54, 0, 1, '2020-09-10 08:10:45'),
(452, '31', '2020-09-09', 7, 0, 1, '2020-09-10 08:11:15'),
(453, '32', '2020-09-09', 37, 0, 1, '2020-09-10 08:11:55'),
(454, '01', '2020-09-09', 52, 0, 1, '2020-09-20 06:10:58'),
(455, '02', '2020-09-09', 8, 0, 1, '2020-09-20 06:11:34'),
(456, '03', '2020-09-10', 53, 0, 1, '2020-09-20 06:12:21'),
(457, '04', '2020-09-10', 13, 0, 1, '2020-09-20 06:12:55'),
(458, '05', '2020-09-10', 16, 0, 1, '2020-09-20 06:13:19'),
(459, '06', '2020-09-10', 65, 0, 1, '2020-09-20 06:13:46'),
(460, '07', '2020-09-10', 100, 0, 1, '2020-09-20 06:14:16'),
(461, '08', '2020-09-10', 50, 0, 1, '2020-09-20 06:14:43'),
(462, '09', '2020-09-13', 62, 0, 1, '2020-09-20 06:15:15'),
(463, '10', '2020-09-12', 74, 0, 1, '2020-09-20 06:15:52'),
(464, '11', '2020-09-12', 41, 0, 1, '2020-09-20 06:16:21'),
(465, '12', '2020-09-12', 52, 0, 1, '2020-09-20 06:16:49'),
(466, '13', '2020-09-12', 9, 0, 1, '2020-09-20 06:17:15'),
(467, '15', '2020-09-13', 50, 0, 1, '2020-09-20 06:17:46'),
(468, '16', '2020-09-13', 52, 0, 1, '2020-09-20 06:18:14'),
(469, '17', '2020-09-14', 122, 0, 1, '2020-09-20 06:19:16'),
(470, '18', '2020-09-14', 23, 0, 1, '2020-09-20 06:19:40'),
(471, '19', '2020-09-16', 16, 0, 1, '2020-09-20 06:20:07'),
(472, '20', '2020-09-16', 21, 0, 1, '2020-09-20 06:20:35'),
(473, '21', '2020-09-16', 34, 0, 1, '2020-09-20 06:21:00'),
(474, '22', '2020-09-16', 51, 0, 1, '2020-09-20 06:21:26'),
(475, '23', '2020-09-16', 116, 0, 1, '2020-09-20 06:21:55'),
(476, '24', '2020-09-16', 26, 0, 1, '2020-09-20 06:23:02'),
(477, '24', '2020-09-16', 123, 0, 1, '2020-09-20 06:23:49'),
(478, '25', '2020-09-16', 41, 0, 1, '2020-09-20 06:24:18'),
(479, '26', '2020-09-16', 9, 0, 1, '2020-09-20 06:24:45'),
(480, '27', '2020-09-16', 42, 0, 1, '2020-09-20 06:25:11'),
(481, '28', '2020-09-17', 37, 0, 1, '2020-09-20 06:25:52'),
(482, '29', '2020-09-17', 26, 0, 1, '2020-09-20 06:26:15'),
(483, '30', '2020-09-17', 55, 0, 1, '2020-09-20 06:26:38'),
(484, '31', '2020-09-17', 21, 0, 1, '2020-09-20 06:27:02'),
(485, '32', '2020-09-17', 37, 0, 1, '2020-09-20 06:28:20'),
(486, '33', '2020-09-19', 52, 0, 1, '2020-09-20 06:28:46'),
(487, '34', '2020-09-20', 8, 0, 1, '2020-09-21 07:45:15'),
(488, '35', '2020-09-20', 102, 0, 1, '2020-09-21 07:45:52'),
(489, '36', '2020-09-20', 19, 0, 1, '2020-09-21 07:46:24'),
(490, '37', '2020-09-20', 38, 0, 1, '2020-09-21 07:47:05'),
(491, '38', '2020-09-20', 119, 0, 1, '2020-09-21 07:48:03'),
(492, '39', '2020-09-20', 55, 0, 1, '2020-09-21 07:48:35'),
(493, '25', '2020-08-16', 26, 0, 1, '2020-09-24 08:15:41'),
(494, '26', '2020-08-16', 44, 0, 1, '2020-09-24 08:16:09'),
(495, '27', '2020-08-16', 8, 0, 1, '2020-09-24 08:16:35'),
(496, '28', '2020-08-16', 33, 0, 1, '2020-09-24 08:17:01'),
(497, '29', '2020-08-16', 52, 0, 1, '2020-09-24 08:17:27'),
(498, '30', '2020-08-17', 16, 0, 1, '2020-09-24 08:17:56'),
(499, '31', '2020-08-17', 112, 0, 1, '2020-09-24 08:19:02'),
(500, '32', '2020-08-21', 78, 0, 1, '2020-09-24 08:19:31'),
(501, '33', '2020-08-21', 100, 0, 1, '2020-09-24 08:19:57'),
(502, '34', '2020-08-21', 54, 0, 1, '2020-09-24 08:22:00'),
(503, '35', '2020-08-22', 65, 0, 1, '2020-09-24 08:22:26'),
(504, '36', '2020-08-23', 71, 0, 1, '2020-09-24 08:22:50'),
(505, '37', '2020-08-23', 42, 0, 1, '2020-09-24 08:23:15'),
(506, '38', '2020-08-24', 23, 0, 1, '2020-09-24 08:23:42'),
(507, '39', '2020-09-24', 32, 0, 1, '2020-09-24 08:24:06'),
(508, '40', '2020-08-24', 37, 0, 1, '2020-09-24 08:24:29'),
(509, '41', '2020-08-24', 12, 0, 1, '2020-09-24 08:24:57'),
(510, '42', '2020-08-24', 26, 0, 1, '2020-09-24 08:25:19'),
(511, '43', '2020-08-24', 19, 0, 1, '2020-09-24 08:25:49'),
(512, '44', '2020-08-24', 32, 0, 1, '2020-09-24 08:26:18'),
(513, '45', '2020-08-24', 55, 0, 1, '2020-09-24 08:26:42'),
(514, '46', '2020-08-26', 3, 0, 1, '2020-09-24 08:27:07'),
(515, '47', '2020-08-26', 9, 0, 1, '2020-09-24 08:27:31'),
(516, '48', '2020-08-26', 52, 0, 1, '2020-09-24 08:27:55'),
(517, '49', '2020-08-27', 62, 0, 1, '2020-09-24 08:28:19'),
(518, '50', '2020-08-27', 126, 0, 1, '2020-09-24 08:29:48'),
(519, '51', '2020-08-27', 124, 0, 1, '2020-09-24 08:30:13'),
(520, '52', '2020-08-27', 100, 0, 1, '2020-09-24 08:30:45'),
(521, '53', '2020-08-01', 55, 0, 1, '2020-09-24 08:31:16'),
(522, '54', '2020-09-01', 32, 0, 1, '2020-09-24 08:31:51'),
(523, '55', '2020-09-02', 8, 0, 1, '2020-09-24 08:32:14'),
(524, '56', '2020-09-02', 32, 0, 1, '2020-09-24 08:32:38'),
(525, '57', '2020-09-02', 13, 0, 1, '2020-09-24 08:33:04'),
(526, '58', '2020-09-02', 74, 0, 1, '2020-09-24 08:33:31'),
(527, '59', '2020-09-02', 7, 0, 1, '2020-09-24 08:33:54'),
(528, '60', '2020-09-02', 74, 0, 1, '2020-09-24 08:34:17'),
(529, '61', '2020-09-02', 7, 0, 1, '2020-09-24 08:34:40'),
(530, '62', '2020-09-02', 29, 0, 1, '2020-09-24 08:35:03'),
(531, '63', '2020-09-03', 37, 0, 1, '2020-09-24 08:35:26'),
(532, '64', '2020-09-03', 12, 0, 1, '2020-09-24 08:35:47'),
(533, '65', '2020-09-03', 34, 0, 1, '2020-09-24 08:36:28'),
(534, '66', '2020-09-05', 124, 0, 1, '2020-09-24 08:36:52'),
(535, '67', '2020-09-05', 103, 0, 1, '2020-09-24 08:37:14'),
(536, '68', '2020-09-05', 74, 0, 1, '2020-09-24 08:37:41'),
(537, '69', '2020-09-05', 71, 0, 1, '2020-09-24 08:38:04'),
(538, '70', '2020-09-05', 6, 0, 1, '2020-09-24 08:38:32'),
(539, '71', '2020-09-06', 36, 0, 1, '2020-09-24 08:39:31'),
(540, '72', '2020-09-06', 103, 0, 1, '2020-09-24 08:39:58'),
(541, '73', '2020-09-06', 19, 0, 1, '2020-09-24 08:40:22'),
(542, '74', '2020-09-06', 26, 0, 1, '2020-09-24 08:40:45'),
(543, '75', '2020-09-06', 55, 0, 1, '2020-09-24 08:41:08'),
(544, '76', '2020-09-06', 118, 0, 1, '2020-09-24 08:41:31'),
(545, '77', '2020-09-07', 62, 0, 1, '2020-09-24 08:41:55'),
(546, '78', '2020-09-07', 36, 0, 1, '2020-09-24 08:42:19'),
(547, '79', '2020-09-07', 19, 0, 1, '2020-09-24 08:42:45'),
(548, '80', '2020-09-07', 7, 0, 1, '2020-09-24 08:43:08'),
(549, '81', '2020-09-08', 3, 0, 1, '2020-09-24 08:43:51'),
(550, '82', '2020-09-08', 53, 0, 1, '2020-09-24 08:44:14'),
(551, '83', '2020-09-07', 42, 0, 1, '2020-09-24 08:44:40'),
(552, '84', '2020-09-06', 6, 0, 1, '2020-09-24 08:45:05'),
(553, '85', '2020-09-08', 32, 0, 1, '2020-09-24 08:45:31'),
(554, '86', '2020-09-08', 21, 0, 1, '2020-09-24 08:45:59'),
(555, '87', '2020-09-08', 7, 0, 1, '2020-09-24 08:46:25'),
(556, '88', '2020-09-08', 16, 0, 1, '2020-09-24 08:46:47'),
(557, '89', '2020-09-08', 54, 0, 1, '2020-09-24 08:47:11'),
(558, '90', '2020-09-09', 16, 0, 1, '2020-09-24 08:47:31'),
(559, '40', '2020-09-21', 50, 0, 1, '2020-09-24 08:49:52'),
(560, '41', '2020-09-22', 8, 0, 1, '2020-09-24 08:50:13'),
(561, '42', '2020-09-22', 68, 0, 1, '2020-09-24 08:50:35'),
(562, '43', '2020-09-22', 127, 0, 1, '2020-09-24 08:51:18'),
(563, '44', '2020-09-22', 103, 0, 1, '2020-09-24 08:51:40'),
(564, '45', '2020-09-23', 21, 0, 1, '2020-09-24 08:52:02'),
(565, '46', '2020-09-23', 51, 0, 1, '2020-09-24 08:52:27'),
(566, '47', '2020-09-24', 131, 0, 1, '2020-09-29 08:12:42'),
(567, '48', '2020-09-24', 32, 0, 1, '2020-09-29 08:13:18'),
(568, '49', '2020-09-24', 55, 0, 1, '2020-09-29 08:13:48'),
(569, '50', '2020-09-24', 21, 0, 1, '2020-09-29 08:14:15'),
(570, '51', '2020-09-26', 23, 0, 1, '2020-09-29 08:14:43'),
(571, '52', '2020-09-26', 50, 0, 1, '2020-09-29 08:16:31'),
(572, '53', '2020-09-27', 64, 0, 1, '2020-09-29 08:17:17'),
(573, '54', '2020-09-27', 55, 0, 1, '2020-09-29 08:17:42'),
(574, '55', '2020-09-27', 21, 0, 1, '2020-09-29 08:18:06'),
(575, '56', '2020-09-28', 131, 0, 1, '2020-09-29 08:18:33'),
(576, '57', '2020-09-27', 62, 0, 1, '2020-09-29 08:19:11'),
(577, '58', '2020-09-27', 32, 0, 1, '2020-09-29 08:19:35'),
(578, '59', '2020-09-27', 122, 0, 1, '2020-09-29 08:19:59'),
(579, '12', '2020-08-26', 26, 0, 1, '2020-09-29 09:20:53'),
(580, '13', '2020-09-27', 54, 0, 1, '2020-09-29 09:22:09'),
(581, '14', '2020-07-27', 54, 0, 1, '2020-09-29 09:22:38'),
(582, '15', '2020-08-27', 119, 0, 1, '2020-09-29 09:23:22'),
(583, '16', '2020-08-27', 32, 0, 1, '2020-09-29 09:23:49'),
(584, '17', '2020-09-01', 51, 0, 1, '2020-09-29 09:24:19'),
(585, '18', '2020-09-01', 55, 0, 1, '2020-09-29 09:25:02'),
(586, '19', '2020-09-01', 32, 0, 1, '2020-09-29 09:25:29'),
(587, '20', '2020-09-03', 37, 0, 1, '2020-09-29 09:26:03'),
(588, '21', '2020-09-05', 71, 0, 1, '2020-09-29 09:26:26'),
(589, '22', '2020-09-05', 55, 0, 1, '2020-09-29 09:26:51'),
(590, '23', '2020-09-05', 32, 0, 1, '2020-09-29 09:27:16'),
(591, '24', '2020-09-06', 25, 0, 1, '2020-09-29 09:27:41'),
(592, '25', '2020-09-06', 26, 0, 1, '2020-09-29 09:28:05'),
(593, '26', '2020-09-07', 6, 0, 1, '2020-09-29 09:28:40'),
(594, '27', '2020-09-08', 32, 0, 1, '2020-09-29 09:29:13'),
(595, '28', '2020-09-09', 7, 0, 1, '2020-09-29 09:29:37'),
(596, '29', '2020-09-09', 7, 0, 1, '2020-09-29 09:30:00'),
(597, '30', '2020-09-09', 54, 0, 1, '2020-09-29 09:30:21'),
(598, '31', '2020-09-09', 7, 0, 1, '2020-09-29 09:30:46'),
(599, '32', '2020-09-09', 37, 0, 1, '2020-09-29 09:31:11'),
(600, '33', '2020-09-10', 25, 0, 1, '2020-09-29 09:31:46'),
(601, '34', '2020-09-12', 62, 0, 1, '2020-09-29 09:32:07'),
(602, '35', '2020-09-13', 32, 0, 1, '2020-09-29 09:32:30'),
(603, '36', '2020-09-13', 36, 0, 1, '2020-09-29 09:32:50'),
(604, '37', '2020-09-13', 74, 0, 1, '2020-09-29 09:33:17'),
(605, '38', '2020-09-13', 50, 0, 1, '2020-09-29 09:33:39'),
(606, '39', '2020-09-14', 50, 0, 1, '2020-09-29 09:34:02'),
(607, '40', '2020-09-15', 54, 0, 1, '2020-09-29 09:34:26'),
(608, '41', '2020-09-15', 36, 0, 1, '2020-09-29 09:34:49'),
(609, '42', '2020-09-15', 102, 0, 1, '2020-09-29 09:35:19'),
(610, '43', '2020-09-15', 15, 0, 1, '2020-09-29 09:35:57'),
(611, '44', '2020-09-16', 15, 0, 1, '2020-09-29 09:36:27'),
(612, '45', '2020-09-17', 50, 0, 1, '2020-09-29 09:37:02'),
(613, '46', '2020-09-19', 54, 0, 1, '2020-09-29 09:37:33'),
(614, '48', '2020-09-19', 32, 0, 1, '2020-09-29 09:38:18'),
(615, '49', '2020-09-20', 36, 0, 1, '2020-09-29 09:39:37'),
(616, '50', '2020-09-20', 21, 0, 1, '2020-09-29 09:40:06'),
(617, '51', '2020-09-21', 50, 0, 1, '2020-09-29 09:40:31'),
(618, '52', '2020-09-22', 15, 0, 1, '2020-09-29 09:40:53'),
(619, '53', '2020-09-22', 6, 0, 1, '2020-09-29 09:41:21'),
(620, '54', '2020-09-23', 21, 0, 1, '2020-09-29 09:41:44'),
(621, '55', '2020-09-23', 25, 0, 1, '2020-09-29 09:42:11'),
(622, '56', '2020-09-23', 21, 0, 1, '2020-09-29 09:42:32'),
(623, '57', '2020-09-24', 50, 0, 1, '2020-09-29 09:42:59'),
(624, '58', '2020-09-24', 54, 0, 1, '2020-09-29 09:43:19'),
(625, '59', '2020-09-24', 55, 0, 1, '2020-09-29 09:43:47'),
(626, '60', '2020-09-24', 21, 0, 1, '2020-09-29 09:44:10'),
(627, '61', '2020-09-26', 21, 0, 1, '2020-09-29 09:44:31'),
(628, '62', '2020-09-27', 50, 0, 1, '2020-09-29 09:44:57'),
(629, '63', '2020-09-27', 21, 0, 1, '2020-09-29 09:45:16'),
(630, '64', '2020-09-27', 27, 0, 1, '2020-09-29 09:45:41'),
(631, '65', '2020-09-28', 131, 0, 1, '2020-09-29 09:46:10'),
(632, '66', '2020-09-28', 62, 0, 1, '2020-09-29 09:46:31'),
(633, '67', '2020-09-28', 27, 0, 1, '2020-09-29 09:47:02'),
(634, '68', '2020-09-28', 8, 0, 1, '2020-09-29 09:47:22'),
(635, '69', '2020-09-28', 50, 0, 1, '2020-09-29 09:47:57'),
(636, '70', '2020-09-28', 13, 0, 1, '2020-09-29 09:48:18'),
(637, '71', '2020-09-29', 7, 0, 1, '2020-10-01 06:09:51'),
(638, '72', '2020-09-29', 25, 0, 1, '2020-10-01 06:10:22'),
(639, '73', '2020-09-29', 27, 0, 1, '2020-10-01 06:10:56'),
(640, '74', '2020-09-29', 50, 0, 1, '2020-10-01 06:11:35'),
(641, '75', '2020-09-29', 8, 0, 1, '2020-10-01 06:12:01'),
(642, '76', '2020-09-30', 50, 0, 1, '2020-10-01 06:12:43'),
(643, '77', '2020-09-30', 50, 0, 1, '2020-10-01 06:13:11'),
(644, '78', '2020-09-30', 6, 0, 1, '2020-10-01 06:13:43'),
(645, '79', '2020-09-30', 26, 0, 1, '2020-10-01 06:14:14'),
(646, '80', '2020-09-30', 6, 0, 1, '2020-10-01 06:14:41'),
(647, '81', '2020-09-30', 8, 0, 1, '2020-10-01 06:15:10'),
(648, '82', '2020-09-30', 22, 0, 1, '2020-10-01 06:15:43'),
(649, '71', '2020-09-29', 7, 0, 1, '2020-10-07 11:39:36'),
(650, '72', '2020-09-29', 25, 0, 1, '2020-10-07 11:40:10'),
(651, '73', '2020-09-29', 27, 0, 1, '2020-10-07 11:40:42'),
(652, '74', '2020-09-29', 50, 0, 1, '2020-10-07 11:41:45'),
(653, '75', '2020-09-29', 8, 0, 1, '2020-10-07 11:42:18'),
(654, '76', '2020-09-30', 50, 0, 1, '2020-10-07 11:42:58'),
(655, '77', '2020-09-30', 50, 0, 1, '2020-10-07 11:43:29'),
(656, '78', '2020-09-30', 6, 0, 1, '2020-10-07 11:44:05'),
(657, '79', '2020-09-30', 26, 0, 1, '2020-10-07 11:44:41'),
(658, '80', '2020-09-30', 6, 0, 1, '2020-10-07 11:45:25'),
(659, '81', '2020-09-30', 8, 0, 1, '2020-10-07 11:45:54'),
(660, '82', '2020-09-30', 22, 0, 1, '2020-10-07 11:46:21'),
(661, '83', '2020-10-01', 27, 0, 1, '2020-10-07 11:46:55'),
(662, '85', '2020-10-01', 36, 0, 1, '2020-10-07 11:47:27'),
(663, '86', '2020-10-01', 8, 0, 1, '2020-10-07 11:48:00'),
(664, '87', '2020-10-01', 50, 0, 1, '2020-10-07 11:48:34'),
(665, '88', '2020-10-01', 8, 0, 1, '2020-10-07 11:50:19'),
(666, '89', '2020-10-01', 7, 0, 1, '2020-10-07 11:50:49'),
(667, '90', '2020-10-01', 13, 0, 1, '2020-10-07 11:51:23'),
(668, '91', '2020-10-03', 26, 0, 1, '2020-10-07 11:52:01'),
(669, '92', '2020-10-04', 50, 0, 1, '2020-10-07 11:52:37'),
(670, '93', '2020-10-04', 42, 0, 1, '2020-10-07 11:53:12'),
(671, '94', '2020-10-04', 7, 0, 1, '2020-10-07 11:53:43'),
(672, '95', '2020-10-04', 15, 0, 1, '2020-10-07 11:54:13'),
(673, '96', '2020-10-04', 7, 0, 1, '2020-10-07 11:54:41'),
(674, '97', '2020-10-04', 7, 0, 1, '2020-10-07 11:55:12'),
(675, '98', '2020-10-05', 27, 0, 1, '2020-10-07 11:55:47'),
(676, '99', '2020-10-06', 23, 0, 1, '2020-10-07 11:56:18'),
(677, '100', '2020-10-06', 6, 0, 1, '2020-10-07 11:56:53'),
(678, '01', '2020-10-06', 36, 0, 1, '2020-10-07 11:57:48'),
(679, '47', '2020-09-24', 131, 0, 1, '2020-10-07 12:00:09'),
(680, '48', '2020-09-24', 32, 0, 1, '2020-10-07 12:01:06'),
(681, '49', '2020-09-24', 55, 0, 1, '2020-10-07 12:01:31'),
(682, '50', '2020-09-24', 21, 0, 1, '2020-10-07 12:02:03'),
(683, '51', '2020-09-26', 23, 0, 1, '2020-10-07 12:02:32'),
(684, '52', '2020-09-26', 50, 0, 1, '2020-10-07 12:03:27'),
(685, '53', '2020-09-27', 64, 0, 1, '2020-10-07 12:03:48'),
(686, '54', '2020-09-27', 55, 0, 1, '2020-10-07 12:04:20'),
(687, '55', '2020-09-27', 21, 0, 1, '2020-10-07 12:04:40'),
(688, '56', '2020-09-28', 131, 0, 1, '2020-10-07 12:05:04'),
(689, '57', '2020-09-27', 62, 0, 1, '2020-10-07 12:05:29'),
(690, '58', '2020-09-27', 32, 0, 1, '2020-10-07 12:05:52'),
(691, '59', '2020-09-27', 122, 0, 1, '2020-10-07 12:06:16'),
(692, '60', '2020-09-28', 26, 0, 1, '2020-10-07 13:02:26'),
(693, '61', '2020-09-29', 8, 0, 1, '2020-10-07 13:02:48'),
(694, '62', '2020-09-29', 3, 0, 1, '2020-10-07 13:04:38'),
(695, '63', '2020-09-30', 62, 0, 1, '2020-10-07 13:05:11'),
(696, '64', '2020-09-30', 71, 0, 1, '2020-10-07 13:05:54'),
(697, '65', '2020-09-30', 21, 0, 1, '2020-10-07 13:06:27'),
(698, '66', '2020-09-30', 16, 0, 1, '2020-10-07 13:06:59'),
(699, '67', '2020-09-30', 42, 0, 1, '2020-10-07 13:07:23'),
(700, '68', '2020-09-30', 52, 0, 1, '2020-10-07 13:07:50'),
(701, '69', '2020-09-30', 8, 0, 1, '2020-10-07 13:09:35'),
(702, '70', '2020-09-30', 28, 0, 1, '2020-10-07 13:10:08'),
(703, '71', '2020-10-01', 36, 0, 1, '2020-10-07 13:10:51'),
(704, '72', '2020-10-01', 39, 0, 1, '2020-10-07 13:16:01'),
(705, '73', '2020-10-01', 8, 0, 1, '2020-10-07 13:16:39'),
(706, '74', '2020-10-01', 50, 0, 1, '2020-10-07 13:17:00'),
(707, '75', '2020-10-01', 122, 0, 1, '2020-10-07 13:17:33'),
(708, '76', '2020-10-03', 13, 0, 1, '2020-10-07 13:17:58'),
(709, '77', '2020-10-03', 55, 0, 1, '2020-10-07 13:18:56'),
(710, '78', '2020-10-03', 54, 0, 1, '2020-10-07 13:19:24'),
(711, '79', '2020-10-03', 52, 0, 1, '2020-10-07 13:19:54'),
(712, '80', '2020-10-03', 36, 0, 1, '2020-10-07 13:20:17'),
(713, '81', '2020-10-03', 26, 0, 1, '2020-10-07 13:20:40'),
(714, '82', '2020-10-04', 78, 0, 1, '2020-10-07 13:21:05'),
(715, '83', '2020-10-05', 26, 0, 1, '2020-10-07 13:21:30'),
(716, '84', '2020-10-04', 135, 0, 1, '2020-10-07 13:22:17'),
(717, '85', '2020-10-04', 37, 0, 1, '2020-10-07 13:22:38'),
(718, '86', '2020-10-04', 52, 0, 1, '2020-10-07 13:23:01'),
(719, '87', '2020-10-05', 54, 0, 1, '2020-10-07 13:32:41'),
(720, '88', '2020-10-05', 55, 0, 1, '2020-10-07 13:33:07'),
(721, '89', '2020-10-05', 38, 0, 1, '2020-10-07 13:33:34'),
(722, '90', '2020-10-05', 32, 0, 1, '2020-10-07 13:34:00'),
(723, '91', '2020-10-05', 21, 0, 1, '2020-10-07 13:34:26'),
(724, '92', '2020-10-05', 50, 0, 1, '2020-10-07 13:34:53'),
(725, '93', '2020-10-06', 23, 0, 1, '2020-10-07 13:35:46'),
(726, '94', '2020-10-06', 52, 0, 1, '2020-10-07 13:36:19'),
(727, '95', '2020-10-06', 42, 0, 1, '2020-10-07 13:37:23'),
(728, '96', '2020-10-06', 50, 0, 1, '2020-10-07 13:38:02'),
(729, '97', '2020-10-06', 52, 0, 1, '2020-10-07 13:39:24'),
(730, '98', '2020-10-07', 32, 0, 1, '2020-10-07 13:39:56'),
(731, '99', '2020-10-07', 21, 0, 1, '2020-10-07 13:40:54'),
(732, '100', '2020-10-07', 50, 0, 1, '2020-10-07 13:41:21'),
(733, '01', '2020-10-07', 42, 0, 1, '2020-10-07 13:42:06'),
(734, '2', '2020-10-19', 9, 0, 1, '2020-10-19 06:33:36'),
(735, '3', '2020-10-19', 33, 0, 1, '2020-10-19 06:34:02'),
(736, '4', '2020-10-19', 6, 0, 1, '2020-10-19 06:34:25'),
(737, '5', '2020-10-19', 136, 0, 1, '2020-10-19 06:34:51'),
(738, '6', '2020-10-19', 54, 0, 1, '2020-10-19 06:35:14'),
(739, '7', '2020-10-19', 54, 0, 1, '2020-10-19 06:35:36'),
(740, '8', '2020-10-19', 36, 0, 1, '2020-10-19 06:35:59'),
(741, '9', '2020-10-19', 114, 0, 1, '2020-10-19 06:36:20'),
(742, '10', '2020-10-19', 23, 0, 1, '2020-10-19 06:36:41'),
(743, '11', '2020-10-19', 65, 0, 1, '2020-10-19 06:37:04'),
(744, '12', '2020-10-19', 8, 0, 1, '2020-10-19 06:37:24'),
(745, '13', '2020-10-19', 140, 0, 1, '2020-10-19 06:38:22'),
(746, '14', '2020-10-19', 71, 0, 1, '2020-10-19 06:38:41'),
(747, '15', '2020-10-19', 3, 0, 1, '2020-10-19 06:38:59'),
(748, '16', '2020-10-19', 53, 0, 1, '2020-10-19 06:39:17'),
(749, '17', '2020-10-19', 3, 0, 1, '2020-10-19 06:39:39'),
(750, '18', '2020-10-19', 6, 0, 1, '2020-10-19 06:40:00'),
(751, '19', '2020-10-19', 13, 0, 1, '2020-10-19 06:40:24'),
(752, '20', '2020-10-19', 16, 0, 1, '2020-10-19 06:40:45'),
(753, '21', '2020-10-19', 37, 0, 1, '2020-10-19 06:41:11'),
(754, '22', '2020-10-19', 78, 0, 1, '2020-10-19 06:41:32'),
(755, '23', '2020-10-19', 55, 0, 1, '2020-10-19 06:41:50'),
(756, '24', '2020-10-19', 66, 0, 1, '2020-10-19 06:42:11'),
(757, '25', '2020-10-19', 37, 0, 1, '2020-10-19 06:42:31'),
(758, '26', '2020-10-19', 42, 0, 1, '2020-10-19 06:43:42'),
(759, '27', '2020-10-19', 140, 0, 1, '2020-10-19 06:44:04'),
(760, '28', '2020-10-19', 32, 0, 1, '2020-10-19 06:44:23'),
(761, '29', '2020-10-19', 53, 0, 1, '2020-10-19 06:44:41'),
(762, '30', '2020-10-19', 118, 0, 1, '2020-10-19 06:44:59'),
(763, '31', '2020-10-19', 103, 0, 1, '2020-10-19 06:45:25'),
(764, '32', '2020-10-19', 37, 0, 1, '2020-10-19 06:45:44'),
(765, '33', '2020-10-19', 26, 0, 1, '2020-10-19 06:46:02'),
(766, '34', '2020-10-19', 3, 0, 1, '2020-10-19 06:46:21'),
(767, '35', '2020-10-19', 141, 0, 1, '2020-10-19 06:47:04'),
(768, '36', '2020-10-19', 36, 0, 1, '2020-10-19 06:47:23'),
(769, '37', '2020-10-19', 52, 0, 1, '2020-10-19 06:47:44'),
(770, '38', '2020-10-19', 140, 0, 1, '2020-10-19 06:48:03'),
(771, '39', '2020-10-19', 34, 0, 1, '2020-10-19 06:48:21'),
(772, '40', '2020-10-19', 62, 0, 1, '2020-10-19 06:50:57'),
(773, '41', '2020-10-19', 8, 0, 1, '2020-10-19 06:51:21'),
(774, '42', '2020-10-19', 140, 0, 1, '2020-10-19 06:51:40'),
(775, '43', '2020-10-19', 37, 0, 1, '2020-10-19 06:51:58'),
(776, '44', '2020-10-19', 74, 0, 1, '2020-10-19 06:52:15'),
(777, '45', '2020-10-19', 55, 0, 1, '2020-10-19 06:52:35'),
(778, '46', '2020-10-19', 6, 0, 1, '2020-10-19 06:52:55'),
(779, '47', '2020-10-19', 118, 0, 1, '2020-10-19 06:53:12'),
(780, '48', '2020-10-19', 26, 0, 1, '2020-10-19 06:53:29'),
(781, '49', '2020-10-19', 37, 0, 1, '2020-10-19 06:53:46'),
(782, '50', '2020-10-19', 50, 0, 1, '2020-10-19 06:54:10'),
(783, '51', '2020-10-19', 71, 0, 1, '2020-10-19 06:54:29'),
(784, '52', '2020-10-19', 25, 0, 1, '2020-10-19 06:54:51'),
(785, '53', '2020-10-19', 8, 0, 1, '2020-10-19 06:55:10'),
(786, '54', '2020-10-19', 12, 0, 1, '2020-10-19 06:55:30'),
(787, '55', '2020-10-19', 55, 0, 1, '2020-10-19 06:55:52'),
(788, '56', '2020-10-19', 37, 0, 1, '2020-10-19 06:56:12'),
(789, '57', '2020-10-19', 35, 0, 1, '2020-10-19 06:56:33'),
(790, '58', '2020-10-19', 122, 0, 1, '2020-10-19 06:56:55'),
(791, '59', '2020-10-19', 64, 0, 1, '2020-10-19 06:57:16'),
(792, '60', '2020-10-19', 13, 0, 1, '2020-10-19 06:57:39'),
(793, '61', '2020-10-19', 140, 0, 1, '2020-10-19 06:58:02'),
(794, '62', '2020-10-19', 118, 0, 1, '2020-10-19 06:58:21'),
(795, '63', '2020-10-19', 23, 0, 1, '2020-10-19 06:58:41'),
(796, '1064', '2020-10-31', 68, 0, 1, '2020-10-31 08:54:10'),
(797, '1065', '2020-10-31', 145, 0, 1, '2020-10-31 08:54:30'),
(798, '1066', '2020-10-31', 116, 0, 1, '2020-10-31 08:54:49'),
(799, '1067', '2020-10-31', 36, 0, 1, '2020-10-31 08:55:12'),
(800, '1068', '2020-10-31', 144, 0, 1, '2020-10-31 08:55:31'),
(801, '1069', '2020-10-31', 142, 0, 1, '2020-10-31 08:55:51'),
(802, '1070', '2020-10-31', 32, 0, 1, '2020-10-31 08:56:09'),
(803, '1071', '2020-10-31', 140, 0, 1, '2020-10-31 08:56:25'),
(804, '1072', '2020-10-31', 131, 0, 1, '2020-10-31 08:56:47'),
(805, '1073', '2020-10-31', 52, 0, 1, '2020-10-31 08:57:02'),
(806, '1074', '2020-10-31', 6, 0, 1, '2020-10-31 08:57:20'),
(807, '1075', '2020-10-31', 118, 0, 1, '2020-10-31 08:57:36'),
(808, '1076', '2020-10-31', 140, 0, 1, '2020-10-31 08:57:54'),
(809, '1077', '2020-10-31', 12, 0, 1, '2020-10-31 08:58:10'),
(810, '1078', '2020-10-31', 27, 0, 1, '2020-10-31 08:58:28'),
(811, '1079', '2020-10-31', 51, 0, 1, '2020-10-31 08:58:47'),
(812, '1080', '2020-10-31', 140, 0, 1, '2020-10-31 08:59:04'),
(813, '1081', '2020-10-31', 37, 0, 1, '2020-10-31 08:59:21'),
(814, '1082', '2020-10-31', 32, 0, 1, '2020-10-31 08:59:38'),
(815, '1083', '2020-10-31', 62, 0, 1, '2020-10-31 08:59:55'),
(816, '1084', '2020-10-31', 127, 0, 1, '2020-10-31 09:00:19'),
(817, '1085', '2020-10-31', 8, 0, 1, '2020-10-31 09:00:35'),
(818, '1086', '2020-10-31', 52, 0, 1, '2020-10-31 09:00:52'),
(819, '1087', '2020-10-31', 78, 0, 1, '2020-10-31 09:01:09'),
(820, '1088', '2020-10-31', 114, 0, 1, '2020-10-31 09:01:29'),
(821, '1089', '2020-10-31', 37, 0, 1, '2020-10-31 09:01:49'),
(822, '1090', '2020-10-31', 19, 0, 1, '2020-10-31 09:02:09'),
(823, '1091', '2020-10-31', 71, 0, 1, '2020-10-31 09:02:27'),
(824, '1092', '2020-10-31', 32, 0, 1, '2020-10-31 09:02:54'),
(825, '1093', '2020-10-31', 51, 0, 1, '2020-10-31 09:03:17'),
(826, '1094', '2020-10-31', 12, 0, 1, '2020-10-31 09:03:34'),
(827, '1095', '2020-10-31', 52, 0, 1, '2020-10-31 09:03:51'),
(828, '1096', '2020-10-31', 140, 0, 1, '2020-10-31 09:04:11'),
(829, '1097', '2020-10-31', 8, 0, 1, '2020-10-31 09:04:28'),
(830, '1098', '2020-10-31', 53, 0, 1, '2020-10-31 09:04:45'),
(831, '1099', '2020-10-31', 17, 0, 1, '2020-10-31 09:05:24'),
(832, '1100', '2020-10-31', 16, 0, 1, '2020-10-31 09:05:53'),
(833, '1101', '2020-10-31', 38, 0, 1, '2020-10-31 09:06:55'),
(834, '1102', '2020-10-31', 124, 0, 1, '2020-10-31 09:07:15'),
(835, '1103', '2020-10-31', 140, 0, 1, '2020-10-31 09:07:33'),
(836, '5001', '2020-10-31', 36, 0, 1, '2020-10-31 09:09:35'),
(837, '5002', '2020-10-31', 42, 0, 1, '2020-10-31 09:27:46'),
(838, '5003', '2020-10-31', 71, 0, 1, '2020-10-31 09:28:13'),
(839, '5004', '2020-10-31', 6, 0, 1, '2020-10-31 09:28:35'),
(840, '5005', '2020-10-31', 32, 0, 1, '2020-10-31 09:28:53'),
(841, '5006', '2020-10-31', 7, 0, 1, '2020-10-31 09:29:16'),
(842, '5007', '2020-10-31', 15, 0, 1, '2020-10-31 09:29:43'),
(843, '5008', '2020-10-31', 12, 0, 1, '2020-10-31 09:30:07'),
(844, '5009', '2020-10-31', 27, 0, 1, '2020-10-31 09:30:27'),
(845, '5010', '2020-10-31', 27, 0, 1, '2020-10-31 09:31:02'),
(846, '5012', '2020-10-31', 35, 0, 1, '2020-10-31 09:31:24'),
(847, '5013', '2020-10-31', 19, 0, 1, '2020-10-31 09:31:44'),
(848, '5014', '2020-10-31', 54, 0, 1, '2020-10-31 09:32:06'),
(849, '5015', '2020-10-31', 54, 0, 1, '2020-10-31 09:32:24'),
(850, '5017', '2020-10-31', 21, 0, 1, '2020-10-31 09:32:50'),
(851, '5018', '2020-10-31', 54, 0, 1, '2020-10-31 09:33:16'),
(852, '5019', '2020-10-31', 54, 0, 1, '2020-10-31 09:33:33');
INSERT INTO `incoming` (`id`, `gatepass_id`, `date`, `customer_id`, `labour_id`, `status`, `ts`) VALUES
(853, '5020', '2020-10-31', 21, 0, 1, '2020-10-31 09:33:56'),
(854, '5021', '2020-10-31', 30, 0, 1, '2020-10-31 09:34:17'),
(855, '5023', '2020-10-31', 36, 0, 1, '2020-10-31 09:34:38'),
(856, '5024', '2020-10-31', 36, 0, 1, '2020-10-31 09:34:58'),
(857, '5025', '2020-10-31', 25, 0, 1, '2020-10-31 09:35:22'),
(858, '5026', '2020-10-31', 3, 0, 1, '2020-10-31 09:36:20'),
(859, '5027', '2020-10-31', 50, 0, 1, '2020-10-31 09:36:39'),
(860, '5028', '2020-10-31', 54, 0, 1, '2020-10-31 09:37:11'),
(861, '5029', '2020-10-31', 21, 0, 1, '2020-10-31 09:37:29'),
(862, '5030', '2020-10-31', 146, 0, 1, '2020-10-31 09:37:54'),
(863, '5031', '2020-10-31', 35, 0, 1, '2020-10-31 09:38:12'),
(864, '5032', '2020-10-31', 12, 0, 1, '2020-10-31 09:38:32'),
(865, '5033', '2020-10-31', 54, 0, 1, '2020-10-31 09:38:55'),
(866, '5034', '2020-10-31', 37, 0, 1, '2020-10-31 09:39:13'),
(867, '5035', '2020-10-31', 54, 0, 1, '2020-10-31 09:39:29'),
(868, '5036', '2020-10-31', 50, 0, 1, '2020-10-31 09:39:47'),
(869, '5037', '2020-10-31', 140, 0, 1, '2020-10-31 09:40:05'),
(870, '5038', '2020-10-31', 21, 0, 1, '2020-10-31 09:40:25'),
(871, '5039', '2020-10-31', 21, 0, 1, '2020-10-31 09:40:43'),
(872, '5040', '2020-10-31', 50, 0, 1, '2020-10-31 09:41:01'),
(873, '5041', '2020-10-31', 8, 0, 1, '2020-10-31 09:42:38'),
(874, '5042', '2020-10-31', 54, 0, 1, '2020-10-31 09:42:58'),
(875, '5043', '2020-10-31', 32, 0, 1, '2020-10-31 09:43:18'),
(876, '5044', '2020-10-31', 54, 0, 1, '2020-10-31 09:43:46'),
(877, '5045', '2020-10-31', 55, 0, 1, '2020-10-31 09:44:05'),
(878, '5046', '2020-10-31', 27, 0, 1, '2020-10-31 09:44:27'),
(879, '5047', '2020-10-31', 54, 0, 1, '2020-10-31 09:44:44'),
(880, '5048', '2020-10-31', 54, 0, 1, '2020-10-31 09:45:03'),
(881, '5049', '2020-10-31', 23, 0, 1, '2020-10-31 09:47:25'),
(882, '5050', '2020-10-31', 12, 0, 1, '2020-10-31 09:47:43'),
(883, '5051', '2020-10-31', 50, 0, 1, '2020-10-31 09:48:00'),
(884, '5052', '2020-10-31', 50, 0, 1, '2020-10-31 09:48:44'),
(885, '5053', '2020-10-31', 22, 0, 1, '2020-10-31 09:49:03'),
(886, '5054', '2020-10-31', 27, 0, 1, '2020-10-31 09:49:26'),
(887, '5055', '2020-10-31', 27, 0, 1, '2020-10-31 09:49:51'),
(888, '5056', '2020-10-31', 54, 0, 1, '2020-10-31 09:50:12'),
(889, '5057', '2020-10-31', 37, 0, 1, '2020-10-31 09:50:33'),
(890, '5058', '2020-10-31', 23, 0, 1, '2020-10-31 09:50:53'),
(891, '5059', '2020-10-31', 147, 0, 1, '2020-10-31 09:51:43'),
(892, '5060', '2020-10-31', 71, 0, 1, '2020-10-31 09:52:05'),
(893, '1130', '2020-11-04', 36, 0, 1, '2020-11-05 06:24:07'),
(894, '1131', '2020-11-04', 148, 0, 1, '2020-11-05 06:25:18'),
(895, '1132', '2020-11-04', 126, 0, 1, '2020-11-05 06:25:46'),
(897, '1004', '2020-10-31', 52, 0, 1, '2020-11-05 06:47:53'),
(898, '1005', '2020-10-31', 13, 0, 1, '2020-11-05 06:48:14'),
(899, '1006', '2020-10-31', 150, 0, 1, '2020-11-05 06:48:48'),
(900, '1007', '2020-10-31', 102, 0, 1, '2020-11-05 06:49:09'),
(901, '1008', '2020-11-01', 32, 0, 1, '2020-11-05 06:49:29'),
(902, '1009', '2020-11-01', 140, 0, 1, '2020-11-05 06:49:51'),
(903, '1010', '2020-11-01', 131, 0, 1, '2020-11-05 06:50:08'),
(904, '1011', '2020-11-01', 8, 0, 1, '2020-11-05 06:50:27'),
(905, '1012', '2020-11-01', 78, 0, 1, '2020-11-05 06:50:47'),
(906, '1013', '2020-11-01', 151, 0, 1, '2020-11-05 06:51:30'),
(907, '1014', '2020-11-01', 68, 0, 1, '2020-11-05 06:51:53'),
(908, '1015', '2020-11-02', 23, 0, 1, '2020-11-05 06:52:14'),
(909, '1016', '2020-11-02', 55, 0, 1, '2020-11-05 06:53:03'),
(910, '1017', '2020-11-02', 19, 0, 1, '2020-11-05 06:53:26'),
(911, '1018', '2020-11-02', 51, 0, 1, '2020-11-05 06:53:49'),
(912, '1019', '2020-11-02', 140, 0, 1, '2020-11-05 06:54:09'),
(913, '1020', '2020-11-02', 12, 0, 1, '2020-11-05 06:54:29'),
(914, '1021', '2020-11-03', 106, 0, 1, '2020-11-05 06:54:51'),
(915, '1022', '2020-11-03', 42, 0, 1, '2020-11-05 06:55:09'),
(916, '1023', '2020-11-03', 12, 0, 1, '2020-11-05 06:55:27'),
(918, '1027', '2020-11-03', 152, 0, 1, '2020-11-05 06:57:37'),
(919, '1028', '2020-11-03', 32, 0, 1, '2020-11-05 06:57:58'),
(920, '1029', '2020-11-03', 3, 0, 1, '2020-11-05 06:58:18'),
(921, '5061', '2020-10-31', 55, 0, 1, '2020-11-05 07:07:16'),
(922, '5062', '2020-10-31', 32, 0, 1, '2020-11-05 07:07:36'),
(923, '5063', '2020-10-31', 102, 0, 1, '2020-11-05 07:08:00'),
(924, '5064', '2020-11-01', 54, 0, 1, '2020-11-05 07:08:45'),
(925, '5065', '2020-11-01', 6, 0, 1, '2020-11-05 07:09:04'),
(926, '5066', '2020-11-01', 8, 0, 1, '2020-11-05 07:09:27'),
(927, '5067', '2020-11-01', 54, 0, 1, '2020-11-05 07:09:47'),
(928, '5068', '2020-11-02', 54, 0, 1, '2020-11-05 07:10:06'),
(929, '5069', '2020-11-02', 44, 0, 1, '2020-11-05 07:10:27'),
(930, '5070', '2020-11-02', 126, 0, 1, '2020-11-05 07:10:49'),
(931, '5071', '2020-11-02', 147, 0, 1, '2020-11-05 07:11:19'),
(932, '5072', '2020-11-02', 12, 0, 1, '2020-11-05 07:11:40'),
(933, '5073', '2020-11-02', 12, 0, 1, '2020-11-05 07:11:58'),
(934, '5074', '2020-11-03', 54, 0, 1, '2020-11-05 07:12:16'),
(935, '5075', '2020-11-03', 146, 0, 1, '2020-11-05 07:12:36'),
(936, '5076', '2020-11-03', 12, 0, 1, '2020-11-05 07:12:53'),
(937, '5077', '2020-11-03', 21, 0, 1, '2020-11-05 07:13:13'),
(938, '5078', '2020-11-03', 65, 0, 1, '2020-11-05 07:13:32'),
(939, '5079', '2020-11-04', 21, 0, 1, '2020-11-05 07:13:56'),
(940, '5080', '2020-11-04', 22, 0, 1, '2020-11-05 07:14:18'),
(941, '5081', '2020-11-04', 147, 0, 1, '2020-11-05 07:14:36'),
(942, '5082', '2020-11-04', 26, 0, 1, '2020-11-05 07:14:56'),
(943, '5083', '2020-11-04', 26, 0, 1, '2020-11-05 07:15:15'),
(944, '5084', '2020-11-04', 50, 0, 1, '2020-11-05 07:15:34'),
(945, '5085', '2020-11-04', 71, 0, 1, '2020-11-05 07:15:52'),
(946, '1034', '2020-11-04', 71, 0, 1, '2020-11-09 07:28:33'),
(947, '1035', '2020-11-05', 42, 0, 1, '2020-11-09 07:29:06'),
(948, '1036', '2020-11-05', 153, 0, 1, '2020-11-09 07:30:00'),
(949, '1037', '2020-11-05', 8, 0, 1, '2020-11-09 07:30:23'),
(950, '1038', '2020-11-08', 36, 0, 1, '2020-11-09 07:30:47'),
(951, '1039', '2020-11-08', 8, 0, 1, '2020-11-09 07:31:13'),
(952, '1040', '2020-11-09', 140, 0, 1, '2020-11-09 07:31:39'),
(953, '1041', '2020-11-08', 52, 0, 1, '2020-11-17 04:49:43'),
(954, '1042', '2020-11-17', 68, 0, 1, '2020-11-17 04:50:12'),
(955, '1043', '2020-11-17', 71, 0, 1, '2020-11-17 04:50:30'),
(956, '1044', '2020-11-17', 16, 0, 1, '2020-11-17 04:50:51'),
(957, '1045', '2020-11-17', 27, 0, 1, '2020-11-17 04:51:12'),
(958, '1046', '2020-11-17', 23, 0, 1, '2020-11-17 04:51:32'),
(959, '1047', '2020-11-17', 9, 0, 1, '2020-11-17 04:51:51'),
(960, '1048', '2020-11-17', 6, 0, 1, '2020-11-17 04:52:41'),
(961, '1049', '2020-11-17', 66, 0, 1, '2020-11-17 04:53:10'),
(962, '1050', '2020-11-17', 6, 0, 1, '2020-11-17 04:53:31'),
(963, '1051', '2020-11-17', 141, 0, 1, '2020-11-17 04:53:49'),
(964, '1052', '2020-11-17', 12, 0, 1, '2020-11-17 04:54:06'),
(965, '1053', '2020-11-17', 38, 0, 1, '2020-11-17 04:54:24'),
(966, '1054', '2020-11-17', 78, 0, 1, '2020-11-17 04:54:44'),
(967, '1055', '2020-11-17', 30, 0, 1, '2020-11-17 04:55:03'),
(968, '1056', '2020-11-17', 7, 0, 1, '2020-11-17 04:55:24'),
(969, '1057', '2020-11-17', 38, 0, 1, '2020-11-17 04:55:50'),
(970, '1058', '2020-11-17', 37, 0, 1, '2020-11-17 04:56:07'),
(971, '1059', '2020-11-17', 13, 0, 1, '2020-11-17 04:56:26'),
(972, '1060', '2020-11-17', 78, 0, 1, '2020-11-17 04:56:47'),
(973, '1061', '2020-11-17', 64, 0, 1, '2020-11-17 04:57:04'),
(974, '1062', '2020-11-17', 145, 0, 1, '2020-11-17 04:57:22'),
(975, '1063', '2020-11-17', 118, 0, 1, '2020-11-17 04:57:41'),
(976, '1064', '2020-11-17', 141, 0, 1, '2020-11-17 04:57:58'),
(977, '1065', '2020-11-17', 16, 0, 1, '2020-11-17 04:58:15'),
(978, '1066', '2020-11-17', 146, 0, 1, '2020-11-17 04:58:47'),
(979, '1067', '2020-11-17', 78, 0, 1, '2020-11-17 04:59:04'),
(980, '1068', '2020-11-17', 155, 0, 1, '2020-11-17 04:59:46'),
(981, '1069', '2020-11-17', 28, 0, 1, '2020-11-17 05:00:04'),
(982, '1070', '2020-11-17', 68, 0, 1, '2020-11-17 05:00:19'),
(983, '1071', '2020-11-17', 34, 0, 1, '2020-11-17 05:00:40'),
(984, '1072', '2020-11-17', 8, 0, 1, '2020-11-17 05:00:58'),
(985, '1073', '2020-11-17', 55, 0, 1, '2020-11-17 05:01:18'),
(986, '1074', '2020-11-17', 19, 0, 1, '2020-11-17 05:01:37'),
(987, '1075', '2020-11-17', 118, 0, 1, '2020-11-17 05:01:53'),
(988, '1076', '2020-11-17', 141, 0, 1, '2020-11-17 05:02:14'),
(989, '1077', '2020-11-17', 124, 0, 1, '2020-11-17 05:02:32'),
(990, '1078', '2020-11-17', 127, 0, 1, '2020-11-17 05:02:53'),
(991, '1079', '2020-11-17', 36, 0, 1, '2020-11-17 05:03:10'),
(992, '1080', '2020-11-17', 149, 0, 1, '2020-11-17 05:03:35'),
(993, '1081', '2020-11-17', 42, 0, 1, '2020-11-17 05:03:56'),
(994, '1082', '2020-11-17', 19, 0, 1, '2020-11-17 05:04:16'),
(995, '1083', '2020-11-17', 32, 0, 1, '2020-11-17 05:04:38'),
(996, '1084', '2020-11-17', 52, 0, 1, '2020-11-17 05:04:55'),
(997, '1085', '2020-11-17', 32, 0, 1, '2020-11-17 05:05:15'),
(998, '1086', '2020-11-17', 51, 0, 1, '2020-11-17 05:05:40'),
(999, '1087', '2020-11-17', 36, 0, 1, '2020-11-17 05:06:02'),
(1000, '1088', '2020-11-17', 37, 0, 1, '2020-11-17 05:06:27'),
(1001, '1089', '2020-11-17', 52, 0, 1, '2020-11-16 09:56:44'),
(1002, '1090', '2020-11-17', 54, 0, 1, '2020-11-16 09:57:10'),
(1003, '1091', '2020-11-17', 7, 0, 1, '2020-11-16 09:57:35'),
(1004, '1092', '2020-11-17', 36, 0, 1, '2020-11-16 09:58:04'),
(1005, '1093', '2020-11-17', 32, 0, 1, '2020-11-16 09:58:26'),
(1006, '1094', '2020-11-17', 21, 0, 1, '2020-11-16 09:58:49'),
(1007, '1095', '2020-11-17', 26, 0, 1, '2020-11-16 09:59:17'),
(1008, '1096', '2020-11-18', 7, 0, 1, '2020-11-16 09:59:39'),
(1009, '1097', '2020-11-18', 147, 0, 1, '2020-11-16 10:00:02'),
(1010, '1098', '2020-11-18', 12, 0, 1, '2020-11-16 10:00:30'),
(1011, '1099', '2020-11-18', 35, 0, 1, '2020-11-16 10:00:52'),
(1012, '1100', '2020-11-18', 54, 0, 1, '2020-11-16 10:01:21'),
(1013, '1101', '2020-11-18', 147, 0, 1, '2020-11-16 10:05:05'),
(1014, '1102', '2020-11-18', 145, 0, 1, '2020-11-16 10:05:36'),
(1015, '1103', '2020-11-18', 122, 0, 1, '2020-11-16 10:05:58'),
(1016, '1104', '2020-11-18', 9, 0, 1, '2020-11-16 10:06:18'),
(1017, '1105', '2020-11-18', 146, 0, 1, '2020-11-16 10:06:41'),
(1018, '1106', '2020-11-18', 140, 0, 1, '2020-11-16 10:06:59'),
(1019, '1107', '2020-11-19', 23, 0, 1, '2020-11-16 10:07:22'),
(1020, '1108', '2020-11-19', 21, 0, 1, '2020-11-16 10:07:43'),
(1021, '1109', '2020-11-19', 32, 0, 1, '2020-11-16 10:08:02'),
(1022, '1110', '2020-11-19', 42, 0, 1, '2020-11-16 10:08:21'),
(1023, '1111', '2020-11-19', 26, 0, 1, '2020-11-16 10:08:38'),
(1024, '1112', '2020-11-19', 71, 0, 1, '2020-11-16 10:08:57'),
(1025, '1113', '2020-11-19', 31, 0, 1, '2020-11-16 10:09:15'),
(1026, '1114', '2020-11-19', 26, 0, 1, '2020-11-16 10:09:35'),
(1027, '1115', '2020-11-19', 54, 0, 1, '2020-11-16 10:09:54'),
(1028, '1116', '2020-11-19', 7, 0, 1, '2020-11-16 10:10:11'),
(1029, '1117', '2020-11-19', 151, 0, 1, '2020-11-16 10:10:30'),
(1030, '1118', '2020-11-21', 140, 0, 1, '2020-11-16 10:10:49'),
(1031, '1119', '2020-11-21', 52, 0, 1, '2020-11-16 10:11:06'),
(1032, '1120', '2020-11-21', 55, 0, 1, '2020-11-16 10:14:17'),
(1033, '1121', '2020-11-21', 32, 0, 1, '2020-11-16 10:14:49'),
(1034, '1122', '2020-11-21', 16, 0, 1, '2020-11-16 10:15:15'),
(1035, '1123', '2020-11-22', 54, 0, 1, '2020-11-16 10:15:37'),
(1036, '1124', '2020-11-22', 36, 0, 1, '2020-11-16 10:15:57'),
(1037, '1125', '2020-11-22', 3, 0, 1, '2020-11-16 10:16:16'),
(1038, '1126', '2020-11-22', 145, 0, 1, '2020-11-16 10:16:35'),
(1039, '1127', '2020-11-22', 71, 0, 1, '2020-11-16 10:16:55'),
(1040, '1128', '2020-11-22', 116, 0, 1, '2020-11-16 10:17:13'),
(1041, '1129', '2020-11-22', 21, 0, 1, '2020-11-16 10:17:31'),
(1042, '1130', '2020-11-22', 54, 0, 1, '2020-11-16 10:17:49'),
(1043, '1131', '2020-11-23', 26, 0, 1, '2020-11-16 10:18:19'),
(1044, '1133', '2020-11-24', 140, 0, 1, '2020-11-16 10:18:41'),
(1045, '1134', '2020-11-24', 32, 0, 1, '2020-11-16 10:19:33'),
(1046, '1135', '2020-11-24', 151, 0, 1, '2020-11-16 10:19:50'),
(1047, '1136', '2020-11-25', 29, 0, 1, '2020-11-16 10:20:09'),
(1048, '1137', '2020-11-26', 71, 0, 1, '2020-11-16 10:20:27'),
(1049, '1138', '2020-11-26', 140, 0, 1, '2020-11-16 10:20:44'),
(1050, '1139', '2020-11-28', 112, 0, 1, '2020-11-16 10:21:05'),
(1051, '1140', '2020-11-29', 52, 0, 1, '2020-11-16 10:21:25'),
(1052, '1141', '2020-12-01', 147, 0, 1, '2020-11-16 10:21:49');

-- --------------------------------------------------------

--
-- Table structure for table `incoming_items`
--

CREATE TABLE `incoming_items` (
  `id` int(11) NOT NULL,
  `incoming_id` int(11) NOT NULL,
  `machine_id` int(11) NOT NULL,
  `color_id` int(11) NOT NULL,
  `size_id` int(11) NOT NULL,
  `design_id` int(11) NOT NULL,
  `quantity` int(11) NOT NULL,
  `ts` timestamp NOT NULL DEFAULT current_timestamp() ON UPDATE current_timestamp()
) ENGINE=InnoDB DEFAULT CHARSET=latin1;

--
-- Dumping data for table `incoming_items`
--

INSERT INTO `incoming_items` (`id`, `incoming_id`, `machine_id`, `color_id`, `size_id`, `design_id`, `quantity`, `ts`) VALUES
(1, 1, 17, 13, 2, 141, 401, '2020-08-15 10:01:45'),
(2, 2, 17, 13, 2, 141, 356, '2020-08-15 10:03:02'),
(3, 3, 17, 13, 2, 141, 550, '2020-08-15 10:04:17'),
(4, 4, 17, 13, 2, 141, 500, '2020-08-15 10:05:08'),
(5, 5, 17, 13, 2, 141, 360, '2020-08-15 10:05:51'),
(6, 6, 17, 13, 2, 141, 259, '2020-08-15 10:08:27'),
(7, 6, 17, 22, 2, 141, 40, '2020-08-15 10:08:27'),
(8, 7, 17, 13, 2, 141, 400, '2020-08-15 10:09:04'),
(9, 8, 17, 13, 2, 141, 300, '2020-08-15 10:09:39'),
(10, 9, 17, 13, 2, 141, 415, '2020-08-15 10:11:14'),
(11, 10, 17, 13, 2, 141, 480, '2020-08-15 10:12:02'),
(12, 11, 17, 13, 2, 141, 200, '2020-08-15 10:12:31'),
(13, 12, 17, 13, 2, 141, 480, '2020-08-15 10:13:22'),
(14, 13, 17, 13, 2, 141, 500, '2020-08-15 10:13:52'),
(15, 14, 17, 13, 2, 141, 272, '2020-08-15 10:16:54'),
(16, 15, 17, 13, 2, 141, 100, '2020-08-15 10:17:33'),
(17, 16, 17, 13, 2, 141, 165, '2020-08-15 10:19:44'),
(18, 17, 17, 13, 2, 141, 200, '2020-08-15 10:20:15'),
(19, 18, 17, 13, 2, 141, 200, '2020-08-15 10:20:52'),
(20, 19, 17, 13, 2, 141, 300, '2020-08-15 10:21:32'),
(21, 20, 17, 13, 2, 141, 302, '2020-08-15 10:22:05'),
(22, 21, 17, 13, 2, 141, 300, '2020-08-15 10:22:37'),
(23, 22, 17, 13, 2, 141, 30, '2020-08-15 10:26:45'),
(24, 23, 17, 13, 2, 141, 324, '2020-08-15 10:27:17'),
(25, 24, 17, 13, 2, 141, 620, '2020-08-15 10:27:53'),
(26, 25, 17, 13, 2, 141, 240, '2020-08-15 10:28:27'),
(27, 26, 17, 13, 2, 141, 215, '2020-08-15 10:29:44'),
(28, 27, 17, 13, 2, 141, 240, '2020-08-15 10:30:19'),
(29, 28, 17, 13, 2, 141, 80, '2020-08-15 10:30:59'),
(30, 29, 17, 13, 2, 141, 342, '2020-08-15 10:31:30'),
(31, 30, 17, 13, 2, 141, 250, '2020-08-15 10:31:58'),
(32, 31, 17, 13, 2, 141, 300, '2020-08-15 10:32:27'),
(33, 32, 17, 13, 2, 141, 400, '2020-08-15 10:33:20'),
(34, 33, 17, 13, 2, 141, 500, '2020-08-15 10:33:50'),
(35, 34, 17, 13, 2, 141, 225, '2020-08-15 10:34:21'),
(36, 35, 17, 13, 2, 141, 132, '2020-08-15 10:34:59'),
(37, 36, 17, 13, 2, 141, 240, '2020-08-15 10:35:37'),
(38, 37, 17, 13, 2, 141, 160, '2020-08-15 10:36:25'),
(39, 38, 17, 22, 2, 141, 100, '2020-08-15 10:36:56'),
(40, 39, 17, 13, 2, 141, 550, '2020-08-15 10:37:33'),
(41, 40, 17, 13, 2, 141, 100, '2020-08-15 10:38:27'),
(42, 41, 17, 13, 2, 141, 237, '2020-08-15 10:39:00'),
(43, 42, 17, 13, 2, 141, 150, '2020-08-15 10:39:29'),
(44, 43, 17, 13, 2, 141, 400, '2020-08-15 10:40:08'),
(45, 44, 17, 13, 2, 141, 183, '2020-08-15 10:40:38'),
(46, 45, 17, 13, 2, 141, 314, '2020-08-15 10:41:18'),
(47, 46, 17, 13, 2, 141, 600, '2020-08-15 10:42:00'),
(48, 47, 17, 13, 2, 141, 3, '2020-08-15 10:42:30'),
(49, 48, 17, 13, 2, 141, 200, '2020-08-15 10:43:00'),
(50, 49, 17, 13, 2, 141, 300, '2020-08-15 10:43:34'),
(51, 50, 17, 13, 2, 141, 495, '2020-08-15 10:44:03'),
(52, 51, 17, 13, 2, 141, 304, '2020-08-15 10:44:45'),
(53, 52, 17, 13, 2, 141, 300, '2020-08-15 10:45:14'),
(54, 53, 17, 13, 2, 141, 137, '2020-08-15 10:45:52'),
(55, 54, 17, 13, 2, 141, 430, '2020-08-15 10:46:25'),
(56, 55, 17, 22, 2, 141, 108, '2020-08-15 10:46:59'),
(57, 56, 17, 13, 2, 141, 360, '2020-08-15 10:47:36'),
(58, 57, 17, 13, 2, 141, 200, '2020-08-15 10:48:09'),
(59, 58, 17, 13, 2, 141, 45, '2020-08-15 10:48:40'),
(60, 59, 17, 13, 2, 141, 362, '2020-08-15 10:49:08'),
(61, 60, 17, 13, 2, 141, 3, '2020-08-15 10:50:01'),
(62, 61, 17, 13, 2, 141, 275, '2020-08-15 10:50:39'),
(63, 62, 17, 13, 2, 141, 150, '2020-08-15 10:51:17'),
(64, 63, 17, 13, 2, 141, 450, '2020-08-15 10:51:49'),
(65, 64, 17, 13, 2, 141, 26, '2020-08-15 10:52:25'),
(66, 65, 17, 13, 2, 141, 170, '2020-08-15 10:53:07'),
(67, 66, 17, 13, 2, 141, 575, '2020-08-15 10:53:41'),
(68, 67, 17, 13, 2, 141, 400, '2020-08-15 10:54:16'),
(69, 68, 17, 13, 2, 141, 85, '2020-08-15 10:54:55'),
(70, 69, 17, 13, 2, 141, 430, '2020-08-15 10:55:29'),
(71, 70, 17, 13, 2, 141, 20, '2020-08-15 10:56:19'),
(72, 71, 17, 13, 2, 141, 294, '2020-08-15 10:56:55'),
(73, 72, 17, 13, 2, 141, 60, '2020-08-15 10:57:36'),
(74, 73, 17, 13, 2, 141, 265, '2020-08-15 10:58:12'),
(75, 74, 17, 13, 2, 141, 22, '2020-08-15 10:59:06'),
(76, 75, 17, 13, 2, 141, 200, '2020-08-15 10:59:35'),
(77, 76, 17, 13, 2, 141, 139, '2020-08-15 11:00:54'),
(78, 77, 17, 13, 2, 141, 59, '2020-08-15 11:01:32'),
(79, 78, 17, 13, 2, 141, 200, '2020-08-15 11:02:11'),
(80, 79, 17, 13, 2, 141, 175, '2020-08-15 11:02:46'),
(81, 80, 17, 13, 2, 141, 300, '2020-08-15 11:03:22'),
(82, 81, 17, 13, 2, 141, 112, '2020-08-15 11:03:54'),
(83, 82, 17, 13, 2, 141, 175, '2020-08-15 11:04:24'),
(84, 83, 17, 13, 2, 141, 300, '2020-08-15 11:04:50'),
(85, 84, 17, 13, 2, 141, 290, '2020-08-15 11:05:39'),
(86, 85, 17, 13, 2, 141, 512, '2020-08-15 11:06:08'),
(87, 86, 17, 13, 2, 141, 340, '2020-08-15 11:06:51'),
(88, 87, 17, 13, 2, 141, 200, '2020-08-15 11:07:40'),
(89, 88, 17, 13, 2, 141, 300, '2020-08-15 11:08:09'),
(90, 89, 17, 13, 2, 141, 200, '2020-08-15 11:08:36'),
(91, 90, 17, 13, 2, 141, 203, '2020-08-15 11:09:05'),
(92, 91, 17, 13, 2, 141, 90, '2020-08-15 11:09:30'),
(93, 92, 17, 13, 2, 141, 600, '2020-08-15 11:10:06'),
(94, 93, 17, 13, 2, 141, 600, '2020-08-15 11:24:23'),
(95, 94, 17, 13, 2, 141, 270, '2020-08-15 11:26:57'),
(96, 95, 17, 13, 2, 141, 350, '2020-08-15 11:28:15'),
(97, 96, 17, 13, 2, 141, 300, '2020-08-15 11:28:48'),
(98, 97, 17, 13, 2, 141, 96, '2020-08-15 11:29:48'),
(99, 98, 17, 13, 2, 141, 402, '2020-08-15 11:30:33'),
(100, 99, 17, 13, 2, 141, 70, '2020-08-15 11:31:00'),
(101, 100, 17, 13, 2, 141, 281, '2020-08-15 11:31:56'),
(102, 101, 17, 13, 2, 141, 320, '2020-08-15 11:55:52'),
(103, 102, 17, 13, 2, 141, 555, '2020-08-15 11:56:25'),
(104, 103, 17, 13, 2, 141, 304, '2020-08-15 11:57:29'),
(105, 104, 17, 13, 2, 141, 240, '2020-08-15 11:57:58'),
(106, 105, 17, 13, 2, 141, 255, '2020-08-15 11:58:23'),
(108, 107, 17, 13, 2, 141, 103, '2020-08-15 12:09:44'),
(109, 108, 17, 13, 2, 141, 300, '2020-08-15 12:10:58'),
(110, 109, 17, 13, 2, 141, 170, '2020-08-15 12:11:34'),
(111, 110, 17, 13, 2, 141, 467, '2020-08-15 12:13:53'),
(112, 111, 17, 13, 2, 141, 300, '2020-08-15 12:14:22'),
(113, 112, 17, 13, 2, 141, 38, '2020-08-15 12:14:52'),
(114, 113, 17, 13, 2, 141, 361, '2020-08-15 12:15:19'),
(115, 114, 17, 13, 2, 141, 300, '2020-08-15 12:15:47'),
(116, 115, 17, 13, 2, 141, 280, '2020-08-15 12:16:12'),
(117, 116, 17, 13, 2, 141, 268, '2020-08-15 12:16:38'),
(118, 117, 17, 13, 2, 141, 401, '2020-08-15 12:17:05'),
(119, 118, 17, 13, 2, 141, 295, '2020-08-15 12:19:01'),
(120, 119, 17, 13, 2, 141, 475, '2020-08-15 12:24:21'),
(121, 120, 17, 13, 2, 141, 107, '2020-08-15 12:25:14'),
(122, 121, 17, 13, 2, 141, 160, '2020-08-15 12:27:39'),
(123, 122, 17, 13, 2, 141, 700, '2020-08-15 12:28:48'),
(124, 123, 17, 13, 2, 141, 123, '2020-08-15 12:29:13'),
(125, 124, 17, 13, 2, 141, 400, '2020-08-15 12:30:01'),
(126, 125, 17, 13, 2, 141, 10, '2020-08-15 12:30:25'),
(127, 126, 17, 13, 2, 141, 60, '2020-08-15 12:30:51'),
(128, 127, 17, 13, 2, 141, 203, '2020-08-15 12:31:28'),
(129, 128, 17, 13, 2, 141, 25, '2020-08-15 12:31:51'),
(130, 129, 17, 13, 2, 141, 215, '2020-08-15 12:32:18'),
(131, 130, 17, 13, 2, 141, 200, '2020-08-15 12:32:42'),
(132, 131, 17, 13, 2, 141, 500, '2020-08-15 12:33:04'),
(133, 132, 17, 13, 2, 141, 300, '2020-08-15 12:33:26'),
(134, 133, 17, 13, 2, 141, 88, '2020-08-15 12:33:52'),
(135, 134, 17, 13, 2, 141, 290, '2020-08-15 12:34:20'),
(136, 135, 17, 13, 2, 141, 300, '2020-08-15 12:34:40'),
(137, 136, 17, 13, 2, 141, 354, '2020-08-15 12:35:08'),
(138, 137, 17, 13, 2, 141, 215, '2020-08-15 12:35:31'),
(139, 138, 17, 13, 2, 141, 330, '2020-08-15 12:35:53'),
(140, 139, 17, 13, 2, 141, 382, '2020-08-15 12:36:17'),
(141, 140, 17, 13, 2, 141, 100, '2020-08-15 12:36:41'),
(142, 141, 17, 13, 2, 141, 85, '2020-08-15 12:37:03'),
(143, 142, 17, 13, 2, 141, 215, '2020-08-15 12:37:29'),
(144, 143, 17, 13, 2, 141, 50, '2020-08-15 12:37:55'),
(145, 144, 17, 13, 2, 141, 45, '2020-08-15 12:38:22'),
(146, 145, 17, 13, 2, 141, 420, '2020-08-15 12:38:46'),
(147, 146, 17, 13, 2, 141, 500, '2020-08-15 12:39:09'),
(148, 147, 17, 13, 2, 141, 200, '2020-08-15 12:39:58'),
(149, 148, 17, 13, 2, 141, 478, '2020-08-15 12:40:27'),
(150, 149, 17, 13, 2, 141, 283, '2020-08-15 12:40:52'),
(151, 150, 17, 13, 2, 141, 160, '2020-08-15 12:41:27'),
(152, 151, 17, 13, 2, 141, 180, '2020-08-15 12:41:55'),
(153, 152, 17, 13, 2, 141, 159, '2020-08-15 12:42:36'),
(154, 153, 17, 13, 2, 141, 218, '2020-08-15 12:43:02'),
(155, 154, 17, 13, 2, 141, 150, '2020-08-15 12:43:33'),
(156, 155, 17, 13, 2, 141, 350, '2020-08-15 12:44:00'),
(157, 156, 17, 13, 2, 141, 200, '2020-08-15 12:44:27'),
(158, 157, 17, 13, 2, 141, 40, '2020-08-15 12:44:59'),
(159, 158, 17, 13, 2, 120, 199, '2020-08-16 00:52:43'),
(160, 159, 17, 13, 2, 141, 100, '2020-08-16 00:53:11'),
(161, 160, 17, 13, 2, 141, 10, '2020-08-16 00:53:35'),
(162, 161, 17, 13, 2, 141, 300, '2020-08-16 00:54:08'),
(163, 162, 17, 13, 2, 141, 195, '2020-08-16 00:54:35'),
(164, 163, 17, 13, 2, 141, 101, '2020-08-16 00:55:11'),
(165, 164, 17, 13, 2, 141, 500, '2020-08-16 00:55:50'),
(166, 165, 17, 13, 2, 141, 419, '2020-08-16 00:56:15'),
(167, 166, 17, 13, 2, 141, 300, '2020-08-16 00:56:41'),
(168, 167, 17, 13, 2, 141, 450, '2020-08-16 00:57:06'),
(169, 168, 17, 13, 2, 141, 391, '2020-08-16 00:57:36'),
(170, 169, 17, 13, 2, 141, 300, '2020-08-16 00:58:05'),
(171, 170, 17, 13, 2, 141, 250, '2020-08-16 00:58:38'),
(172, 171, 17, 13, 2, 141, 430, '2020-08-16 00:59:04'),
(173, 172, 17, 13, 2, 141, 195, '2020-08-16 00:59:32'),
(174, 173, 17, 13, 2, 141, 529, '2020-08-16 00:59:59'),
(175, 174, 17, 13, 2, 141, 327, '2020-08-16 01:00:31'),
(176, 175, 17, 13, 2, 141, 100, '2020-08-16 01:01:00'),
(177, 176, 17, 13, 2, 141, 128, '2020-08-16 01:01:26'),
(178, 177, 17, 13, 2, 141, 278, '2020-08-16 01:01:55'),
(179, 178, 17, 13, 2, 141, 160, '2020-08-16 01:02:22'),
(180, 179, 17, 13, 2, 141, 282, '2020-08-16 01:02:57'),
(181, 180, 17, 13, 2, 141, 220, '2020-08-16 01:03:29'),
(182, 181, 17, 13, 2, 141, 370, '2020-08-16 01:03:56'),
(183, 182, 17, 13, 2, 141, 565, '2020-08-16 01:04:27'),
(184, 183, 17, 13, 2, 141, 280, '2020-08-16 01:05:01'),
(185, 184, 17, 13, 2, 141, 110, '2020-08-16 01:05:40'),
(186, 185, 17, 13, 2, 141, 300, '2020-08-16 01:06:20'),
(187, 186, 17, 13, 2, 141, 570, '2020-08-16 01:06:46'),
(188, 187, 17, 13, 2, 141, 273, '2020-08-16 01:07:16'),
(189, 188, 17, 13, 2, 141, 215, '2020-08-16 01:07:40'),
(190, 189, 17, 13, 2, 18, 652, '2020-08-16 01:08:10'),
(191, 190, 17, 13, 2, 141, 694, '2020-08-16 01:08:35'),
(192, 191, 17, 13, 2, 141, 104, '2020-08-16 01:09:01'),
(193, 192, 17, 13, 2, 141, 300, '2020-08-16 01:09:24'),
(194, 193, 17, 13, 2, 141, 90, '2020-08-16 01:11:51'),
(195, 194, 17, 13, 2, 141, 112, '2020-08-16 01:12:11'),
(196, 195, 17, 13, 2, 141, 351, '2020-08-16 01:12:36'),
(197, 196, 17, 13, 2, 141, 275, '2020-08-16 01:13:03'),
(198, 197, 17, 13, 2, 141, 204, '2020-08-16 01:13:24'),
(199, 198, 17, 13, 2, 141, 480, '2020-08-16 01:13:49'),
(200, 199, 17, 13, 2, 141, 108, '2020-08-16 01:14:10'),
(201, 200, 17, 13, 2, 141, 54, '2020-08-16 01:14:32'),
(202, 201, 17, 13, 2, 141, 222, '2020-08-16 01:14:55'),
(203, 202, 17, 13, 2, 141, 400, '2020-08-16 01:15:21'),
(204, 203, 17, 13, 2, 141, 100, '2020-08-16 01:15:45'),
(205, 204, 17, 13, 2, 141, 240, '2020-08-16 01:16:20'),
(206, 205, 17, 13, 2, 141, 340, '2020-08-16 01:16:43'),
(207, 206, 17, 13, 2, 141, 40, '2020-08-16 01:17:19'),
(208, 207, 17, 13, 2, 141, 280, '2020-08-16 01:17:42'),
(209, 208, 16, 15, 2, 130, 500, '2020-08-16 01:19:31'),
(210, 209, 16, 15, 2, 141, 233, '2020-08-16 01:20:06'),
(211, 210, 16, 15, 2, 141, 776, '2020-08-16 01:20:36'),
(212, 211, 16, 15, 2, 141, 50, '2020-08-16 01:21:08'),
(213, 212, 16, 15, 2, 141, 300, '2020-08-16 01:21:44'),
(214, 213, 16, 15, 2, 141, 200, '2020-08-16 01:22:22'),
(215, 214, 16, 15, 2, 141, 600, '2020-08-16 01:23:03'),
(216, 215, 16, 15, 2, 141, 300, '2020-08-16 01:23:35'),
(217, 216, 16, 15, 2, 130, 350, '2020-08-16 01:24:12'),
(218, 217, 16, 15, 2, 141, 600, '2020-08-16 01:24:43'),
(219, 218, 16, 15, 2, 141, 250, '2020-08-16 01:25:19'),
(220, 219, 16, 15, 2, 141, 350, '2020-08-16 01:25:47'),
(221, 220, 17, 15, 2, 141, 950, '2020-08-16 01:26:44'),
(222, 221, 16, 15, 2, 141, 100, '2020-08-16 01:27:16'),
(223, 222, 16, 15, 2, 141, 200, '2020-08-16 01:27:47'),
(224, 223, 16, 15, 2, 141, 480, '2020-08-16 01:28:18'),
(225, 224, 16, 15, 2, 141, 269, '2020-08-16 01:28:44'),
(226, 225, 16, 15, 2, 141, 300, '2020-08-16 01:29:12'),
(227, 226, 16, 15, 2, 141, 600, '2020-08-16 01:29:38'),
(228, 227, 16, 15, 2, 141, 200, '2020-08-16 01:31:01'),
(229, 228, 16, 15, 2, 141, 280, '2020-08-16 01:31:36'),
(230, 229, 16, 14, 2, 141, 265, '2020-08-16 01:32:48'),
(231, 230, 16, 15, 2, 141, 305, '2020-08-16 01:33:24'),
(232, 231, 16, 15, 2, 141, 290, '2020-08-16 01:33:49'),
(233, 232, 16, 15, 2, 141, 585, '2020-08-16 01:35:10'),
(234, 233, 16, 15, 2, 141, 500, '2020-08-16 01:36:10'),
(235, 234, 16, 15, 2, 141, 75, '2020-08-16 01:40:56'),
(236, 235, 16, 16, 2, 141, 400, '2020-08-16 01:41:29'),
(237, 236, 16, 15, 2, 130, 774, '2020-08-16 01:42:02'),
(238, 237, 16, 15, 2, 141, 800, '2020-08-16 01:42:48'),
(239, 238, 16, 15, 2, 141, 400, '2020-08-16 01:43:17'),
(240, 239, 16, 15, 2, 141, 787, '2020-08-16 01:43:42'),
(241, 240, 16, 16, 2, 141, 510, '2020-08-16 01:44:26'),
(242, 241, 16, 16, 2, 141, 570, '2020-08-16 01:45:20'),
(243, 242, 16, 16, 2, 141, 645, '2020-08-16 01:45:47'),
(244, 243, 16, 16, 2, 141, 10, '2020-08-16 01:46:16'),
(245, 244, 16, 16, 2, 141, 50, '2020-08-16 01:47:56'),
(246, 245, 16, 16, 2, 130, 300, '2020-08-16 01:48:27'),
(247, 246, 16, 15, 2, 141, 600, '2020-08-16 01:48:53'),
(248, 247, 16, 16, 2, 130, 159, '2020-08-16 01:49:21'),
(249, 248, 16, 16, 2, 130, 264, '2020-08-16 01:50:17'),
(250, 249, 16, 16, 2, 141, 100, '2020-08-16 01:51:21'),
(251, 250, 16, 16, 2, 130, 200, '2020-08-16 01:51:58'),
(252, 251, 16, 16, 2, 130, 235, '2020-08-16 01:54:18'),
(253, 252, 16, 16, 2, 141, 249, '2020-08-16 01:54:52'),
(254, 253, 16, 16, 2, 141, 120, '2020-08-16 01:55:19'),
(255, 254, 16, 16, 2, 130, 185, '2020-08-16 02:37:14'),
(256, 255, 16, 16, 2, 130, 412, '2020-08-16 02:37:55'),
(257, 256, 16, 15, 2, 130, 250, '2020-08-16 02:38:28'),
(258, 257, 16, 15, 2, 141, 210, '2020-08-16 02:39:01'),
(259, 258, 16, 16, 2, 130, 529, '2020-08-16 02:39:38'),
(260, 259, 16, 16, 2, 141, 44, '2020-08-16 02:40:11'),
(261, 260, 16, 16, 2, 130, 645, '2020-08-16 02:40:53'),
(262, 261, 16, 16, 2, 130, 341, '2020-08-16 02:41:38'),
(263, 262, 16, 16, 2, 130, 400, '2020-08-16 02:42:20'),
(264, 263, 16, 16, 2, 130, 503, '2020-08-16 02:43:03'),
(265, 264, 16, 16, 2, 130, 57, '2020-08-16 02:43:54'),
(266, 265, 16, 16, 2, 130, 450, '2020-08-16 02:44:38'),
(267, 266, 16, 16, 2, 130, 250, '2020-08-16 02:45:06'),
(268, 267, 16, 15, 2, 130, 950, '2020-08-16 02:45:35'),
(269, 268, 16, 16, 2, 130, 350, '2020-08-16 02:46:06'),
(270, 269, 16, 16, 2, 130, 555, '2020-08-16 02:46:46'),
(271, 270, 16, 16, 2, 130, 220, '2020-08-16 02:47:16'),
(272, 271, 16, 16, 2, 141, 188, '2020-08-16 02:48:02'),
(273, 272, 16, 16, 2, 141, 598, '2020-08-16 02:48:35'),
(274, 273, 16, 16, 2, 130, 300, '2020-08-16 02:49:07'),
(275, 274, 16, 16, 2, 130, 65, '2020-08-16 02:49:36'),
(276, 275, 16, 16, 2, 130, 120, '2020-08-16 02:50:03'),
(277, 276, 16, 15, 2, 141, 360, '2020-08-16 02:50:39'),
(278, 277, 16, 15, 2, 141, 600, '2020-08-16 02:51:10'),
(279, 278, 16, 15, 2, 141, 200, '2020-08-16 02:51:39'),
(280, 279, 16, 16, 2, 141, 77, '2020-08-16 02:52:10'),
(281, 280, 16, 16, 2, 130, 450, '2020-08-16 02:52:38'),
(282, 281, 16, 16, 2, 130, 90, '2020-08-16 02:53:03'),
(283, 282, 16, 15, 2, 141, 280, '2020-08-16 02:53:31'),
(284, 283, 16, 15, 2, 141, 200, '2020-08-16 02:53:57'),
(285, 284, 16, 16, 2, 130, 50, '2020-08-16 02:54:23'),
(286, 285, 16, 15, 2, 141, 450, '2020-08-16 02:54:52'),
(287, 286, 16, 16, 2, 130, 12, '2020-08-16 02:55:22'),
(288, 287, 16, 16, 2, 130, 600, '2020-08-16 02:55:46'),
(289, 288, 16, 16, 2, 130, 160, '2020-08-16 02:56:12'),
(290, 289, 16, 15, 2, 141, 600, '2020-08-16 02:56:49'),
(291, 290, 16, 16, 2, 130, 101, '2020-08-16 02:57:17'),
(292, 291, 16, 15, 2, 141, 220, '2020-08-16 02:57:43'),
(293, 292, 16, 16, 2, 130, 239, '2020-08-16 02:58:11'),
(294, 293, 16, 16, 2, 130, 318, '2020-08-16 02:58:43'),
(295, 294, 16, 16, 2, 130, 40, '2020-08-16 02:59:07'),
(296, 295, 16, 15, 2, 130, 250, '2020-08-16 02:59:41'),
(297, 296, 16, 16, 2, 130, 300, '2020-08-16 03:00:12'),
(298, 297, 16, 16, 2, 130, 200, '2020-08-16 03:00:44'),
(299, 298, 16, 16, 2, 130, 350, '2020-08-16 03:01:08'),
(300, 299, 16, 15, 2, 141, 250, '2020-08-16 03:01:41'),
(301, 300, 16, 15, 2, 141, 417, '2020-08-16 03:02:13'),
(302, 301, 16, 15, 2, 141, 191, '2020-08-16 03:02:51'),
(303, 302, 16, 15, 2, 141, 29, '2020-08-16 03:03:19'),
(304, 303, 16, 15, 2, 141, 232, '2020-08-16 03:03:52'),
(305, 304, 16, 15, 2, 141, 602, '2020-08-16 03:04:38'),
(306, 305, 16, 15, 2, 141, 470, '2020-08-16 03:05:33'),
(307, 306, 16, 15, 2, 130, 170, '2020-08-16 03:06:03'),
(308, 307, 16, 16, 2, 130, 600, '2020-08-16 03:06:30'),
(309, 308, 16, 16, 2, 130, 179, '2020-08-16 03:07:24'),
(310, 309, 16, 16, 2, 130, 495, '2020-08-16 03:07:54'),
(311, 310, 16, 16, 2, 130, 215, '2020-08-16 03:08:24'),
(312, 311, 16, 15, 2, 141, 250, '2020-08-16 03:09:28'),
(313, 312, 16, 16, 2, 141, 450, '2020-08-16 03:09:59'),
(314, 313, 16, 15, 2, 141, 660, '2020-08-16 03:10:40'),
(315, 314, 16, 15, 2, 141, 234, '2020-08-16 03:11:09'),
(316, 315, 16, 16, 2, 130, 13, '2020-08-16 03:11:40'),
(317, 316, 16, 16, 2, 130, 280, '2020-08-16 03:12:09'),
(318, 317, 16, 15, 2, 141, 366, '2020-08-16 03:12:36'),
(319, 318, 16, 15, 2, 141, 176, '2020-08-16 03:13:06'),
(320, 319, 16, 16, 2, 130, 400, '2020-08-16 03:13:34'),
(321, 320, 16, 16, 2, 130, 100, '2020-08-16 03:14:02'),
(322, 321, 16, 16, 2, 130, 400, '2020-08-16 03:14:30'),
(323, 322, 16, 15, 2, 130, 300, '2020-08-16 03:14:59'),
(324, 323, 16, 16, 2, 130, 68, '2020-08-16 03:15:32'),
(325, 324, 16, 16, 2, 130, 300, '2020-08-16 03:16:02'),
(326, 325, 16, 16, 2, 130, 507, '2020-08-16 03:16:30'),
(327, 326, 16, 15, 2, 141, 250, '2020-08-16 03:16:55'),
(328, 327, 16, 16, 2, 130, 583, '2020-08-16 03:17:20'),
(329, 328, 16, 15, 2, 141, 603, '2020-08-16 03:17:46'),
(330, 329, 16, 15, 2, 141, 102, '2020-08-16 03:18:19'),
(331, 330, 16, 16, 2, 141, 150, '2020-08-16 03:18:44'),
(332, 331, 16, 16, 2, 141, 63, '2020-08-16 03:19:25'),
(333, 332, 16, 16, 2, 130, 250, '2020-08-16 03:19:54'),
(334, 333, 16, 16, 2, 130, 205, '2020-08-16 03:20:19'),
(335, 334, 16, 16, 2, 141, 151, '2020-08-16 03:20:48'),
(336, 335, 16, 16, 2, 130, 600, '2020-08-16 03:21:16'),
(337, 336, 16, 16, 2, 130, 17, '2020-08-16 03:21:44'),
(338, 337, 16, 16, 2, 130, 280, '2020-08-16 03:22:08'),
(339, 338, 16, 16, 2, 130, 395, '2020-08-16 03:22:34'),
(340, 339, 16, 16, 2, 130, 130, '2020-08-16 03:22:58'),
(341, 340, 16, 16, 2, 130, 337, '2020-08-16 03:23:20'),
(343, 341, 16, 16, 2, 130, 480, '2020-08-16 03:23:59'),
(344, 342, 16, 16, 2, 130, 1224, '2020-08-16 03:24:31'),
(345, 343, 16, 15, 2, 141, 120, '2020-08-16 03:24:57'),
(346, 344, 16, 16, 2, 130, 280, '2020-08-16 03:25:23'),
(347, 345, 16, 16, 2, 130, 129, '2020-08-16 03:25:49'),
(348, 346, 16, 15, 2, 141, 300, '2020-08-16 03:26:13'),
(349, 347, 16, 16, 2, 130, 250, '2020-08-16 03:26:37'),
(350, 348, 16, 16, 2, 141, 105, '2020-08-16 03:27:05'),
(351, 349, 16, 15, 2, 141, 210, '2020-08-16 03:27:37'),
(352, 350, 16, 16, 2, 130, 400, '2020-08-16 03:28:03'),
(353, 351, 16, 16, 2, 130, 400, '2020-08-16 03:28:27'),
(354, 352, 16, 16, 2, 130, 250, '2020-08-16 03:28:55'),
(355, 353, 16, 15, 2, 141, 195, '2020-08-16 03:29:23'),
(356, 354, 16, 16, 2, 130, 710, '2020-08-16 03:30:36'),
(357, 355, 16, 16, 2, 130, 98, '2020-08-16 03:31:04'),
(358, 356, 16, 16, 2, 130, 25, '2020-08-16 03:31:32'),
(359, 357, 16, 16, 2, 130, 22, '2020-08-16 03:31:55'),
(360, 358, 16, 16, 2, 130, 260, '2020-08-16 03:32:19'),
(361, 359, 16, 16, 2, 130, 100, '2020-08-16 03:32:44'),
(362, 360, 16, 16, 2, 130, 13, '2020-08-16 03:33:15'),
(363, 361, 16, 15, 2, 141, 250, '2020-08-16 03:33:41'),
(364, 362, 16, 16, 2, 130, 150, '2020-08-16 03:34:08'),
(365, 363, 16, 15, 2, 141, 579, '2020-08-16 03:34:34'),
(366, 364, 16, 15, 2, 141, 300, '2020-08-16 03:35:02'),
(367, 365, 16, 15, 2, 130, 550, '2020-08-16 03:35:28'),
(368, 366, 16, 15, 2, 141, 300, '2020-08-16 03:36:00'),
(369, 367, 16, 16, 2, 130, 25, '2020-08-16 03:36:24'),
(370, 368, 16, 16, 2, 130, 350, '2020-08-16 03:36:46'),
(371, 369, 16, 15, 2, 130, 150, '2020-08-16 03:37:16'),
(372, 370, 16, 15, 2, 130, 360, '2020-08-16 03:37:40'),
(373, 371, 16, 15, 2, 130, 600, '2020-08-16 03:38:03'),
(374, 372, 16, 16, 2, 130, 250, '2020-08-16 03:38:34'),
(375, 373, 16, 15, 2, 141, 100, '2020-08-16 03:38:58'),
(376, 374, 16, 16, 2, 130, 363, '2020-08-16 03:39:44'),
(377, 375, 16, 16, 2, 130, 300, '2020-08-16 03:40:07'),
(378, 376, 16, 16, 2, 141, 221, '2020-08-16 03:40:40'),
(379, 377, 16, 16, 2, 130, 50, '2020-08-16 03:41:12'),
(380, 378, 16, 16, 2, 130, 67, '2020-08-16 03:41:37'),
(381, 379, 16, 16, 2, 130, 180, '2020-08-16 03:42:04'),
(382, 380, 16, 15, 2, 130, 100, '2020-08-16 03:42:29'),
(383, 381, 17, 13, 2, 105, 330, '2020-09-01 08:23:55'),
(384, 382, 17, 13, 2, 105, 200, '2020-09-01 08:24:30'),
(385, 383, 17, 13, 2, 130, 200, '2020-09-01 08:25:01'),
(386, 384, 17, 13, 2, 142, 600, '2020-09-01 08:25:31'),
(387, 385, 17, 13, 2, 105, 300, '2020-09-01 08:26:19'),
(388, 386, 17, 13, 2, 141, 282, '2020-09-01 08:26:45'),
(389, 387, 17, 13, 2, 130, 300, '2020-09-01 08:27:13'),
(390, 388, 17, 13, 2, 130, 300, '2020-09-01 08:27:40'),
(391, 389, 17, 13, 2, 105, 300, '2020-09-01 08:28:22'),
(392, 390, 17, 13, 2, 144, 150, '2020-09-01 08:29:20'),
(393, 391, 17, 13, 2, 130, 300, '2020-09-01 08:29:57'),
(394, 392, 17, 13, 2, 103, 331, '2020-09-01 08:30:39'),
(395, 393, 17, 13, 2, 130, 341, '2020-09-01 08:31:11'),
(396, 394, 17, 13, 2, 141, 194, '2020-09-01 08:31:54'),
(397, 395, 17, 13, 2, 141, 350, '2020-09-01 08:32:27'),
(398, 396, 17, 13, 2, 141, 440, '2020-09-01 08:32:59'),
(399, 397, 17, 13, 2, 144, 90, '2020-09-01 08:33:28'),
(400, 398, 17, 13, 2, 141, 620, '2020-09-01 08:33:54'),
(401, 399, 17, 13, 2, 130, 300, '2020-09-01 08:34:20'),
(402, 400, 17, 13, 2, 130, 180, '2020-09-01 08:34:45'),
(403, 401, 17, 13, 2, 141, 280, '2020-09-01 08:35:17'),
(404, 402, 17, 13, 2, 144, 10, '2020-09-01 08:35:38'),
(405, 403, 17, 13, 2, 141, 410, '2020-09-01 08:36:01'),
(406, 404, 16, 19, 2, 130, 300, '2020-09-01 08:38:08'),
(407, 405, 16, 16, 2, 130, 20, '2020-09-01 08:38:51'),
(408, 406, 16, 16, 2, 130, 300, '2020-09-01 08:40:14'),
(409, 407, 16, 15, 2, 76, 190, '2020-09-01 08:40:55'),
(410, 408, 16, 16, 2, 105, 160, '2020-09-01 08:41:41'),
(411, 409, 16, 16, 2, 130, 300, '2020-09-01 08:42:29'),
(412, 410, 16, 16, 2, 130, 144, '2020-09-01 08:43:18'),
(413, 411, 16, 16, 2, 105, 500, '2020-09-01 08:43:55'),
(414, 412, 16, 16, 2, 141, 300, '2020-09-01 08:44:39'),
(415, 413, 16, 16, 2, 130, 170, '2020-09-01 08:45:17'),
(416, 414, 16, 16, 2, 130, 300, '2020-09-01 08:45:52'),
(417, 415, 16, 16, 2, 130, 300, '2020-09-01 08:46:52'),
(418, 416, 16, 16, 2, 141, 100, '2020-09-01 08:47:37'),
(419, 417, 16, 16, 2, 141, 270, '2020-09-01 08:48:39'),
(420, 418, 16, 16, 2, 141, 100, '2020-09-01 08:49:23'),
(421, 419, 16, 16, 2, 130, 150, '2020-09-01 08:51:16'),
(422, 420, 16, 28, 2, 141, 300, '2020-09-01 08:52:32'),
(423, 421, 16, 13, 2, 141, 240, '2020-09-01 08:54:04'),
(424, 422, 16, 13, 2, 141, 480, '2020-09-01 08:54:34'),
(425, 423, 16, 16, 2, 141, 290, '2020-09-01 08:55:15'),
(426, 424, 16, 16, 2, 141, 240, '2020-09-01 08:55:57'),
(427, 425, 16, 16, 2, 141, 240, '2020-09-01 08:57:13'),
(428, 426, 16, 13, 2, 141, 240, '2020-09-01 08:57:50'),
(429, 427, 16, 13, 2, 141, 475, '2020-09-01 08:58:25'),
(430, 428, 17, 13, 2, 141, 356, '2020-09-01 08:59:06'),
(431, 429, 16, 13, 2, 141, 500, '2020-09-01 08:59:57'),
(432, 430, 16, 16, 2, 141, 157, '2020-09-01 09:00:38'),
(433, 431, 16, 13, 2, 103, 331, '2020-09-01 09:01:48'),
(434, 432, 16, 13, 2, 141, 86, '2020-09-01 09:02:31'),
(435, 433, 16, 13, 2, 141, 61, '2020-09-01 09:03:05'),
(436, 434, 16, 13, 2, 141, 100, '2020-09-01 09:03:37'),
(437, 435, 16, 13, 2, 103, 380, '2020-09-01 09:04:08'),
(438, 436, 16, 13, 2, 103, 200, '2020-09-01 09:04:36'),
(439, 437, 16, 13, 2, 141, 200, '2020-09-01 09:05:01'),
(440, 438, 16, 16, 2, 3, 300, '2020-09-10 07:52:52'),
(441, 439, 16, 16, 2, 75, 130, '2020-09-10 07:54:42'),
(442, 439, 16, 16, 5, 75, 205, '2020-09-10 07:54:42'),
(443, 440, 16, 16, 2, 111, 40, '2020-09-10 07:55:21'),
(444, 441, 16, 16, 2, 130, 180, '2020-09-10 07:56:00'),
(445, 442, 16, 16, 2, 75, 289, '2020-09-10 07:56:34'),
(446, 443, 16, 16, 2, 141, 70, '2020-09-10 07:57:15'),
(447, 444, 16, 16, 2, 111, 246, '2020-09-10 07:57:44'),
(448, 445, 16, 16, 2, 141, 220, '2020-09-10 08:00:22'),
(449, 446, 16, 16, 2, 141, 360, '2020-09-10 08:06:37'),
(450, 447, 16, 16, 2, 130, 300, '2020-09-10 08:07:08'),
(451, 448, 16, 16, 2, 141, 153, '2020-09-10 08:07:33'),
(452, 449, 16, 16, 2, 130, 400, '2020-09-10 08:08:09'),
(453, 450, 16, 16, 2, 130, 300, '2020-09-10 08:08:43'),
(454, 451, 16, 31, 2, 22, 311, '2020-09-10 08:10:45'),
(455, 452, 16, 16, 2, 130, 500, '2020-09-10 08:11:15'),
(456, 453, 16, 16, 2, 130, 120, '2020-09-10 08:11:55'),
(457, 454, 17, 13, 1, 130, 70, '2020-09-20 06:10:58'),
(458, 454, 17, 13, 2, 130, 130, '2020-09-20 06:10:58'),
(459, 454, 17, 13, 3, 130, 100, '2020-09-20 06:10:58'),
(460, 455, 17, 13, 2, 141, 120, '2020-09-20 06:11:34'),
(461, 456, 17, 13, 1, 151, 70, '2020-09-20 06:12:21'),
(462, 456, 17, 13, 2, 151, 90, '2020-09-20 06:12:21'),
(463, 456, 17, 13, 3, 151, 40, '2020-09-20 06:12:21'),
(464, 457, 17, 13, 1, 151, 100, '2020-09-20 06:12:55'),
(465, 457, 17, 13, 2, 151, 100, '2020-09-20 06:12:55'),
(466, 457, 17, 13, 3, 151, 50, '2020-09-20 06:12:55'),
(467, 458, 17, 13, 2, 142, 100, '2020-09-20 06:13:19'),
(468, 459, 17, 13, 2, 135, 192, '2020-09-20 06:13:46'),
(469, 460, 17, 13, 1, 142, 90, '2020-09-20 06:14:16'),
(470, 460, 17, 13, 2, 142, 150, '2020-09-20 06:14:16'),
(471, 460, 17, 13, 3, 142, 40, '2020-09-20 06:14:16'),
(472, 461, 17, 13, 2, 141, 480, '2020-09-20 06:14:43'),
(473, 462, 17, 13, 2, 135, 134, '2020-09-20 06:15:15'),
(474, 463, 17, 13, 1, 75, 100, '2020-09-20 06:15:52'),
(475, 463, 17, 13, 2, 75, 100, '2020-09-20 06:15:52'),
(476, 463, 17, 13, 3, 75, 100, '2020-09-20 06:15:52'),
(477, 464, 17, 13, 1, 141, 80, '2020-09-20 06:16:21'),
(478, 464, 17, 13, 2, 141, 80, '2020-09-20 06:16:21'),
(479, 464, 17, 13, 3, 141, 80, '2020-09-20 06:16:21'),
(480, 465, 17, 13, 1, 75, 200, '2020-09-20 06:16:49'),
(481, 465, 17, 13, 2, 75, 100, '2020-09-20 06:16:49'),
(482, 465, 17, 13, 3, 75, 120, '2020-09-20 06:16:49'),
(483, 466, 17, 13, 2, 135, 63, '2020-09-20 06:17:15'),
(484, 467, 17, 13, 2, 103, 107, '2020-09-20 06:17:46'),
(485, 468, 17, 13, 1, 67, 40, '2020-09-20 06:18:14'),
(486, 468, 17, 13, 2, 67, 60, '2020-09-20 06:18:14'),
(487, 468, 17, 13, 3, 67, 20, '2020-09-20 06:18:14'),
(488, 469, 17, 13, 2, 135, 14, '2020-09-20 06:19:17'),
(489, 470, 17, 13, 2, 135, 163, '2020-09-20 06:19:40'),
(490, 471, 17, 13, 1, 75, 100, '2020-09-20 06:20:07'),
(491, 471, 17, 13, 2, 75, 100, '2020-09-20 06:20:07'),
(492, 471, 17, 13, 3, 75, 100, '2020-09-20 06:20:08'),
(493, 472, 17, 13, 2, 135, 15, '2020-09-20 06:20:35'),
(494, 473, 17, 13, 1, 75, 200, '2020-09-20 06:21:00'),
(495, 473, 17, 13, 2, 75, 200, '2020-09-20 06:21:00'),
(496, 473, 17, 13, 3, 75, 200, '2020-09-20 06:21:00'),
(497, 474, 17, 13, 1, 142, 100, '2020-09-20 06:21:26'),
(498, 474, 17, 13, 2, 142, 100, '2020-09-20 06:21:26'),
(499, 474, 17, 13, 3, 142, 50, '2020-09-20 06:21:26'),
(500, 475, 17, 13, 1, 141, 100, '2020-09-20 06:21:55'),
(501, 475, 17, 13, 2, 141, 150, '2020-09-20 06:21:55'),
(502, 475, 17, 13, 3, 141, 50, '2020-09-20 06:21:55'),
(503, 476, 17, 13, 1, 130, 100, '2020-09-20 06:23:02'),
(504, 476, 17, 13, 2, 130, 100, '2020-09-20 06:23:02'),
(505, 477, 17, 13, 1, 130, 50, '2020-09-20 06:23:49'),
(506, 477, 17, 13, 2, 130, 85, '2020-09-20 06:23:49'),
(507, 478, 17, 13, 1, 130, 100, '2020-09-20 06:24:18'),
(508, 478, 17, 13, 2, 130, 100, '2020-09-20 06:24:18'),
(509, 478, 17, 13, 3, 130, 50, '2020-09-20 06:24:18'),
(510, 479, 17, 13, 2, 141, 85, '2020-09-20 06:24:45'),
(511, 480, 17, 13, 1, 130, 30, '2020-09-20 06:25:11'),
(512, 480, 17, 13, 2, 130, 50, '2020-09-20 06:25:11'),
(513, 480, 17, 13, 3, 130, 20, '2020-09-20 06:25:11'),
(514, 481, 17, 13, 1, 130, 100, '2020-09-20 06:25:52'),
(515, 481, 17, 13, 2, 130, 100, '2020-09-20 06:25:52'),
(516, 481, 17, 13, 3, 130, 90, '2020-09-20 06:25:52'),
(517, 481, 17, 13, 4, 130, 50, '2020-09-20 06:25:52'),
(518, 481, 17, 13, 2, 141, 208, '2020-09-20 06:25:52'),
(519, 482, 17, 13, 2, 141, 10, '2020-09-20 06:26:15'),
(520, 483, 17, 13, 2, 141, 271, '2020-09-20 06:26:39'),
(521, 484, 17, 13, 1, 113, 66, '2020-09-20 06:27:02'),
(522, 484, 17, 13, 2, 113, 100, '2020-09-20 06:27:02'),
(523, 484, 17, 13, 3, 113, 100, '2020-09-20 06:27:02'),
(524, 485, 17, 13, 1, 56, 80, '2020-09-20 06:28:20'),
(525, 485, 17, 13, 2, 56, 80, '2020-09-20 06:28:20'),
(526, 485, 17, 13, 3, 56, 40, '2020-09-20 06:28:20'),
(527, 485, 17, 13, 1, 75, 200, '2020-09-20 06:28:20'),
(528, 485, 17, 13, 2, 75, 200, '2020-09-20 06:28:20'),
(529, 485, 17, 13, 3, 75, 100, '2020-09-20 06:28:20'),
(530, 485, 17, 13, 3, 133, 50, '2020-09-20 06:28:20'),
(531, 485, 17, 13, 1, 139, 80, '2020-09-20 06:28:20'),
(532, 485, 17, 13, 2, 139, 80, '2020-09-20 06:28:20'),
(533, 485, 17, 13, 3, 139, 40, '2020-09-20 06:28:20'),
(534, 486, 17, 13, 1, 130, 40, '2020-09-20 06:28:47'),
(535, 486, 17, 13, 2, 130, 60, '2020-09-20 06:28:47'),
(536, 486, 17, 13, 3, 130, 20, '2020-09-20 06:28:47'),
(537, 487, 17, 13, 1, 142, 200, '2020-09-21 07:45:15'),
(538, 487, 17, 13, 3, 142, 150, '2020-09-21 07:45:15'),
(539, 488, 17, 13, 4, 141, 300, '2020-09-21 07:45:52'),
(540, 489, 17, 13, 2, 130, 240, '2020-09-21 07:46:24'),
(541, 490, 17, 13, 2, 139, 82, '2020-09-21 07:47:06'),
(542, 490, 17, 13, 2, 130, 200, '2020-09-21 07:47:06'),
(543, 491, 17, 13, 2, 141, 480, '2020-09-21 07:48:03'),
(544, 492, 17, 13, 2, 105, 405, '2020-09-21 07:48:35'),
(545, 493, 17, 13, 2, 123, 330, '2020-09-24 08:15:41'),
(546, 494, 17, 13, 2, 141, 400, '2020-09-24 08:16:09'),
(547, 495, 17, 13, 2, 141, 600, '2020-09-24 08:16:35'),
(548, 496, 17, 13, 2, 76, 300, '2020-09-24 08:17:01'),
(549, 497, 17, 13, 2, 141, 282, '2020-09-24 08:17:27'),
(550, 498, 17, 13, 2, 141, 600, '2020-09-24 08:17:56'),
(551, 499, 17, 13, 2, 141, 300, '2020-09-24 08:19:02'),
(552, 500, 17, 25, 2, 144, 150, '2020-09-24 08:19:31'),
(553, 501, 17, 13, 2, 130, 300, '2020-09-24 08:19:57'),
(554, 502, 17, 13, 2, 141, 331, '2020-09-24 08:22:00'),
(555, 503, 17, 13, 2, 141, 341, '2020-09-24 08:22:26'),
(556, 504, 17, 13, 2, 141, 194, '2020-09-24 08:22:50'),
(557, 505, 17, 13, 2, 141, 350, '2020-09-24 08:23:15'),
(558, 506, 17, 13, 2, 141, 440, '2020-09-24 08:23:42'),
(559, 507, 17, 13, 2, 141, 90, '2020-09-24 08:24:06'),
(560, 508, 17, 13, 2, 141, 620, '2020-09-24 08:24:29'),
(561, 509, 17, 13, 2, 130, 300, '2020-09-24 08:24:57'),
(562, 510, 17, 13, 2, 130, 180, '2020-09-24 08:25:19'),
(563, 511, 17, 13, 2, 141, 280, '2020-09-24 08:25:49'),
(564, 512, 17, 13, 2, 144, 10, '2020-09-24 08:26:18'),
(565, 513, 17, 13, 2, 141, 410, '2020-09-24 08:26:42'),
(566, 514, 17, 13, 2, 141, 300, '2020-09-24 08:27:07'),
(567, 515, 17, 13, 2, 141, 20, '2020-09-24 08:27:31'),
(568, 516, 17, 13, 2, 141, 240, '2020-09-24 08:27:55'),
(569, 517, 17, 13, 2, 135, 119, '2020-09-24 08:28:19'),
(570, 518, 17, 13, 2, 141, 250, '2020-09-24 08:29:48'),
(571, 519, 17, 13, 2, 135, 99, '2020-09-24 08:30:13'),
(572, 520, 17, 13, 2, 141, 350, '2020-09-24 08:30:45'),
(573, 521, 17, 13, 2, 141, 120, '2020-09-24 08:31:16'),
(574, 522, 17, 13, 2, 141, 419, '2020-09-24 08:31:51'),
(575, 523, 17, 13, 2, 141, 422, '2020-09-24 08:32:14'),
(576, 524, 17, 13, 2, 141, 100, '2020-09-24 08:32:39'),
(577, 525, 17, 13, 2, 141, 250, '2020-09-24 08:33:04'),
(578, 526, 17, 13, 2, 144, 63, '2020-09-24 08:33:31'),
(579, 527, 17, 13, 2, 141, 300, '2020-09-24 08:33:54'),
(580, 528, 17, 13, 2, 141, 200, '2020-09-24 08:34:18'),
(581, 529, 17, 13, 2, 141, 500, '2020-09-24 08:34:40'),
(582, 530, 17, 13, 2, 141, 600, '2020-09-24 08:35:03'),
(583, 531, 17, 13, 2, 141, 416, '2020-09-24 08:35:27'),
(584, 532, 17, 13, 2, 141, 86, '2020-09-24 08:35:47'),
(585, 533, 17, 13, 2, 141, 600, '2020-09-24 08:36:28'),
(586, 534, 17, 13, 2, 135, 51, '2020-09-24 08:36:52'),
(587, 535, 17, 13, 2, 141, 400, '2020-09-24 08:37:14'),
(588, 536, 17, 13, 2, 141, 100, '2020-09-24 08:37:41'),
(589, 537, 17, 13, 2, 141, 260, '2020-09-24 08:38:04'),
(590, 538, 17, 13, 2, 141, 700, '2020-09-24 08:38:32'),
(591, 539, 17, 13, 2, 141, 200, '2020-09-24 08:39:32'),
(592, 540, 17, 13, 2, 141, 200, '2020-09-24 08:39:58'),
(593, 541, 17, 13, 2, 141, 100, '2020-09-24 08:40:22'),
(594, 542, 17, 13, 2, 130, 215, '2020-09-24 08:40:45'),
(595, 543, 17, 13, 2, 141, 84, '2020-09-24 08:41:08'),
(596, 544, 17, 13, 2, 130, 249, '2020-09-24 08:41:31'),
(597, 545, 17, 13, 2, 135, 278, '2020-09-24 08:41:55'),
(598, 546, 17, 13, 2, 141, 100, '2020-09-24 08:42:20'),
(599, 547, 17, 13, 2, 141, 300, '2020-09-24 08:42:45'),
(600, 548, 17, 13, 2, 141, 395, '2020-09-24 08:43:08'),
(601, 549, 17, 13, 2, 144, 95, '2020-09-24 08:43:51'),
(602, 550, 17, 13, 2, 141, 200, '2020-09-24 08:44:14'),
(603, 551, 17, 13, 2, 141, 300, '2020-09-24 08:44:40'),
(604, 552, 17, 13, 2, 141, 300, '2020-09-24 08:45:05'),
(605, 553, 17, 13, 2, 144, 137, '2020-09-24 08:45:32'),
(606, 554, 17, 13, 2, 135, 248, '2020-09-24 08:46:00'),
(607, 555, 17, 13, 2, 141, 505, '2020-09-24 08:46:25'),
(608, 556, 17, 13, 2, 141, 200, '2020-09-24 08:46:47'),
(609, 557, 17, 13, 2, 141, 68, '2020-09-24 08:47:11'),
(610, 558, 17, 13, 2, 141, 300, '2020-09-24 08:47:31'),
(611, 559, 17, 13, 2, 141, 360, '2020-09-24 08:49:52'),
(612, 560, 17, 13, 2, 141, 250, '2020-09-24 08:50:13'),
(613, 561, 17, 13, 2, 141, 320, '2020-09-24 08:50:36'),
(614, 562, 17, 13, 2, 141, 53, '2020-09-24 08:51:18'),
(615, 563, 17, 13, 2, 141, 305, '2020-09-24 08:51:40'),
(616, 564, 17, 13, 2, 141, 473, '2020-09-24 08:52:02'),
(617, 565, 17, 13, 2, 130, 270, '2020-09-24 08:52:27'),
(618, 566, 17, 13, 2, 141, 320, '2020-09-29 08:12:42'),
(619, 567, 17, 13, 2, 75, 500, '2020-09-29 08:13:18'),
(620, 568, 17, 13, 2, 75, 300, '2020-09-29 08:13:48'),
(621, 569, 17, 13, 2, 135, 18, '2020-09-29 08:14:15'),
(622, 570, 17, 13, 2, 141, 411, '2020-09-29 08:14:43'),
(623, 571, 17, 13, 2, 141, 480, '2020-09-29 08:16:31'),
(624, 572, 17, 13, 2, 135, 109, '2020-09-29 08:17:17'),
(625, 573, 17, 13, 2, 135, 151, '2020-09-29 08:17:42'),
(626, 574, 17, 13, 2, 135, 46, '2020-09-29 08:18:06'),
(627, 575, 17, 13, 2, 75, 80, '2020-09-29 08:18:34'),
(628, 576, 17, 13, 2, 135, 300, '2020-09-29 08:19:11'),
(629, 577, 17, 13, 2, 144, 30, '2020-09-29 08:19:35'),
(630, 578, 17, 13, 2, 135, 163, '2020-09-29 08:19:59'),
(631, 579, 16, 28, 2, 130, 80, '2020-09-29 09:20:53'),
(632, 580, 16, 28, 2, 141, 220, '2020-09-29 09:22:09'),
(633, 581, 16, 28, 2, 141, 285, '2020-09-29 09:22:38'),
(634, 582, 16, 28, 2, 141, 240, '2020-09-29 09:23:22'),
(635, 583, 16, 28, 2, 141, 500, '2020-09-29 09:23:49'),
(636, 584, 16, 28, 2, 141, 300, '2020-09-29 09:24:19'),
(637, 585, 16, 28, 2, 75, 335, '2020-09-29 09:25:02'),
(638, 586, 16, 28, 2, 113, 40, '2020-09-29 09:25:29'),
(639, 587, 16, 28, 2, 130, 180, '2020-09-29 09:26:03'),
(640, 588, 16, 28, 2, 75, 289, '2020-09-29 09:26:26'),
(641, 589, 16, 28, 2, 141, 70, '2020-09-29 09:26:51'),
(642, 590, 16, 28, 2, 141, 246, '2020-09-29 09:27:17'),
(643, 591, 16, 28, 2, 141, 220, '2020-09-29 09:27:41'),
(644, 592, 16, 28, 2, 75, 360, '2020-09-29 09:28:05'),
(645, 593, 16, 28, 2, 130, 300, '2020-09-29 09:28:40'),
(646, 594, 16, 28, 2, 111, 153, '2020-09-29 09:29:13'),
(647, 595, 16, 28, 2, 130, 400, '2020-09-29 09:29:37'),
(648, 596, 16, 28, 2, 141, 300, '2020-09-29 09:30:00'),
(649, 597, 16, 28, 2, 141, 311, '2020-09-29 09:30:21'),
(650, 598, 16, 28, 2, 130, 500, '2020-09-29 09:30:46'),
(651, 599, 16, 28, 2, 130, 120, '2020-09-29 09:31:11'),
(652, 600, 16, 28, 2, 141, 90, '2020-09-29 09:31:46'),
(653, 600, 16, 28, 2, 130, 30, '2020-09-29 09:31:46'),
(654, 601, 16, 28, 2, 141, 120, '2020-09-29 09:32:07'),
(655, 602, 16, 28, 2, 141, 238, '2020-09-29 09:32:30'),
(656, 603, 16, 28, 2, 141, 280, '2020-09-29 09:32:50'),
(657, 604, 16, 28, 2, 133, 300, '2020-09-29 09:33:17'),
(658, 605, 16, 28, 2, 141, 107, '2020-09-29 09:33:39'),
(659, 606, 16, 28, 2, 141, 500, '2020-09-29 09:34:02'),
(660, 607, 16, 28, 2, 141, 310, '2020-09-29 09:34:26'),
(661, 608, 16, 28, 2, 144, 30, '2020-09-29 09:34:49'),
(662, 609, 16, 28, 2, 111, 300, '2020-09-29 09:35:19'),
(663, 610, 16, 28, 6, 141, 680, '2020-09-29 09:35:58'),
(664, 611, 16, 28, 2, 141, 360, '2020-09-29 09:36:27'),
(665, 612, 16, 28, 2, 111, 300, '2020-09-29 09:37:02'),
(666, 613, 16, 28, 2, 141, 355, '2020-09-29 09:37:33'),
(667, 614, 16, 28, 2, 141, 371, '2020-09-29 09:38:18'),
(668, 615, 16, 28, 2, 75, 100, '2020-09-29 09:39:37'),
(669, 616, 16, 28, 2, 112, 266, '2020-09-29 09:40:06'),
(670, 617, 16, 28, 2, 138, 360, '2020-09-29 09:40:31'),
(671, 618, 16, 28, 2, 141, 300, '2020-09-29 09:40:53'),
(672, 619, 16, 28, 2, 144, 250, '2020-09-29 09:41:21'),
(673, 620, 16, 28, 2, 141, 145, '2020-09-29 09:41:44'),
(674, 621, 16, 28, 2, 75, 350, '2020-09-29 09:42:11'),
(675, 622, 16, 28, 2, 141, 169, '2020-09-29 09:42:32'),
(676, 623, 16, 28, 2, 141, 240, '2020-09-29 09:42:59'),
(677, 624, 16, 28, 2, 141, 600, '2020-09-29 09:43:19'),
(678, 625, 16, 28, 2, 141, 300, '2020-09-29 09:43:47'),
(679, 626, 16, 28, 2, 141, 151, '2020-09-29 09:44:10'),
(680, 627, 16, 28, 2, 141, 377, '2020-09-29 09:44:31'),
(681, 628, 16, 28, 2, 141, 350, '2020-09-29 09:44:57'),
(682, 629, 16, 28, 2, 141, 94, '2020-09-29 09:45:16'),
(683, 630, 16, 28, 2, 141, 600, '2020-09-29 09:45:41'),
(684, 631, 16, 28, 2, 141, 200, '2020-09-29 09:46:10'),
(685, 632, 16, 28, 2, 141, 300, '2020-09-29 09:46:31'),
(686, 633, 16, 28, 2, 130, 300, '2020-09-29 09:47:02'),
(687, 634, 16, 28, 2, 141, 150, '2020-09-29 09:47:22'),
(688, 635, 16, 28, 2, 141, 446, '2020-09-29 09:47:57'),
(689, 636, 16, 28, 2, 141, 455, '2020-09-29 09:48:18'),
(690, 637, 16, 16, 2, 75, 300, '2020-10-01 06:09:51'),
(691, 638, 16, 16, 2, 105, 100, '2020-10-01 06:10:22'),
(692, 639, 16, 16, 2, 130, 500, '2020-10-01 06:10:56'),
(693, 640, 16, 16, 2, 130, 350, '2020-10-01 06:11:35'),
(694, 641, 16, 16, 2, 130, 550, '2020-10-01 06:12:01'),
(695, 642, 16, 16, 2, 141, 510, '2020-10-01 06:12:44'),
(696, 643, 16, 16, 2, 141, 500, '2020-10-01 06:13:12'),
(697, 644, 16, 16, 2, 130, 300, '2020-10-01 06:13:43'),
(698, 645, 16, 16, 2, 130, 150, '2020-10-01 06:14:15'),
(699, 646, 16, 16, 2, 130, 600, '2020-10-01 06:14:41'),
(700, 647, 16, 16, 2, 130, 250, '2020-10-01 06:15:10'),
(701, 648, 16, 16, 2, 75, 100, '2020-10-01 06:15:43'),
(702, 649, 16, 14, 2, 75, 300, '2020-10-07 11:39:36'),
(703, 650, 16, 15, 2, 75, 100, '2020-10-07 11:40:10'),
(704, 651, 16, 14, 2, 130, 500, '2020-10-07 11:40:42'),
(705, 652, 16, 14, 2, 141, 350, '2020-10-07 11:41:45'),
(706, 653, 16, 15, 2, 130, 550, '2020-10-07 11:42:18'),
(707, 654, 16, 14, 2, 111, 510, '2020-10-07 11:42:58'),
(708, 655, 16, 14, 2, 138, 500, '2020-10-07 11:43:29'),
(709, 656, 16, 16, 2, 130, 300, '2020-10-07 11:44:05'),
(710, 657, 16, 15, 2, 130, 150, '2020-10-07 11:44:41'),
(711, 658, 16, 15, 2, 130, 600, '2020-10-07 11:45:25'),
(712, 659, 16, 15, 2, 130, 250, '2020-10-07 11:45:54'),
(713, 660, 16, 14, 2, 75, 100, '2020-10-07 11:46:21'),
(714, 661, 16, 14, 2, 130, 600, '2020-10-07 11:46:55'),
(715, 662, 16, 15, 2, 105, 200, '2020-10-07 11:47:27'),
(716, 663, 16, 14, 2, 130, 190, '2020-10-07 11:48:00'),
(717, 664, 16, 16, 2, 66, 250, '2020-10-07 11:48:34'),
(718, 665, 16, 15, 2, 133, 153, '2020-10-07 11:50:19'),
(719, 666, 16, 15, 2, 75, 200, '2020-10-07 11:50:49'),
(720, 667, 16, 16, 2, 111, 45, '2020-10-07 11:51:23'),
(721, 668, 16, 15, 2, 130, 210, '2020-10-07 11:52:01'),
(722, 669, 16, 15, 2, 118, 195, '2020-10-07 11:52:37'),
(723, 670, 16, 15, 2, 141, 215, '2020-10-07 11:53:12'),
(724, 671, 16, 15, 2, 141, 502, '2020-10-07 11:53:43'),
(725, 672, 16, 16, 2, 141, 300, '2020-10-07 11:54:13'),
(726, 673, 16, 15, 2, 141, 498, '2020-10-07 11:54:41'),
(727, 674, 16, 15, 2, 75, 280, '2020-10-07 11:55:12'),
(728, 675, 16, 16, 2, 130, 300, '2020-10-07 11:55:47'),
(729, 676, 16, 16, 2, 75, 246, '2020-10-07 11:56:18'),
(730, 677, 16, 15, 2, 130, 400, '2020-10-07 11:56:53'),
(731, 678, 16, 14, 2, 130, 230, '2020-10-07 11:57:49'),
(732, 679, 17, 13, 2, 141, 320, '2020-10-07 12:00:09'),
(733, 680, 17, 13, 2, 75, 500, '2020-10-07 12:01:06'),
(734, 681, 17, 13, 2, 75, 300, '2020-10-07 12:01:31'),
(735, 682, 17, 13, 2, 135, 18, '2020-10-07 12:02:04'),
(736, 683, 17, 13, 2, 141, 411, '2020-10-07 12:02:32'),
(737, 684, 17, 13, 2, 141, 480, '2020-10-07 12:03:27'),
(738, 685, 17, 13, 2, 135, 109, '2020-10-07 12:03:48'),
(739, 686, 17, 13, 2, 135, 151, '2020-10-07 12:04:20'),
(740, 687, 17, 13, 2, 135, 46, '2020-10-07 12:04:40'),
(741, 688, 17, 13, 2, 75, 80, '2020-10-07 12:05:04'),
(742, 689, 17, 13, 2, 135, 300, '2020-10-07 12:05:29'),
(743, 690, 17, 13, 2, 144, 30, '2020-10-07 12:05:52'),
(744, 691, 17, 13, 2, 135, 163, '2020-10-07 12:06:16'),
(745, 692, 17, 13, 2, 130, 180, '2020-10-07 13:02:26'),
(746, 693, 17, 13, 2, 75, 500, '2020-10-07 13:02:48'),
(747, 694, 17, 13, 2, 141, 165, '2020-10-07 13:04:38'),
(748, 695, 17, 13, 2, 135, 230, '2020-10-07 13:05:11'),
(749, 696, 17, 13, 2, 75, 120, '2020-10-07 13:05:54'),
(750, 697, 17, 13, 2, 67, 63, '2020-10-07 13:06:27'),
(751, 698, 17, 13, 2, 75, 210, '2020-10-07 13:06:59'),
(752, 699, 17, 13, 2, 141, 330, '2020-10-07 13:07:23'),
(753, 700, 17, 13, 2, 75, 350, '2020-10-07 13:07:50'),
(754, 701, 17, 13, 2, 141, 325, '2020-10-07 13:09:36'),
(755, 702, 0, 13, 2, 75, 400, '2020-10-07 13:10:08'),
(756, 703, 17, 13, 2, 75, 200, '2020-10-07 13:10:51'),
(757, 704, 17, 13, 2, 126, 300, '2020-10-07 13:16:01'),
(758, 705, 17, 13, 2, 75, 200, '2020-10-07 13:16:39'),
(759, 706, 17, 13, 2, 135, 300, '2020-10-07 13:17:00'),
(760, 707, 17, 13, 2, 141, 41, '2020-10-07 13:17:33'),
(761, 708, 17, 13, 2, 141, 94, '2020-10-07 13:17:58'),
(762, 709, 17, 13, 2, 141, 625, '2020-10-07 13:18:56'),
(763, 710, 0, 13, 2, 141, 286, '2020-10-07 13:19:24'),
(764, 711, 17, 13, 2, 130, 300, '2020-10-07 13:19:54'),
(765, 712, 17, 13, 2, 135, 46, '2020-10-07 13:20:17'),
(766, 713, 17, 13, 2, 147, 210, '2020-10-07 13:20:40'),
(767, 714, 17, 13, 2, 130, 300, '2020-10-07 13:21:05'),
(768, 715, 17, 13, 2, 75, 215, '2020-10-07 13:21:30'),
(769, 716, 17, 13, 2, 75, 300, '2020-10-07 13:22:17'),
(770, 717, 17, 13, 2, 141, 539, '2020-10-07 13:22:38'),
(771, 718, 17, 13, 2, 141, 240, '2020-10-07 13:23:01'),
(772, 719, 17, 13, 2, 141, 227, '2020-10-07 13:32:41'),
(773, 720, 17, 13, 2, 141, 582, '2020-10-07 13:33:07'),
(774, 721, 17, 13, 2, 130, 274, '2020-10-07 13:33:34'),
(775, 722, 17, 13, 2, 144, 100, '2020-10-07 13:34:00'),
(777, 724, 17, 13, 2, 141, 500, '2020-10-07 13:34:53'),
(778, 725, 17, 13, 2, 135, 110, '2020-10-07 13:35:46'),
(779, 726, 17, 13, 2, 142, 300, '2020-10-07 13:36:19'),
(780, 727, 17, 13, 2, 141, 215, '2020-10-07 13:37:23'),
(781, 728, 17, 13, 2, 111, 400, '2020-10-07 13:38:02'),
(782, 729, 17, 13, 2, 130, 290, '2020-10-07 13:39:24'),
(783, 730, 17, 13, 2, 130, 435, '2020-10-07 13:39:56'),
(785, 732, 17, 13, 2, 141, 1000, '2020-10-07 13:41:22'),
(786, 733, 17, 13, 2, 144, 55, '2020-10-07 13:42:06'),
(787, 734, 17, 13, 2, 135, 99, '2020-10-19 06:33:36'),
(788, 735, 17, 13, 2, 130, 250, '2020-10-19 06:34:02'),
(789, 736, 17, 13, 2, 75, 280, '2020-10-19 06:34:25'),
(790, 737, 17, 13, 2, 130, 10, '2020-10-19 06:34:51'),
(791, 738, 17, 13, 2, 111, 600, '2020-10-19 06:35:15'),
(792, 739, 17, 13, 2, 71, 1200, '2020-10-19 06:35:36'),
(793, 740, 17, 13, 2, 141, 200, '2020-10-19 06:35:59'),
(794, 741, 17, 13, 2, 141, 170, '2020-10-19 06:36:20'),
(795, 742, 17, 13, 2, 141, 100, '2020-10-19 06:36:41'),
(796, 743, 17, 13, 2, 148, 93, '2020-10-19 06:37:04'),
(797, 744, 17, 13, 2, 141, 294, '2020-10-19 06:37:24'),
(798, 745, 17, 13, 2, 141, 590, '2020-10-19 06:38:22'),
(799, 746, 17, 13, 2, 141, 201, '2020-10-19 06:38:41'),
(800, 747, 17, 13, 2, 141, 480, '2020-10-19 06:38:59'),
(801, 748, 17, 13, 2, 141, 310, '2020-10-19 06:39:17'),
(802, 749, 17, 13, 2, 75, 150, '2020-10-19 06:39:39'),
(803, 750, 17, 13, 2, 141, 175, '2020-10-19 06:40:01'),
(804, 751, 17, 13, 2, 75, 250, '2020-10-19 06:40:24'),
(805, 752, 17, 13, 2, 141, 360, '2020-10-19 06:40:45'),
(806, 753, 17, 13, 2, 141, 712, '2020-10-19 06:41:11'),
(807, 754, 17, 13, 2, 141, 400, '2020-10-19 06:41:32'),
(808, 755, 17, 13, 2, 141, 575, '2020-10-19 06:41:50'),
(809, 756, 17, 13, 2, 141, 700, '2020-10-19 06:42:11'),
(810, 757, 17, 13, 2, 141, 302, '2020-10-19 06:42:31'),
(811, 758, 17, 13, 2, 141, 309, '2020-10-19 06:43:42'),
(812, 759, 17, 13, 2, 141, 300, '2020-10-19 06:44:04'),
(813, 760, 17, 13, 2, 141, 300, '2020-10-19 06:44:23'),
(814, 761, 17, 13, 2, 141, 310, '2020-10-19 06:44:41'),
(815, 762, 17, 13, 2, 141, 220, '2020-10-19 06:44:59'),
(816, 763, 17, 13, 2, 130, 350, '2020-10-19 06:45:25'),
(817, 764, 17, 13, 2, 141, 239, '2020-10-19 06:45:44'),
(818, 765, 17, 13, 2, 141, 200, '2020-10-19 06:46:02'),
(819, 766, 17, 13, 2, 141, 240, '2020-10-19 06:46:21'),
(820, 767, 17, 13, 2, 75, 200, '2020-10-19 06:47:04'),
(821, 768, 17, 13, 2, 75, 100, '2020-10-19 06:47:23'),
(822, 769, 17, 13, 2, 133, 120, '2020-10-19 06:47:44'),
(823, 770, 17, 13, 2, 141, 290, '2020-10-19 06:48:03'),
(824, 771, 17, 13, 2, 141, 450, '2020-10-19 06:48:21'),
(825, 772, 17, 13, 2, 135, 325, '2020-10-19 06:50:57'),
(826, 773, 17, 13, 2, 141, 550, '2020-10-19 06:51:21'),
(827, 774, 17, 13, 2, 141, 300, '2020-10-19 06:51:40'),
(828, 775, 17, 13, 2, 141, 291, '2020-10-19 06:51:58'),
(829, 776, 17, 13, 2, 141, 150, '2020-10-19 06:52:16'),
(830, 777, 17, 13, 2, 141, 325, '2020-10-19 06:52:35'),
(831, 778, 17, 13, 2, 141, 125, '2020-10-19 06:52:55'),
(832, 779, 17, 13, 2, 141, 300, '2020-10-19 06:53:12'),
(833, 780, 17, 13, 2, 141, 265, '2020-10-19 06:53:29'),
(834, 781, 17, 13, 2, 141, 120, '2020-10-19 06:53:46'),
(835, 782, 17, 13, 2, 135, 168, '2020-10-19 06:54:10'),
(836, 783, 17, 13, 2, 75, 170, '2020-10-19 06:54:29'),
(837, 784, 17, 13, 2, 141, 30, '2020-10-19 06:54:51'),
(838, 785, 17, 13, 2, 141, 267, '2020-10-19 06:55:10'),
(839, 786, 17, 13, 2, 141, 45, '2020-10-19 06:55:30'),
(840, 787, 17, 13, 2, 141, 288, '2020-10-19 06:55:52'),
(841, 788, 17, 13, 2, 141, 108, '2020-10-19 06:56:12'),
(842, 789, 17, 13, 2, 135, 192, '2020-10-19 06:56:33'),
(843, 790, 17, 13, 2, 141, 248, '2020-10-19 06:56:55'),
(844, 791, 17, 13, 2, 141, 67, '2020-10-19 06:57:16'),
(845, 792, 17, 13, 2, 130, 48, '2020-10-19 06:57:39'),
(846, 793, 17, 13, 2, 141, 200, '2020-10-19 06:58:02'),
(847, 794, 17, 13, 2, 141, 220, '2020-10-19 06:58:21'),
(848, 795, 17, 13, 2, 141, 219, '2020-10-19 06:58:41'),
(849, 796, 17, 13, 2, 154, 204, '2020-10-31 08:54:10'),
(850, 797, 17, 13, 2, 154, 100, '2020-10-31 08:54:30'),
(851, 798, 17, 13, 2, 154, 217, '2020-10-31 08:54:49'),
(852, 799, 17, 13, 2, 154, 434, '2020-10-31 08:55:12'),
(853, 800, 17, 13, 2, 154, 133, '2020-10-31 08:55:31'),
(854, 801, 17, 13, 2, 154, 95, '2020-10-31 08:55:51'),
(855, 802, 17, 13, 2, 154, 90, '2020-10-31 08:56:09'),
(856, 803, 17, 13, 2, 154, 60, '2020-10-31 08:56:25'),
(857, 804, 17, 13, 2, 154, 200, '2020-10-31 08:56:47'),
(858, 805, 17, 13, 2, 154, 350, '2020-10-31 08:57:02'),
(859, 806, 17, 13, 2, 154, 600, '2020-10-31 08:57:20'),
(860, 807, 17, 13, 2, 154, 220, '2020-10-31 08:57:37'),
(861, 808, 17, 13, 2, 154, 30, '2020-10-31 08:57:54'),
(862, 809, 17, 13, 2, 154, 46, '2020-10-31 08:58:10'),
(863, 810, 17, 13, 2, 154, 350, '2020-10-31 08:58:28'),
(864, 811, 17, 13, 2, 154, 300, '2020-10-31 08:58:47'),
(865, 812, 17, 13, 2, 154, 70, '2020-10-31 08:59:04'),
(866, 813, 17, 13, 2, 154, 470, '2020-10-31 08:59:22'),
(867, 814, 17, 13, 2, 154, 600, '2020-10-31 08:59:38'),
(868, 815, 17, 13, 2, 154, 180, '2020-10-31 08:59:55'),
(869, 816, 17, 13, 2, 154, 57, '2020-10-31 09:00:19'),
(870, 817, 17, 13, 2, 154, 300, '2020-10-31 09:00:35'),
(871, 818, 17, 13, 2, 154, 300, '2020-10-31 09:00:52'),
(872, 819, 17, 13, 2, 154, 300, '2020-10-31 09:01:09'),
(873, 820, 17, 13, 2, 154, 330, '2020-10-31 09:01:29'),
(874, 821, 17, 13, 2, 154, 400, '2020-10-31 09:01:50'),
(875, 822, 17, 13, 2, 154, 200, '2020-10-31 09:02:09'),
(876, 823, 17, 13, 2, 154, 200, '2020-10-31 09:02:27'),
(877, 824, 17, 13, 2, 130, 270, '2020-10-31 09:02:54'),
(878, 825, 17, 13, 2, 154, 415, '2020-10-31 09:03:17'),
(879, 826, 17, 13, 2, 154, 46, '2020-10-31 09:03:34'),
(880, 827, 17, 13, 2, 154, 300, '2020-10-31 09:03:52'),
(881, 828, 17, 13, 2, 154, 600, '2020-10-31 09:04:11'),
(882, 829, 17, 13, 2, 154, 482, '2020-10-31 09:04:28'),
(883, 830, 17, 13, 2, 154, 360, '2020-10-31 09:04:45'),
(884, 831, 17, 13, 2, 154, 34, '2020-10-31 09:05:24'),
(885, 832, 17, 13, 2, 154, 250, '2020-10-31 09:05:53'),
(886, 833, 17, 13, 2, 154, 550, '2020-10-31 09:06:55'),
(887, 834, 17, 13, 2, 154, 109, '2020-10-31 09:07:15'),
(888, 835, 17, 13, 2, 154, 600, '2020-10-31 09:07:33'),
(889, 836, 16, 16, 2, 154, 230, '2020-10-31 09:09:36'),
(890, 837, 16, 15, 2, 154, 55, '2020-10-31 09:27:46'),
(891, 838, 16, 16, 1, 154, 81, '2020-10-31 09:28:13'),
(892, 838, 16, 16, 2, 154, 120, '2020-10-31 09:28:13'),
(893, 839, 16, 16, 2, 154, 240, '2020-10-31 09:28:35'),
(894, 840, 16, 16, 2, 154, 300, '2020-10-31 09:28:53'),
(895, 841, 16, 16, 2, 155, 500, '2020-10-31 09:29:16'),
(896, 842, 16, 16, 2, 154, 300, '2020-10-31 09:29:43'),
(897, 843, 16, 16, 2, 154, 175, '2020-10-31 09:30:07'),
(898, 844, 16, 16, 2, 154, 300, '2020-10-31 09:30:27'),
(899, 845, 16, 16, 2, 130, 620, '2020-10-31 09:31:02'),
(900, 846, 16, 16, 2, 154, 300, '2020-10-31 09:31:24'),
(901, 847, 16, 16, 2, 154, 250, '2020-10-31 09:31:44'),
(902, 848, 16, 16, 2, 154, 400, '2020-10-31 09:32:06'),
(903, 849, 16, 16, 2, 154, 200, '2020-10-31 09:32:24'),
(904, 850, 16, 16, 2, 154, 488, '2020-10-31 09:32:50'),
(905, 851, 16, 16, 2, 154, 270, '2020-10-31 09:33:16'),
(906, 852, 16, 16, 2, 154, 600, '2020-10-31 09:33:33'),
(907, 853, 16, 16, 2, 154, 550, '2020-10-31 09:33:56'),
(908, 854, 16, 16, 2, 154, 250, '2020-10-31 09:34:17'),
(909, 855, 16, 16, 2, 154, 150, '2020-10-31 09:34:38'),
(910, 856, 16, 16, 2, 130, 350, '2020-10-31 09:34:58'),
(911, 857, 16, 16, 2, 154, 240, '2020-10-31 09:35:22'),
(912, 858, 16, 16, 2, 154, 420, '2020-10-31 09:36:20'),
(913, 859, 16, 16, 2, 154, 400, '2020-10-31 09:36:39'),
(914, 860, 16, 16, 2, 154, 196, '2020-10-31 09:37:11'),
(915, 861, 16, 16, 2, 154, 523, '2020-10-31 09:37:29'),
(916, 862, 16, 16, 2, 154, 300, '2020-10-31 09:37:54'),
(917, 863, 16, 16, 2, 154, 192, '2020-10-31 09:38:12'),
(918, 864, 16, 16, 2, 154, 100, '2020-10-31 09:38:32'),
(919, 865, 16, 16, 2, 154, 600, '2020-10-31 09:38:55'),
(920, 866, 16, 16, 2, 154, 300, '2020-10-31 09:39:13'),
(921, 867, 16, 16, 2, 154, 400, '2020-10-31 09:39:29'),
(922, 868, 16, 16, 2, 154, 400, '2020-10-31 09:39:47'),
(923, 869, 16, 16, 2, 154, 450, '2020-10-31 09:40:05'),
(924, 870, 16, 16, 2, 154, 228, '2020-10-31 09:40:25'),
(925, 871, 16, 16, 2, 154, 127, '2020-10-31 09:40:43'),
(926, 872, 16, 16, 2, 154, 50, '2020-10-31 09:41:01'),
(927, 873, 16, 16, 2, 154, 300, '2020-10-31 09:42:38'),
(928, 874, 16, 16, 2, 154, 320, '2020-10-31 09:42:58'),
(929, 875, 16, 16, 2, 154, 60, '2020-10-31 09:43:18'),
(930, 876, 16, 16, 2, 154, 90, '2020-10-31 09:43:46'),
(931, 877, 16, 16, 2, 154, 587, '2020-10-31 09:44:05'),
(932, 878, 16, 16, 2, 154, 100, '2020-10-31 09:44:27'),
(933, 879, 16, 16, 2, 154, 89, '2020-10-31 09:44:44'),
(934, 880, 16, 16, 2, 154, 400, '2020-10-31 09:45:03'),
(935, 881, 16, 16, 2, 154, 200, '2020-10-31 09:47:25');
INSERT INTO `incoming_items` (`id`, `incoming_id`, `machine_id`, `color_id`, `size_id`, `design_id`, `quantity`, `ts`) VALUES
(936, 882, 16, 16, 2, 154, 191, '2020-10-31 09:47:43'),
(937, 883, 16, 16, 2, 154, 500, '2020-10-31 09:48:00'),
(938, 884, 16, 16, 2, 154, 500, '2020-10-31 09:48:44'),
(939, 885, 16, 16, 2, 154, 100, '2020-10-31 09:49:03'),
(940, 886, 16, 16, 2, 154, 350, '2020-10-31 09:49:26'),
(941, 887, 16, 16, 2, 154, 317, '2020-10-31 09:49:51'),
(942, 888, 16, 16, 2, 154, 181, '2020-10-31 09:50:12'),
(943, 889, 16, 16, 2, 154, 297, '2020-10-31 09:50:33'),
(944, 890, 16, 16, 2, 154, 144, '2020-10-31 09:50:54'),
(945, 891, 16, 16, 2, 154, 500, '2020-10-31 09:51:43'),
(946, 892, 16, 16, 2, 154, 50, '2020-10-31 09:52:05'),
(947, 893, 17, 13, 2, 135, 189, '2020-11-05 06:24:07'),
(948, 894, 17, 13, 2, 135, 102, '2020-11-05 06:25:18'),
(949, 895, 17, 13, 2, 3, 300, '2020-11-05 06:25:46'),
(951, 897, 17, 13, 2, 154, 240, '2020-11-05 06:47:53'),
(952, 898, 17, 13, 2, 154, 297, '2020-11-05 06:48:14'),
(953, 899, 17, 13, 2, 154, 150, '2020-11-05 06:48:48'),
(954, 900, 17, 13, 2, 154, 251, '2020-11-05 06:49:09'),
(955, 901, 17, 13, 2, 154, 200, '2020-11-05 06:49:30'),
(956, 902, 17, 13, 2, 154, 150, '2020-11-05 06:49:51'),
(957, 903, 17, 13, 2, 154, 220, '2020-11-05 06:50:08'),
(958, 904, 17, 13, 2, 154, 362, '2020-11-05 06:50:27'),
(959, 905, 17, 13, 2, 154, 330, '2020-11-05 06:50:47'),
(960, 906, 17, 13, 2, 154, 330, '2020-11-05 06:51:30'),
(961, 907, 17, 13, 2, 154, 109, '2020-11-05 06:51:54'),
(962, 908, 17, 13, 2, 154, 51, '2020-11-05 06:52:14'),
(963, 909, 17, 13, 2, 154, 215, '2020-11-05 06:53:03'),
(964, 910, 17, 13, 2, 154, 40, '2020-11-05 06:53:26'),
(965, 911, 17, 13, 2, 154, 235, '2020-11-05 06:53:49'),
(966, 912, 17, 13, 2, 154, 310, '2020-11-05 06:54:09'),
(967, 913, 17, 13, 2, 154, 90, '2020-11-05 06:54:29'),
(968, 914, 17, 13, 2, 154, 430, '2020-11-05 06:54:51'),
(969, 915, 17, 13, 2, 154, 460, '2020-11-05 06:55:09'),
(970, 916, 17, 13, 2, 154, 300, '2020-11-05 06:55:27'),
(972, 918, 17, 13, 2, 154, 200, '2020-11-05 06:57:37'),
(973, 919, 17, 13, 2, 154, 38, '2020-11-05 06:57:58'),
(974, 920, 17, 13, 2, 154, 30, '2020-11-05 06:58:18'),
(975, 921, 16, 14, 2, 154, 145, '2020-11-05 07:07:16'),
(976, 922, 16, 14, 2, 154, 157, '2020-11-05 07:07:36'),
(977, 923, 16, 14, 2, 154, 360, '2020-11-05 07:08:00'),
(978, 924, 16, 14, 2, 154, 458, '2020-11-05 07:08:45'),
(979, 925, 16, 14, 2, 154, 300, '2020-11-05 07:09:04'),
(980, 926, 16, 14, 2, 154, 166, '2020-11-05 07:09:27'),
(981, 927, 16, 14, 2, 154, 240, '2020-11-05 07:09:47'),
(982, 928, 16, 14, 2, 154, 159, '2020-11-05 07:10:06'),
(983, 929, 16, 14, 2, 130, 200, '2020-11-05 07:10:27'),
(984, 930, 16, 14, 2, 154, 300, '2020-11-05 07:10:49'),
(985, 931, 16, 14, 2, 154, 400, '2020-11-05 07:11:20'),
(986, 932, 16, 14, 2, 154, 300, '2020-11-05 07:11:40'),
(987, 933, 16, 14, 2, 154, 30, '2020-11-05 07:11:58'),
(988, 934, 16, 14, 2, 154, 263, '2020-11-05 07:12:16'),
(989, 935, 16, 14, 2, 154, 96, '2020-11-05 07:12:36'),
(990, 936, 16, 14, 2, 154, 300, '2020-11-05 07:12:53'),
(991, 937, 16, 14, 2, 154, 408, '2020-11-05 07:13:13'),
(992, 938, 16, 14, 2, 154, 88, '2020-11-05 07:13:32'),
(993, 939, 16, 14, 2, 154, 572, '2020-11-05 07:13:56'),
(994, 940, 16, 14, 2, 154, 107, '2020-11-05 07:14:18'),
(995, 941, 16, 14, 2, 154, 200, '2020-11-05 07:14:36'),
(996, 942, 16, 14, 2, 154, 210, '2020-11-05 07:14:56'),
(997, 943, 16, 14, 2, 154, 505, '2020-11-05 07:15:15'),
(998, 944, 16, 14, 2, 154, 451, '2020-11-05 07:15:34'),
(999, 945, 16, 14, 2, 154, 161, '2020-11-05 07:15:52'),
(1000, 731, 17, 13, 2, 154, 508, '2020-11-07 17:15:37'),
(1001, 723, 17, 13, 2, 154, 471, '2020-11-07 17:15:57'),
(1002, 946, 17, 13, 2, 147, 120, '2020-11-09 07:28:33'),
(1003, 947, 17, 13, 2, 138, 240, '2020-11-09 07:29:06'),
(1004, 948, 17, 13, 2, 155, 210, '2020-11-09 07:30:00'),
(1005, 949, 17, 13, 2, 154, 530, '2020-11-09 07:30:23'),
(1006, 950, 17, 13, 2, 154, 350, '2020-11-09 07:30:47'),
(1007, 951, 17, 13, 2, 154, 250, '2020-11-09 07:31:13'),
(1008, 952, 17, 13, 2, 144, 49, '2020-11-09 07:31:39'),
(1009, 953, 17, 13, 2, 154, 120, '2020-11-17 04:49:43'),
(1010, 954, 17, 13, 2, 154, 46, '2020-11-17 04:50:12'),
(1011, 955, 17, 13, 2, 154, 254, '2020-11-17 04:50:30'),
(1012, 956, 17, 13, 2, 154, 450, '2020-11-17 04:50:52'),
(1013, 957, 17, 13, 2, 154, 375, '2020-11-17 04:51:12'),
(1014, 958, 17, 13, 2, 154, 283, '2020-11-17 04:51:32'),
(1015, 959, 17, 13, 2, 154, 112, '2020-11-17 04:51:51'),
(1016, 960, 17, 13, 2, 154, 124, '2020-11-17 04:52:41'),
(1017, 961, 17, 13, 2, 154, 422, '2020-11-17 04:53:10'),
(1018, 962, 17, 13, 2, 154, 170, '2020-11-17 04:53:31'),
(1019, 963, 17, 13, 2, 154, 220, '2020-11-17 04:53:49'),
(1020, 964, 17, 13, 2, 154, 93, '2020-11-17 04:54:06'),
(1021, 965, 17, 13, 2, 154, 200, '2020-11-17 04:54:24'),
(1022, 966, 17, 13, 2, 154, 350, '2020-11-17 04:54:44'),
(1023, 967, 17, 13, 2, 154, 287, '2020-11-17 04:55:03'),
(1024, 968, 17, 13, 2, 154, 500, '2020-11-17 04:55:24'),
(1025, 969, 17, 13, 2, 154, 575, '2020-11-17 04:55:50'),
(1026, 970, 17, 13, 2, 154, 88, '2020-11-17 04:56:07'),
(1027, 971, 17, 13, 2, 154, 93, '2020-11-17 04:56:26'),
(1028, 972, 17, 13, 2, 154, 300, '2020-11-17 04:56:47'),
(1029, 973, 17, 13, 2, 154, 117, '2020-11-17 04:57:04'),
(1030, 974, 17, 13, 2, 154, 88, '2020-11-17 04:57:22'),
(1031, 975, 17, 13, 2, 154, 97, '2020-11-17 04:57:41'),
(1032, 976, 17, 13, 2, 154, 190, '2020-11-17 04:57:58'),
(1033, 977, 17, 13, 2, 154, 300, '2020-11-17 04:58:15'),
(1034, 978, 17, 13, 2, 154, 170, '2020-11-17 04:58:47'),
(1035, 979, 17, 13, 2, 154, 88, '2020-11-17 04:59:04'),
(1036, 980, 17, 13, 2, 154, 220, '2020-11-17 04:59:47'),
(1037, 981, 17, 13, 2, 154, 317, '2020-11-17 05:00:04'),
(1038, 982, 17, 13, 2, 154, 174, '2020-11-17 05:00:19'),
(1039, 983, 17, 13, 2, 154, 600, '2020-11-17 05:00:40'),
(1040, 984, 17, 13, 2, 154, 558, '2020-11-17 05:00:58'),
(1041, 985, 17, 13, 2, 154, 292, '2020-11-17 05:01:18'),
(1042, 986, 17, 13, 2, 154, 323, '2020-11-17 05:01:37'),
(1043, 987, 17, 13, 2, 154, 320, '2020-11-17 05:01:53'),
(1044, 988, 17, 13, 2, 154, 110, '2020-11-17 05:02:14'),
(1045, 989, 17, 13, 2, 154, 104, '2020-11-17 05:02:32'),
(1046, 990, 17, 13, 2, 154, 62, '2020-11-17 05:02:53'),
(1047, 991, 17, 13, 2, 154, 155, '2020-11-17 05:03:10'),
(1048, 992, 17, 13, 2, 154, 300, '2020-11-17 05:03:35'),
(1049, 993, 17, 13, 2, 154, 160, '2020-11-17 05:03:56'),
(1050, 994, 17, 13, 2, 154, 300, '2020-11-17 05:04:16'),
(1051, 995, 17, 13, 2, 154, 60, '2020-11-17 05:04:38'),
(1052, 996, 17, 13, 2, 154, 250, '2020-11-17 05:04:55'),
(1053, 997, 17, 13, 2, 154, 600, '2020-11-17 05:05:15'),
(1054, 998, 17, 13, 2, 154, 90, '2020-11-17 05:05:40'),
(1055, 999, 17, 13, 2, 154, 280, '2020-11-17 05:06:02'),
(1056, 1000, 17, 13, 2, 154, 689, '2020-11-17 05:06:27'),
(1057, 1001, 17, 13, 2, 130, 360, '2020-11-16 09:56:44'),
(1058, 1002, 17, 13, 2, 22, 130, '2020-11-16 09:57:10'),
(1059, 1003, 17, 13, 2, 113, 458, '2020-11-16 09:57:36'),
(1060, 1004, 17, 13, 2, 154, 404, '2020-11-16 09:58:04'),
(1061, 1005, 17, 13, 2, 154, 400, '2020-11-16 09:58:26'),
(1062, 1006, 17, 13, 2, 154, 65, '2020-11-16 09:58:49'),
(1063, 1007, 17, 13, 2, 154, 380, '2020-11-16 09:59:17'),
(1064, 1008, 17, 13, 2, 154, 500, '2020-11-16 09:59:39'),
(1065, 1009, 17, 13, 2, 154, 400, '2020-11-16 10:00:02'),
(1066, 1010, 17, 13, 2, 154, 142, '2020-11-16 10:00:30'),
(1067, 1011, 17, 13, 2, 154, 300, '2020-11-16 10:00:52'),
(1068, 1012, 17, 13, 2, 154, 200, '2020-11-16 10:01:21'),
(1069, 1013, 17, 13, 2, 154, 200, '2020-11-16 10:05:05'),
(1070, 1014, 17, 13, 2, 154, 3, '2020-11-16 10:05:36'),
(1071, 1015, 17, 13, 2, 154, 435, '2020-11-16 10:05:58'),
(1072, 1016, 17, 13, 2, 154, 54, '2020-11-16 10:06:18'),
(1073, 1017, 17, 13, 2, 154, 24, '2020-11-16 10:06:41'),
(1074, 1018, 17, 13, 2, 154, 300, '2020-11-16 10:06:59'),
(1075, 1019, 17, 13, 2, 154, 214, '2020-11-16 10:07:22'),
(1076, 1020, 17, 13, 2, 154, 340, '2020-11-16 10:07:43'),
(1077, 1021, 17, 13, 2, 154, 300, '2020-11-16 10:08:02'),
(1078, 1022, 17, 13, 2, 154, 190, '2020-11-16 10:08:21'),
(1079, 1023, 17, 13, 2, 154, 100, '2020-11-16 10:08:38'),
(1080, 1024, 17, 13, 2, 154, 30, '2020-11-16 10:08:57'),
(1081, 1025, 17, 13, 2, 154, 350, '2020-11-16 10:09:15'),
(1082, 1026, 17, 13, 2, 154, 150, '2020-11-16 10:09:35'),
(1083, 1027, 17, 13, 2, 154, 280, '2020-11-16 10:09:54'),
(1084, 1028, 17, 13, 2, 154, 500, '2020-11-16 10:10:11'),
(1085, 1029, 17, 13, 2, 154, 336, '2020-11-16 10:10:30'),
(1086, 1030, 17, 13, 2, 154, 960, '2020-11-16 10:10:49'),
(1087, 1031, 17, 13, 2, 154, 180, '2020-11-16 10:11:06'),
(1088, 1032, 17, 13, 2, 154, 275, '2020-11-16 10:14:17'),
(1089, 1033, 17, 13, 2, 154, 740, '2020-11-16 10:14:49'),
(1090, 1034, 17, 13, 2, 154, 300, '2020-11-16 10:15:15'),
(1091, 1035, 17, 13, 2, 154, 375, '2020-11-16 10:15:37'),
(1092, 1036, 17, 13, 2, 154, 120, '2020-11-16 10:15:57'),
(1093, 1037, 17, 13, 2, 154, 36, '2020-11-16 10:16:16'),
(1094, 1038, 17, 13, 2, 154, 85, '2020-11-16 10:16:35'),
(1095, 1039, 17, 13, 2, 154, 96, '2020-11-16 10:16:55'),
(1096, 1040, 17, 13, 2, 154, 108, '2020-11-16 10:17:13'),
(1097, 1041, 17, 13, 2, 154, 100, '2020-11-16 10:17:31'),
(1098, 1042, 17, 13, 2, 154, 92, '2020-11-16 10:17:49'),
(1099, 1043, 17, 13, 2, 154, 160, '2020-11-16 10:18:19'),
(1100, 1044, 17, 13, 2, 154, 240, '2020-11-16 10:18:41'),
(1101, 1045, 17, 13, 2, 154, 100, '2020-11-16 10:19:33'),
(1102, 1046, 17, 13, 2, 154, 285, '2020-11-16 10:19:50'),
(1103, 1047, 17, 13, 2, 154, 324, '2020-11-16 10:20:09'),
(1104, 1048, 17, 13, 2, 154, 137, '2020-11-16 10:20:27'),
(1105, 1049, 17, 13, 2, 154, 210, '2020-11-16 10:20:45'),
(1106, 1050, 17, 13, 2, 154, 300, '2020-11-16 10:21:05'),
(1107, 1051, 17, 13, 2, 154, 350, '2020-11-16 10:21:25'),
(1108, 1052, 17, 13, 2, 154, 345, '2020-11-16 10:21:49');

-- --------------------------------------------------------

--
-- Table structure for table `invoice`
--

CREATE TABLE `invoice` (
  `id` int(11) NOT NULL,
  `customer_id` int(11) NOT NULL,
  `machine_id` int(11) NOT NULL DEFAULT 0,
  `date_from` date NOT NULL,
  `date_to` date NOT NULL,
  `datetime_added` datetime NOT NULL,
  `notes` text NOT NULL,
  `status` int(1) NOT NULL DEFAULT 1,
  `ts` timestamp NOT NULL DEFAULT current_timestamp() ON UPDATE current_timestamp()
) ENGINE=InnoDB DEFAULT CHARSET=latin1;

--
-- Dumping data for table `invoice`
--

INSERT INTO `invoice` (`id`, `customer_id`, `machine_id`, `date_from`, `date_to`, `datetime_added`, `notes`, `status`, `ts`) VALUES
(18, 3, 0, '2020-06-01', '2020-07-31', '2020-08-11 12:02:00', '', 1, '2020-08-11 07:02:47'),
(25, 5, 0, '2020-06-01', '2020-07-31', '2020-08-11 12:36:00', '', 1, '2020-08-11 07:36:28'),
(28, 7, 0, '2020-06-01', '2020-07-31', '2020-08-11 13:31:00', '', 1, '2020-08-11 08:32:12'),
(30, 57, 0, '2020-06-01', '2020-07-31', '2020-08-11 13:36:00', '', 1, '2020-08-11 08:36:34'),
(31, 68, 0, '2020-06-01', '2020-07-31', '2020-08-11 13:37:00', '', 1, '2020-08-11 08:37:12'),
(33, 69, 0, '2020-05-01', '2020-07-31', '2020-08-11 13:54:00', '', 1, '2020-08-11 08:55:00'),
(36, 4, 0, '2020-05-01', '2020-05-31', '2020-08-11 14:03:00', '', 1, '2020-08-11 09:04:08'),
(37, 71, 0, '2020-05-01', '2020-05-31', '2020-08-11 14:08:00', '', 1, '2020-08-11 09:08:27'),
(39, 15, 0, '2020-05-01', '2020-07-31', '2020-08-11 14:58:00', '', 1, '2020-08-11 10:00:47'),
(40, 60, 17, '2020-06-01', '2020-07-31', '2020-08-11 15:04:00', '', 1, '2020-08-11 10:05:50'),
(41, 41, 0, '2020-06-01', '2020-07-31', '2020-08-11 15:10:00', '', 1, '2020-08-11 10:11:10'),
(42, 23, 0, '2020-06-01', '2020-07-31', '2020-08-11 15:13:00', '', 1, '2020-08-11 10:13:50'),
(46, 66, 0, '2020-06-01', '2020-07-31', '2020-08-11 15:24:00', '', 1, '2020-08-11 10:24:54'),
(47, 30, 0, '2020-06-01', '2020-07-31', '2020-08-11 15:30:00', '', 1, '2020-08-11 10:30:21'),
(48, 42, 0, '2020-06-01', '2020-07-31', '2020-08-11 15:32:00', '', 1, '2020-08-11 10:32:32'),
(49, 38, 0, '2020-06-01', '2020-07-31', '2020-08-11 15:33:00', '', 1, '2020-08-11 10:33:56'),
(50, 44, 0, '2020-06-01', '2020-07-31', '2020-08-11 15:34:00', '', 1, '2020-08-11 10:35:02'),
(51, 26, 0, '2020-06-01', '2020-07-31', '2020-08-11 15:35:00', '', 1, '2020-08-15 11:40:14'),
(53, 65, 0, '2020-06-01', '2020-07-31', '2020-08-11 15:38:00', '', 1, '2020-08-11 10:38:54'),
(54, 43, 0, '2020-06-01', '2020-07-31', '2020-08-11 15:39:00', '', 1, '2020-08-11 10:39:44'),
(55, 33, 0, '2020-06-01', '2020-07-31', '2020-08-11 15:41:00', '', 1, '2020-08-11 10:41:16'),
(56, 61, 0, '2020-06-01', '2020-07-31', '2020-08-11 15:42:00', '', 1, '2020-08-11 10:42:38'),
(57, 16, 0, '2020-06-01', '2020-07-31', '2020-08-11 15:46:00', '', 1, '2020-08-11 10:46:16'),
(58, 29, 0, '2020-06-01', '2020-07-31', '2020-08-11 15:47:00', '', 1, '2020-08-11 10:47:27'),
(59, 36, 0, '2020-06-01', '2020-07-31', '2020-08-11 15:47:00', '', 1, '2020-08-11 10:47:59'),
(61, 50, 17, '2020-06-01', '2020-07-31', '2020-08-11 15:51:00', '', 1, '2020-08-11 10:51:40'),
(62, 51, 0, '2020-06-01', '2020-07-31', '2020-08-11 15:53:00', '', 1, '2020-08-11 10:53:33'),
(63, 62, 0, '2020-06-01', '2020-07-31', '2020-08-11 15:54:00', '', 1, '2020-08-11 10:54:36'),
(65, 21, 0, '2020-06-01', '2020-07-31', '2020-08-11 15:57:00', '', 1, '2020-08-11 10:57:29'),
(66, 63, 0, '2020-06-01', '2020-07-31', '2020-08-11 15:59:00', '', 1, '2020-08-11 10:59:58'),
(67, 9, 0, '2020-06-01', '2020-07-31', '2020-08-11 16:01:00', '', 1, '2020-08-11 11:01:33'),
(68, 58, 0, '2020-06-01', '2020-07-31', '2020-08-11 16:02:00', '', 1, '2020-08-11 11:02:28'),
(69, 28, 0, '2020-06-01', '2020-07-31', '2020-08-11 16:03:00', '', 1, '2020-08-11 11:04:09'),
(71, 12, 0, '2020-06-01', '2020-07-31', '2020-08-11 16:07:00', '', 1, '2020-08-11 11:07:47'),
(72, 49, 0, '2020-06-01', '2020-07-31', '2020-08-11 16:10:00', '', 1, '2020-08-11 11:11:10'),
(73, 64, 0, '2020-06-01', '2020-07-31', '2020-08-11 16:11:00', '', 1, '2020-08-11 11:12:07'),
(74, 17, 0, '2020-06-01', '2020-07-31', '2020-08-11 16:12:00', '', 1, '2020-08-11 11:13:08'),
(75, 6, 0, '2020-06-01', '2020-07-31', '2020-08-11 16:14:00', '', 1, '2020-08-11 11:14:14'),
(76, 40, 0, '2020-06-01', '2020-07-31', '2020-08-11 16:14:00', '', 1, '2020-08-11 11:15:04'),
(77, 24, 0, '2020-05-01', '2020-07-31', '2020-08-11 16:15:00', '', 1, '2020-08-11 11:43:16'),
(84, 8, 0, '2020-06-01', '2020-07-31', '2020-08-11 16:33:00', '', 1, '2020-08-11 11:33:55'),
(85, 32, 0, '2020-06-01', '2020-07-31', '2020-08-11 16:35:00', '', 1, '2020-08-11 11:35:12'),
(86, 20, 0, '2020-06-01', '2020-07-31', '2020-08-11 16:36:00', '', 1, '2020-08-11 11:36:31'),
(88, 22, 0, '2020-06-01', '2020-07-31', '2020-08-11 16:38:00', '', 1, '2020-08-11 11:38:33'),
(89, 25, 0, '2020-06-01', '2020-07-31', '2020-08-11 16:39:00', '', 1, '2020-08-11 11:39:40'),
(90, 27, 0, '2020-06-01', '2020-07-31', '2020-08-11 16:40:00', '', 1, '2020-08-11 11:40:13'),
(91, 35, 0, '2020-06-01', '2020-07-31', '2020-08-11 16:40:00', '', 1, '2020-08-11 11:41:02'),
(92, 47, 0, '2020-06-01', '2020-07-31', '2020-08-11 16:41:00', '', 1, '2020-08-11 11:41:44'),
(99, 53, 0, '2020-06-01', '2020-07-31', '2020-08-11 17:00:00', '', 1, '2020-08-11 12:00:37'),
(105, 13, 0, '2020-06-01', '2020-07-31', '2020-08-11 17:17:00', '', 1, '2020-08-11 12:18:08'),
(108, 54, 0, '2020-06-01', '2020-07-31', '2020-08-11 17:24:00', '', 1, '2020-08-11 12:24:31'),
(109, 86, 0, '2020-06-01', '2020-08-11', '2020-08-11 17:25:00', '', 1, '2020-08-11 12:26:02'),
(110, 34, 0, '2020-06-01', '2020-08-31', '2020-08-11 17:27:00', '', 1, '2020-09-02 14:05:01'),
(116, 39, 0, '2020-06-01', '2020-08-11', '2020-08-11 17:41:00', '', 1, '2020-08-11 12:41:39'),
(118, 78, 0, '2020-06-01', '2020-07-31', '2020-08-11 17:52:00', '', 1, '2020-08-11 12:52:46'),
(120, 37, 0, '2020-06-01', '2020-07-31', '2020-08-11 17:56:00', '', 1, '2020-08-11 12:57:04'),
(123, 67, 0, '2020-06-01', '2020-07-31', '2020-08-11 18:02:00', '', 1, '2020-08-11 13:02:59'),
(125, 55, 0, '2020-06-01', '2020-07-31', '2020-08-11 18:26:00', '', 1, '2020-08-11 13:27:21'),
(129, 71, 0, '2020-06-01', '2020-07-31', '2020-08-11 18:51:00', '', 1, '2020-08-11 13:51:31'),
(130, 95, 0, '2020-08-01', '2020-08-11', '2020-08-11 18:52:00', '', 1, '2020-08-11 13:53:51'),
(131, 56, 0, '2020-06-01', '2020-07-31', '2020-08-11 18:55:00', '', 1, '2020-08-11 13:55:38'),
(132, 89, 0, '2020-08-01', '2020-08-11', '2020-08-11 18:57:00', '', 1, '2020-08-11 13:57:54'),
(133, 89, 0, '2020-06-01', '2020-08-11', '2020-08-11 18:58:00', '', 1, '2020-08-11 13:58:53'),
(134, 52, 0, '2020-06-01', '2020-07-31', '2020-08-11 19:09:00', '', 1, '2020-08-11 14:09:45'),
(135, 85, 17, '2020-08-01', '2020-08-11', '2020-08-11 19:13:00', '', 1, '2020-08-11 14:22:01'),
(136, 85, 0, '2020-06-01', '2020-08-11', '2020-08-11 19:15:00', '', 1, '2020-08-11 14:15:20'),
(137, 87, 0, '2020-06-01', '2020-08-11', '2020-08-11 19:16:00', '', 1, '2020-08-11 14:17:09'),
(138, 85, 0, '2020-06-01', '2020-07-31', '2020-08-11 19:20:00', '', 1, '2020-08-11 14:21:06'),
(139, 98, 0, '2020-08-01', '2020-08-11', '2020-08-11 19:26:00', '', 1, '2020-08-11 14:26:36'),
(140, 41, 0, '2020-06-01', '2020-08-11', '2020-08-11 20:03:00', '', 1, '2020-08-11 15:03:24'),
(141, 21, 0, '2020-04-01', '2020-07-31', '2020-07-31 18:54:00', '', 1, '2020-08-15 13:55:01'),
(144, 59, 17, '2020-05-01', '2020-07-31', '2020-08-15 20:10:00', '', 1, '2020-08-15 15:10:36'),
(148, 21, 16, '2020-06-01', '2020-08-19', '2020-08-19 20:27:00', '', 1, '2020-08-19 15:28:00'),
(151, 55, 17, '2020-08-01', '2020-08-31', '2020-09-01 20:09:00', '', 1, '2020-09-01 15:09:46'),
(153, 41, 0, '2020-08-01', '2020-08-31', '2020-09-01 21:06:00', '', 1, '2020-09-01 16:08:55'),
(154, 52, 0, '2020-08-01', '2020-08-31', '2020-09-01 21:10:00', '', 1, '2020-09-01 16:12:42'),
(155, 52, 0, '2020-08-01', '2020-08-31', '2020-09-01 21:21:00', '', 1, '2020-09-01 16:21:23'),
(156, 15, 0, '2020-08-01', '2020-08-31', '2020-09-02 16:18:00', '', 1, '2020-09-02 11:18:49'),
(157, 23, 0, '2020-08-01', '2020-08-31', '2020-09-02 16:21:00', '', 1, '2020-09-02 11:21:24'),
(159, 13, 0, '2020-08-01', '2020-08-31', '2020-09-02 16:30:00', '', 1, '2020-09-02 11:30:59'),
(160, 5, 0, '2020-08-01', '2020-08-31', '2020-09-02 16:34:00', '', 1, '2020-09-02 11:34:35'),
(161, 5, 0, '2020-08-01', '2020-08-31', '2020-09-02 16:36:00', '', 1, '2020-09-02 11:37:02'),
(162, 104, 0, '2020-08-01', '2020-08-31', '2020-09-02 16:37:00', '', 1, '2020-09-02 11:37:35'),
(163, 66, 0, '2020-08-01', '2020-08-31', '2020-09-02 16:40:00', '', 1, '2020-09-02 11:40:48'),
(164, 30, 0, '2020-08-01', '2020-08-31', '2020-09-02 16:44:00', '', 1, '2020-09-02 11:45:01'),
(165, 19, 0, '2020-08-01', '2020-08-31', '2020-09-02 16:55:00', '', 1, '2020-09-02 11:56:05'),
(166, 60, 0, '2020-08-01', '2020-08-31', '2020-09-02 16:58:00', '', 1, '2020-09-02 11:59:04'),
(167, 65, 0, '2020-08-01', '2020-08-31', '2020-09-02 17:00:00', '', 1, '2020-09-02 12:00:22'),
(168, 43, 0, '2020-08-01', '2020-08-31', '2020-09-02 17:00:00', '', 1, '2020-09-02 12:01:10'),
(169, 106, 0, '2020-08-01', '2020-08-31', '2020-09-02 17:02:00', '', 1, '2020-09-02 12:02:34'),
(170, 29, 0, '2020-08-01', '2020-08-31', '2020-09-02 17:02:00', '', 1, '2020-09-02 12:03:08'),
(171, 109, 0, '2020-08-01', '2020-08-31', '2020-09-02 17:04:00', '', 1, '2020-09-02 12:04:33'),
(172, 110, 0, '2020-08-01', '2020-08-31', '2020-09-02 17:05:00', '', 1, '2020-09-02 12:06:08'),
(173, 111, 0, '2020-08-01', '2020-08-31', '2020-09-02 17:06:00', '', 1, '2020-09-02 12:07:03'),
(174, 62, 0, '2020-08-01', '2020-08-31', '2020-09-02 17:07:00', '', 1, '2020-09-02 12:07:55'),
(175, 63, 0, '2020-08-01', '2020-08-31', '2020-09-02 17:11:00', '', 1, '2020-09-02 12:11:23'),
(176, 113, 0, '2020-08-01', '2020-08-31', '2020-09-02 17:12:00', '', 1, '2020-09-02 12:12:23'),
(177, 9, 0, '2020-08-01', '2020-08-31', '2020-09-02 17:12:00', '', 1, '2020-09-02 12:12:57'),
(178, 58, 0, '2020-08-01', '2020-08-31', '2020-09-02 17:16:00', '', 1, '2020-09-02 12:16:57'),
(179, 28, 0, '2020-08-01', '2020-08-31', '2020-09-02 17:19:00', '', 1, '2020-09-02 12:19:56'),
(180, 12, 0, '2020-08-01', '2020-08-31', '2020-09-02 17:21:00', '', 1, '2020-09-02 12:21:23'),
(181, 56, 0, '2020-08-01', '2020-08-31', '2020-09-02 17:21:00', '', 1, '2020-09-02 12:22:05'),
(182, 71, 0, '2020-08-01', '2020-08-31', '2020-09-02 17:22:00', '', 1, '2020-09-02 12:22:46'),
(183, 114, 0, '2020-08-01', '2020-08-31', '2020-09-02 17:24:00', '', 1, '2020-09-02 12:24:41'),
(184, 49, 0, '2020-08-01', '2020-08-31', '2020-09-02 17:25:00', '', 1, '2020-09-02 12:25:23'),
(185, 115, 0, '2020-08-01', '2020-08-31', '2020-09-02 17:26:00', '', 1, '2020-09-02 12:26:13'),
(186, 17, 0, '2020-08-01', '2020-08-31', '2020-09-02 17:26:00', '', 1, '2020-09-02 12:26:59'),
(187, 51, 0, '2020-08-01', '2020-08-31', '2020-09-02 17:28:00', '', 1, '2020-09-02 12:28:24'),
(188, 116, 0, '2020-08-01', '2020-08-31', '2020-09-02 17:28:00', '', 1, '2020-09-02 12:29:20'),
(189, 8, 0, '2020-08-01', '2020-08-31', '2020-09-02 17:29:00', '', 1, '2020-09-02 12:29:57'),
(190, 3, 0, '2020-08-01', '2020-08-31', '2020-09-02 17:36:00', '', 1, '2020-09-02 12:36:36'),
(191, 41, 0, '2020-08-01', '2020-08-31', '2020-09-02 17:38:00', '', 1, '2020-09-02 12:38:40'),
(192, 52, 0, '2020-08-01', '2020-08-31', '2020-09-02 17:44:00', '', 1, '2020-09-02 12:44:41'),
(193, 42, 0, '2020-08-01', '2020-08-31', '2020-09-02 17:45:00', '', 1, '2020-09-02 12:45:27'),
(194, 53, 0, '2020-08-01', '2020-08-31', '2020-09-02 17:48:00', '', 1, '2020-09-02 12:48:57'),
(195, 7, 0, '2020-08-01', '2020-08-31', '2020-09-02 17:53:00', '', 1, '2020-09-02 12:54:04'),
(196, 26, 0, '2020-08-01', '2020-08-31', '2020-09-02 17:54:00', '', 1, '2020-09-02 12:54:43'),
(197, 68, 0, '2020-08-01', '2020-08-31', '2020-09-02 17:56:00', '', 1, '2020-09-02 12:57:01'),
(198, 54, 0, '2020-08-01', '2020-08-31', '2020-09-02 17:59:00', '', 1, '2020-09-02 12:59:19'),
(199, 61, 0, '2020-08-01', '2020-08-31', '2020-09-02 18:16:00', '', 1, '2020-09-02 13:16:39'),
(200, 16, 0, '2020-08-01', '2020-08-31', '2020-09-02 18:17:00', '', 1, '2020-09-02 13:18:01'),
(201, 36, 0, '2020-08-01', '2020-08-31', '2020-09-02 18:24:00', '', 1, '2020-09-02 13:24:48'),
(202, 50, 0, '2020-08-01', '2020-08-31', '2020-09-02 18:26:00', '', 1, '2020-09-02 13:26:47'),
(204, 102, 0, '2020-08-01', '2020-08-31', '2020-09-02 18:35:00', '', 1, '2020-09-02 13:35:33'),
(205, 37, 0, '2020-08-01', '2020-08-31', '2020-09-02 18:39:00', '', 1, '2020-09-02 13:39:12'),
(206, 64, 0, '2020-08-01', '2020-08-31', '2020-09-02 18:45:00', '', 1, '2020-09-02 13:45:26'),
(207, 55, 0, '2020-08-01', '2020-08-31', '2020-09-02 18:45:00', '', 1, '2020-09-02 13:46:08'),
(208, 6, 0, '2020-08-01', '2020-08-31', '2020-09-02 18:46:00', '', 1, '2020-09-02 13:46:57'),
(209, 40, 0, '2020-08-01', '2020-08-31', '2020-09-02 18:50:00', '', 1, '2020-09-02 13:50:22'),
(210, 78, 0, '2020-08-01', '2020-08-31', '2020-09-02 18:51:00', '', 1, '2020-09-02 13:51:40'),
(211, 32, 0, '2020-08-01', '2020-08-31', '2020-09-02 18:54:00', '', 1, '2020-09-02 13:54:34'),
(212, 35, 0, '2020-08-01', '2020-08-31', '2020-09-02 18:57:00', '', 1, '2020-09-02 13:57:14'),
(215, 38, 0, '2020-08-01', '2020-08-31', '2020-09-02 19:07:00', '', 1, '2020-09-02 14:07:58'),
(216, 44, 0, '2020-08-01', '2020-08-31', '2020-09-02 19:08:00', '', 1, '2020-09-02 14:08:46'),
(217, 47, 0, '2020-08-01', '2020-08-31', '2020-09-02 19:09:00', '', 1, '2020-09-02 14:09:16'),
(218, 117, 0, '2020-08-01', '2020-08-31', '2020-09-02 19:09:00', '', 1, '2020-09-02 14:09:59'),
(219, 25, 0, '2020-08-01', '2020-08-31', '2020-09-02 19:10:00', '', 1, '2020-09-02 14:10:48'),
(220, 27, 0, '2020-08-01', '2020-08-31', '2020-09-02 19:11:00', '', 1, '2020-09-02 14:12:03'),
(221, 33, 0, '2020-08-01', '2020-08-31', '2020-09-02 19:13:00', '', 1, '2020-09-02 14:13:35'),
(224, 54, 0, '2020-08-01', '2020-08-31', '2020-09-09 20:06:00', '', 1, '2020-09-09 15:06:47'),
(226, 23, 0, '2020-08-01', '2020-08-31', '2020-09-29 13:27:00', '', 1, '2020-09-29 08:27:18'),
(233, 38, 0, '2020-09-01', '2020-09-30', '2020-10-01 17:48:00', '', 1, '2020-10-01 12:49:48'),
(234, 41, 0, '2020-09-01', '2020-09-30', '2020-10-01 17:51:00', '', 1, '2020-10-01 12:51:11'),
(235, 47, 0, '2020-09-01', '2020-09-30', '2020-10-01 17:51:00', '', 1, '2020-10-01 12:51:56'),
(236, 57, 0, '2020-09-01', '2020-09-30', '2020-10-01 17:52:00', '', 1, '2020-10-01 12:52:39'),
(237, 44, 0, '2020-09-01', '2020-09-30', '2020-10-01 17:53:00', '', 1, '2020-10-01 12:53:57'),
(243, 63, 0, '2020-09-01', '2020-09-30', '2020-10-01 18:02:00', '', 1, '2020-10-01 13:02:18'),
(249, 21, 0, '2020-08-01', '2020-08-31', '2020-08-31 10:29:00', '', 1, '2020-10-03 05:30:10'),
(251, 21, 0, '2020-09-01', '2020-09-30', '2020-09-30 10:34:00', '', 1, '2020-10-03 05:34:23'),
(253, 68, 0, '2020-09-01', '2020-09-30', '2020-09-30 10:49:00', '', 1, '2020-10-03 05:49:20'),
(260, 9, 0, '2020-09-01', '2020-09-30', '2020-09-30 11:09:00', '', 1, '2020-10-03 06:09:29'),
(261, 50, 0, '2020-09-01', '2020-09-30', '2020-09-30 11:10:00', '', 1, '2020-10-03 06:10:38'),
(263, 55, 0, '2020-09-01', '2020-09-30', '2020-09-30 11:22:00', '', 1, '2020-10-03 06:23:19'),
(264, 17, 0, '2020-08-01', '2020-09-30', '2020-09-30 11:24:00', '', 1, '2020-10-03 06:24:56'),
(266, 13, 0, '2020-09-01', '2020-09-30', '2020-09-30 11:49:00', '', 1, '2020-10-03 06:50:01'),
(268, 54, 0, '2020-09-01', '2020-09-30', '2020-09-30 12:22:00', '', 1, '2020-10-03 07:22:32'),
(269, 26, 0, '2020-09-01', '2020-09-30', '2020-09-30 12:23:00', '', 1, '2020-10-03 07:23:28'),
(271, 60, 0, '2020-09-01', '2020-09-30', '2020-09-30 12:26:00', '', 1, '2020-10-03 07:26:28'),
(272, 7, 0, '2020-09-01', '2020-09-30', '2020-09-30 12:32:00', '', 1, '2020-10-03 07:33:15'),
(273, 33, 0, '2020-09-01', '2020-09-30', '2020-09-30 12:34:00', '', 1, '2020-10-03 07:34:58'),
(274, 15, 0, '2020-09-01', '2020-09-30', '2020-09-30 12:35:00', '', 1, '2020-10-03 07:36:01'),
(275, 19, 0, '2020-09-01', '2020-09-30', '2020-09-30 12:36:00', '', 1, '2020-10-03 07:36:47'),
(276, 117, 0, '2020-09-01', '2020-09-30', '2020-09-30 12:39:00', '', 1, '2020-10-03 07:39:55'),
(277, 40, 0, '2020-09-01', '2020-09-30', '2020-09-30 12:40:00', '', 1, '2020-10-03 07:41:10'),
(278, 51, 0, '2020-09-01', '2020-09-30', '2020-09-30 12:41:00', '', 1, '2020-10-03 07:42:39'),
(279, 36, 0, '2020-09-01', '2020-09-30', '2020-09-30 12:43:00', '', 1, '2020-10-03 07:43:25'),
(280, 16, 0, '2020-09-01', '2020-09-30', '2020-09-01 12:48:00', '', 1, '2020-10-03 07:50:15'),
(281, 6, 0, '2020-09-01', '2020-09-30', '2020-09-30 12:51:00', '', 1, '2020-10-03 07:51:56'),
(282, 29, 0, '2020-09-01', '2020-09-30', '2020-09-30 12:53:00', '', 1, '2020-10-03 07:53:31'),
(283, 78, 0, '2020-09-01', '2020-09-30', '2020-09-30 12:54:00', '', 1, '2020-10-03 07:54:23'),
(284, 116, 0, '2020-09-01', '2020-09-30', '2020-09-30 12:56:00', '', 1, '2020-10-03 07:56:47'),
(285, 61, 0, '2020-09-01', '2020-09-30', '2020-09-30 12:57:00', '', 1, '2020-10-03 07:57:45'),
(286, 32, 0, '2020-09-01', '2020-09-30', '2020-09-30 12:59:00', '', 1, '2020-10-03 07:59:49'),
(287, 5, 0, '2020-09-01', '2020-09-30', '2020-09-30 13:01:00', '', 1, '2020-10-03 08:01:20'),
(288, 23, 0, '2020-09-01', '2020-09-30', '2020-09-30 13:03:00', '', 1, '2020-10-03 08:03:43'),
(289, 66, 0, '2020-09-01', '2020-09-30', '2020-09-30 13:04:00', '', 1, '2020-10-03 08:04:42'),
(290, 30, 0, '2020-09-01', '2020-09-30', '2020-09-30 13:05:00', '', 1, '2020-10-03 08:05:33'),
(291, 53, 0, '2020-09-01', '2020-09-30', '2020-09-30 13:06:00', '', 1, '2020-10-03 08:06:36'),
(292, 49, 0, '2020-09-01', '2020-09-30', '2020-09-30 13:07:00', '', 1, '2020-10-03 08:07:25'),
(293, 52, 0, '2020-09-01', '2020-09-30', '2020-09-30 13:08:00', '', 1, '2020-10-03 08:09:10'),
(294, 35, 0, '2020-09-01', '2020-09-30', '2020-09-30 13:10:00', '', 1, '2020-10-03 08:10:19'),
(295, 3, 0, '2020-09-01', '2020-09-30', '2020-09-30 13:10:00', '', 1, '2020-10-03 08:11:09'),
(296, 56, 0, '2020-09-01', '2020-09-30', '2020-09-30 13:12:00', '', 1, '2020-10-03 08:12:50'),
(297, 37, 0, '2020-09-01', '2020-09-30', '2020-09-30 13:13:00', '', 1, '2020-10-03 08:13:36'),
(298, 25, 0, '2020-09-01', '2020-09-30', '2020-09-30 13:14:00', '', 1, '2020-10-03 08:14:26'),
(299, 12, 0, '2020-09-01', '2020-09-30', '2020-09-30 13:16:00', '', 1, '2020-10-03 08:17:19'),
(300, 71, 0, '2020-09-01', '2020-09-30', '2020-09-30 13:17:00', '', 1, '2020-10-03 08:18:07'),
(301, 104, 0, '2020-09-01', '2020-09-30', '2020-09-30 13:19:00', '', 1, '2020-10-03 08:19:44'),
(302, 114, 0, '2020-09-01', '2020-09-30', '2020-09-30 13:21:00', '', 1, '2020-10-03 08:22:04'),
(303, 43, 0, '2020-09-01', '2020-09-30', '2020-09-30 13:23:00', '', 1, '2020-10-03 08:23:17'),
(304, 65, 0, '2020-09-01', '2020-09-30', '2020-09-30 13:24:00', '', 1, '2020-10-03 08:24:56'),
(305, 8, 0, '2020-09-01', '2020-09-30', '2020-09-30 13:29:00', '', 1, '2020-10-03 08:29:39'),
(306, 42, 17, '2020-09-01', '2020-09-30', '2020-09-30 13:30:00', '', 1, '2020-10-31 11:53:05'),
(307, 62, 0, '2020-09-01', '2020-09-30', '2020-09-30 13:33:00', '', 1, '2020-10-03 08:33:31'),
(308, 109, 0, '2020-09-01', '2020-09-30', '2020-09-30 13:35:00', '', 1, '2020-10-03 08:36:12'),
(309, 110, 0, '2020-09-01', '2020-09-30', '2020-09-30 13:37:00', '', 1, '2020-10-03 08:38:14'),
(310, 64, 0, '2020-09-01', '2020-09-30', '2020-09-30 13:39:00', '', 1, '2020-10-03 08:39:22'),
(311, 106, 0, '2020-09-01', '2020-09-30', '2020-09-30 13:39:00', '', 1, '2020-10-03 08:40:08'),
(312, 27, 0, '2020-09-01', '2020-09-30', '2020-09-30 13:41:00', '', 1, '2020-10-03 08:42:00'),
(313, 113, 0, '2020-09-01', '2020-09-30', '2020-09-30 14:09:00', '', 1, '2020-10-03 09:10:10'),
(314, 102, 0, '2020-09-01', '2020-09-30', '2020-09-30 14:11:00', '', 1, '2020-10-03 09:11:23'),
(315, 115, 0, '2020-09-01', '2020-09-30', '2020-09-30 14:12:00', '', 1, '2020-10-03 09:12:54'),
(316, 28, 0, '2020-09-01', '2020-09-30', '2020-09-30 14:13:00', '', 1, '2020-10-03 09:13:35'),
(317, 58, 0, '2020-09-01', '2020-09-30', '2020-09-30 14:14:00', '', 1, '2020-10-03 09:15:10'),
(318, 34, 0, '2020-09-01', '2020-09-30', '2020-09-30 14:16:00', '', 1, '2020-10-03 09:16:24'),
(319, 111, 0, '2020-09-30', '2020-09-30', '2020-09-01 14:16:00', '', 1, '2020-10-03 09:17:15'),
(320, 122, 0, '2020-09-01', '2020-09-30', '2020-09-30 14:22:00', '', 1, '2020-10-03 09:22:29'),
(321, 118, 0, '2020-09-01', '2020-09-30', '2020-09-30 14:23:00', '', 1, '2020-10-03 09:23:50'),
(322, 103, 0, '2020-09-01', '2020-09-30', '2020-09-30 14:24:00', '', 1, '2020-10-03 09:24:57'),
(323, 124, 0, '2020-09-01', '2020-09-30', '2020-09-30 14:25:00', '', 1, '2020-10-03 09:25:46'),
(324, 127, 0, '2020-09-01', '2020-09-30', '2020-09-30 14:26:00', '', 1, '2020-10-03 09:27:03'),
(325, 119, 0, '2020-09-01', '2020-09-30', '2020-09-30 14:29:00', '', 1, '2020-10-03 09:29:19'),
(326, 131, 0, '2020-09-01', '2020-09-30', '2020-09-30 14:32:00', '', 1, '2020-10-03 09:32:20'),
(327, 74, 0, '2020-09-01', '2020-09-30', '2020-09-30 14:48:00', '', 1, '2020-10-03 09:49:02'),
(328, 74, 0, '2020-09-01', '2020-09-30', '2020-09-30 14:50:00', '', 1, '2020-10-03 09:50:37'),
(330, 112, 0, '2020-09-01', '2020-09-30', '2020-09-30 16:20:00', '', 1, '2020-10-03 11:20:21'),
(331, 100, 0, '2020-09-01', '2020-09-30', '2020-09-30 14:19:00', '', 1, '2020-10-04 09:20:10'),
(335, 21, 17, '2020-10-01', '2020-10-31', '2020-10-31 15:45:00', '', 1, '2020-10-31 10:46:02'),
(336, 38, 17, '2020-10-01', '2020-10-31', '2020-10-31 16:12:00', '', 1, '2020-10-31 11:12:57'),
(337, 140, 17, '2020-10-01', '2020-10-31', '2020-10-31 16:13:00', '', 1, '2020-10-31 11:13:57'),
(338, 41, 17, '2020-10-01', '2020-10-31', '2020-10-31 16:14:00', '', 1, '2020-10-31 11:14:40'),
(339, 136, 17, '2020-10-01', '2020-10-31', '2020-10-31 16:14:00', '', 1, '2020-10-31 11:15:06'),
(340, 68, 17, '2020-10-01', '2020-10-31', '2020-10-31 16:15:00', '', 1, '2020-10-31 11:15:58'),
(341, 9, 17, '2020-10-01', '2020-10-31', '2020-10-31 16:16:00', '', 1, '2020-10-31 11:16:40'),
(342, 122, 17, '2020-10-01', '2020-10-31', '2020-10-31 16:17:00', '', 1, '2020-10-31 11:17:28'),
(343, 145, 17, '2020-10-01', '2020-10-31', '2020-10-31 16:18:00', '', 1, '2020-10-31 11:18:22'),
(345, 26, 17, '2020-10-01', '2020-10-31', '2020-10-31 16:20:00', '', 1, '2020-10-31 11:20:54'),
(346, 144, 17, '2020-10-01', '2020-10-31', '2020-10-31 16:22:00', '', 1, '2020-10-31 11:22:22'),
(347, 142, 17, '2020-10-01', '2020-10-31', '2020-10-31 16:22:00', '', 1, '2020-10-31 11:22:49'),
(348, 141, 17, '2020-10-01', '2020-10-31', '2020-10-31 16:23:00', '', 1, '2020-10-31 11:23:17'),
(349, 7, 17, '2020-10-01', '2020-10-31', '2020-10-31 16:24:00', '', 1, '2020-10-31 11:24:31'),
(350, 33, 17, '2020-10-01', '2020-10-31', '2020-10-31 16:25:00', '', 1, '2020-10-31 11:25:22'),
(351, 19, 17, '2020-10-01', '2020-10-31', '2020-10-31 16:25:00', '', 1, '2020-10-31 11:25:42'),
(352, 51, 17, '2020-10-01', '2020-10-31', '2020-10-31 16:26:00', '', 1, '2020-10-31 11:26:30'),
(353, 36, 17, '2020-10-01', '2020-10-31', '2020-10-31 16:26:00', '', 1, '2020-10-31 11:26:49'),
(354, 16, 17, '2020-10-01', '2020-10-31', '2020-10-31 16:28:00', '', 1, '2020-10-31 11:28:29'),
(355, 118, 17, '2020-10-01', '2020-10-31', '2020-10-31 16:28:00', '', 1, '2020-10-31 11:28:55'),
(356, 29, 17, '2020-10-01', '2020-10-31', '2020-10-31 16:29:00', '', 1, '2020-10-31 11:29:26'),
(357, 78, 17, '2020-10-01', '2020-10-31', '2020-10-31 16:29:00', '', 1, '2020-10-31 11:29:48'),
(359, 126, 17, '2020-10-01', '2020-10-31', '2020-10-31 16:30:00', '', 1, '2020-10-31 11:31:02'),
(360, 32, 17, '2020-10-01', '2020-10-31', '2020-10-31 16:31:00', '', 1, '2020-10-31 11:31:35'),
(361, 53, 17, '2020-10-01', '2020-10-31', '2020-10-31 16:32:00', '', 1, '2020-10-31 11:32:28'),
(362, 3, 17, '2020-10-01', '2020-10-31', '2020-10-31 16:32:00', '', 1, '2020-10-31 11:32:52'),
(363, 56, 17, '2020-10-01', '2020-10-31', '2020-10-31 16:33:00', '', 1, '2020-10-31 11:33:40'),
(364, 143, 17, '2020-10-01', '2020-10-31', '2020-10-31 16:35:00', '', 1, '2020-10-31 11:35:24'),
(365, 131, 17, '2020-10-01', '2020-10-31', '2020-10-31 16:35:00', '', 1, '2020-10-31 11:35:55'),
(366, 12, 17, '2020-10-01', '2020-10-31', '2020-10-31 16:36:00', '', 1, '2020-10-31 11:36:57'),
(367, 71, 17, '2020-10-01', '2020-10-31', '2020-10-31 16:37:00', '', 1, '2020-10-31 11:37:34'),
(368, 114, 17, '2020-10-01', '2020-10-31', '2020-10-31 16:37:00', '', 1, '2020-10-31 11:38:11'),
(369, 8, 17, '2020-10-01', '2020-10-31', '2020-10-31 16:38:00', '', 1, '2020-10-31 11:38:51'),
(370, 103, 17, '2020-10-01', '2020-10-31', '2020-10-31 16:39:00', '', 1, '2020-10-31 11:39:15'),
(371, 62, 17, '2020-10-01', '2020-10-31', '2020-10-31 16:39:00', '', 1, '2020-10-31 11:39:45'),
(372, 64, 17, '2020-10-01', '2020-10-31', '2020-10-31 16:40:00', '', 1, '2020-10-31 11:40:32'),
(374, 102, 17, '2020-10-01', '2020-10-31', '2020-10-31 16:41:00', '', 1, '2020-10-31 11:41:50'),
(375, 127, 17, '2020-10-01', '2020-10-31', '2020-10-31 16:42:00', '', 1, '2020-10-31 11:42:29'),
(376, 28, 17, '2020-10-01', '2020-10-31', '2020-10-31 16:42:00', '', 1, '2020-10-31 11:42:52'),
(377, 34, 17, '2020-10-01', '2020-10-31', '2020-10-31 16:43:00', '', 1, '2020-10-31 11:43:36'),
(378, 27, 17, '2020-10-01', '2020-10-31', '2020-10-31 16:45:00', '', 1, '2020-10-31 11:45:52'),
(384, 42, 17, '2020-10-01', '2020-10-31', '2020-10-31 17:00:00', '', 1, '2020-10-31 12:00:42'),
(386, 37, 17, '2020-10-01', '2020-10-31', '2020-10-31 17:24:00', '', 1, '2020-10-31 12:25:07'),
(387, 52, 17, '2020-10-01', '2020-10-31', '2020-10-31 17:32:00', '', 1, '2020-10-31 12:32:11'),
(388, 30, 17, '2020-10-01', '2020-10-31', '2020-10-31 17:35:00', '', 1, '2020-10-31 12:35:17'),
(389, 23, 17, '2020-10-01', '2020-10-31', '2020-10-31 17:36:00', '', 1, '2020-10-31 12:36:48'),
(390, 116, 17, '2020-10-01', '2020-10-31', '2020-10-31 17:38:00', '', 1, '2020-10-31 12:38:20'),
(392, 39, 17, '2020-10-01', '2020-10-31', '2020-10-31 17:44:00', '', 1, '2020-10-31 12:44:46'),
(394, 55, 17, '2020-10-01', '2020-10-31', '2020-10-31 17:50:00', '', 1, '2020-10-31 12:51:36'),
(395, 50, 17, '2020-10-01', '2020-10-31', '2020-10-31 17:54:00', '', 1, '2020-10-31 12:54:45'),
(396, 74, 17, '2020-10-01', '2020-10-31', '2020-10-31 17:56:00', '', 1, '2020-10-31 12:56:31'),
(397, 13, 17, '2020-10-01', '2020-10-31', '2020-10-31 18:05:00', '', 1, '2020-10-31 13:05:43'),
(398, 54, 17, '2020-10-01', '2020-10-31', '2020-10-31 18:49:00', '', 1, '2020-10-31 13:49:37'),
(399, 63, 17, '2020-10-01', '2020-10-31', '2020-10-31 19:07:00', '', 1, '2020-10-31 14:07:34'),
(400, 44, 17, '2020-10-01', '2020-10-31', '2020-10-31 19:09:00', '', 1, '2020-10-31 14:10:07'),
(401, 100, 17, '2020-10-01', '2020-10-31', '2020-10-31 19:14:00', '', 1, '2020-10-31 14:14:52'),
(402, 17, 17, '2020-10-01', '2020-10-31', '2020-10-31 19:16:00', '', 1, '2020-10-31 14:16:07'),
(403, 60, 17, '2020-10-01', '2020-10-31', '2020-10-31 19:18:00', '', 1, '2020-10-31 14:18:22'),
(404, 15, 17, '2020-10-01', '2020-10-31', '2020-10-31 19:18:00', '', 1, '2020-10-31 14:19:05'),
(405, 40, 17, '2020-10-01', '2020-10-31', '2020-10-31 19:20:00', '', 1, '2020-10-31 14:20:07'),
(406, 6, 17, '2020-10-01', '2020-10-31', '2020-10-31 19:21:00', '', 1, '2020-10-31 14:21:22'),
(407, 61, 17, '2020-10-01', '2020-10-31', '2020-10-31 19:22:00', '', 1, '2020-10-31 14:22:47'),
(408, 5, 17, '2020-10-01', '2020-10-31', '2020-10-31 19:23:00', '', 1, '2020-10-31 14:23:59'),
(409, 66, 17, '2020-10-01', '2020-10-31', '2020-10-31 19:25:00', '', 1, '2020-10-31 14:25:19'),
(410, 49, 17, '2020-10-01', '2020-10-31', '2020-10-31 19:26:00', '', 1, '2020-10-31 14:26:39'),
(411, 104, 17, '2020-10-01', '2020-10-31', '2020-10-31 19:29:00', '', 1, '2020-10-31 14:29:30'),
(412, 43, 17, '2020-10-01', '2020-10-31', '2020-10-31 19:30:00', '', 1, '2020-10-31 14:30:36'),
(413, 65, 17, '2020-10-01', '2020-10-31', '2020-10-31 19:31:00', '', 1, '2020-10-31 14:31:55'),
(414, 109, 17, '2020-10-01', '2020-10-31', '2020-10-31 19:33:00', '', 1, '2020-10-31 14:33:25'),
(415, 110, 17, '2020-10-01', '2020-10-31', '2020-10-31 19:34:00', '', 1, '2020-10-31 14:34:31'),
(416, 106, 17, '2020-10-01', '2020-10-31', '2020-10-31 19:35:00', '', 1, '2020-10-31 14:35:51'),
(417, 113, 17, '2020-10-01', '2020-10-31', '2020-10-31 19:36:00', '', 1, '2020-10-31 14:36:56'),
(418, 112, 17, '2020-10-01', '2020-10-31', '2020-10-31 19:37:00', '', 1, '2020-10-31 14:38:01'),
(419, 119, 17, '2020-10-01', '2020-10-31', '2020-10-31 19:39:00', '', 1, '2020-10-31 14:39:15'),
(420, 58, 17, '2020-10-01', '2020-10-31', '2020-10-31 19:40:00', '', 1, '2020-10-31 14:40:23'),
(421, 111, 17, '2020-10-01', '2020-10-31', '2020-10-31 19:41:00', '', 1, '2020-10-31 14:41:32'),
(422, 21, 16, '2020-10-01', '2020-10-31', '2020-10-31 19:56:00', '', 1, '2020-10-31 14:56:26'),
(423, 38, 16, '2020-10-01', '2020-10-31', '2020-11-01 20:08:00', '', 1, '2020-11-01 15:08:53'),
(424, 38, 16, '2020-10-01', '2020-10-31', '2020-11-01 20:10:00', '', 1, '2020-11-01 15:10:27'),
(425, 38, 16, '2020-10-01', '2020-10-31', '2020-10-31 20:10:00', '', 1, '2020-11-01 15:11:35'),
(426, 38, 16, '2020-10-01', '2020-10-31', '2020-10-31 20:12:00', '', 1, '2020-11-01 15:12:52'),
(427, 47, 16, '2020-10-01', '2020-10-31', '2020-10-31 20:17:00', '', 1, '2020-11-01 15:17:17'),
(428, 140, 16, '2020-10-01', '2020-10-31', '2020-10-31 20:18:00', '', 1, '2020-11-01 15:19:12'),
(429, 41, 16, '2020-10-01', '2020-10-31', '2020-11-01 20:20:00', '', 1, '2020-11-01 15:20:13'),
(430, 44, 16, '2020-10-01', '2020-10-31', '2020-11-01 20:22:00', '', 1, '2020-11-01 15:22:47'),
(431, 136, 16, '2020-10-01', '2020-10-31', '2020-11-01 20:23:00', '', 1, '2020-11-01 15:23:40'),
(432, 68, 16, '2020-10-01', '2020-10-31', '2020-11-01 20:24:00', '', 1, '2020-11-01 15:24:29'),
(433, 74, 16, '2020-10-01', '2020-10-31', '2020-11-01 20:25:00', '', 1, '2020-11-01 15:25:26'),
(434, 74, 16, '2020-10-01', '2020-10-31', '2020-10-31 20:25:00', '', 1, '2020-11-01 15:26:09'),
(435, 50, 16, '2020-10-01', '2020-10-31', '2020-10-31 20:27:00', '', 1, '2020-11-01 15:27:47'),
(436, 55, 16, '2020-10-01', '2020-10-31', '2020-10-31 20:32:00', '', 1, '2020-11-01 15:32:20'),
(437, 17, 16, '2020-10-01', '2020-10-31', '2020-10-31 20:34:00', '', 1, '2020-11-01 15:34:52'),
(438, 13, 16, '2020-10-01', '2020-10-31', '2020-10-31 20:37:00', '', 1, '2020-11-01 15:37:35'),
(439, 54, 16, '2020-10-01', '2020-10-31', '2020-10-31 20:40:00', '', 1, '2020-11-01 15:40:53'),
(440, 26, 16, '2020-10-01', '2020-10-31', '2020-10-31 20:42:00', '', 1, '2020-11-01 15:42:36'),
(441, 7, 16, '2020-10-01', '2020-10-31', '2020-10-31 20:43:00', '', 1, '2020-11-01 15:43:36'),
(442, 33, 16, '2020-10-01', '2020-10-31', '2020-10-31 20:46:00', '', 1, '2020-11-01 15:46:33'),
(443, 19, 16, '2020-10-01', '2020-10-31', '2020-10-31 20:47:00', '', 1, '2020-11-01 15:47:55'),
(444, 117, 16, '2020-10-01', '2020-10-31', '2020-10-31 20:53:00', '', 1, '2020-11-01 15:53:26'),
(445, 40, 16, '2020-10-01', '2020-10-31', '2020-10-31 20:54:00', '', 1, '2020-11-01 15:54:57'),
(446, 36, 16, '2020-10-01', '2020-10-31', '2020-10-31 20:55:00', '', 1, '2020-11-01 15:55:54'),
(447, 16, 16, '2020-10-01', '2020-10-31', '2020-10-31 20:58:00', '', 1, '2020-11-01 15:58:29'),
(448, 6, 16, '2020-10-01', '2020-10-31', '2020-10-31 20:59:00', '', 1, '2020-11-01 16:00:11'),
(449, 29, 16, '2020-10-01', '2020-10-31', '2020-10-31 21:01:00', '', 1, '2020-11-01 16:02:14'),
(450, 78, 16, '2020-10-01', '2020-10-31', '2020-10-31 21:04:00', '', 1, '2020-11-01 16:04:50'),
(451, 146, 16, '2020-10-01', '2020-10-31', '2020-10-31 21:06:00', '', 1, '2020-11-01 16:06:37'),
(452, 32, 16, '2020-10-01', '2020-10-31', '2020-10-31 21:07:00', '', 1, '2020-11-01 16:07:44'),
(453, 5, 16, '2020-10-01', '2020-10-31', '2020-10-31 21:09:00', '', 1, '2020-11-01 16:09:59'),
(454, 23, 16, '2020-10-01', '2020-10-31', '2020-10-31 21:10:00', '', 1, '2020-11-01 16:10:57'),
(455, 30, 16, '2020-10-01', '2020-10-31', '2020-10-31 21:12:00', '', 1, '2020-11-01 16:12:35'),
(456, 35, 16, '2020-10-01', '2020-10-31', '2020-10-31 21:14:00', '', 1, '2020-11-01 16:15:01'),
(457, 3, 16, '2020-10-01', '2020-10-31', '2020-10-31 21:16:00', '', 1, '2020-11-01 16:16:25'),
(458, 37, 16, '2020-10-01', '2020-10-31', '2020-10-31 21:17:00', '', 1, '2020-11-01 16:17:53'),
(459, 25, 16, '2020-10-01', '2020-10-31', '2020-10-31 21:20:00', '', 1, '2020-11-01 16:21:07'),
(460, 25, 16, '2020-11-01', '2020-11-01', '2020-11-01 21:22:00', '', 1, '2020-11-01 16:22:16'),
(461, 131, 16, '2020-10-01', '2020-10-31', '2020-10-31 21:22:00', '', 1, '2020-11-01 16:22:33'),
(462, 12, 16, '2020-10-01', '2020-10-31', '2020-10-31 21:23:00', '', 1, '2020-11-01 16:23:36'),
(463, 71, 16, '2020-10-01', '2020-10-31', '2020-10-31 21:25:00', '', 1, '2020-11-01 16:25:36'),
(464, 43, 16, '2020-10-01', '2020-10-31', '2020-10-31 21:27:00', '', 1, '2020-11-01 16:27:25'),
(465, 8, 16, '2020-10-01', '2020-10-31', '2020-10-31 21:29:00', '', 1, '2020-11-01 16:29:24'),
(466, 62, 16, '2020-10-01', '2020-10-31', '2020-10-31 21:31:00', '', 1, '2020-11-01 16:31:38'),
(468, 42, 16, '2020-10-01', '2020-10-31', '2020-10-31 21:33:00', '', 1, '2020-11-01 16:34:35'),
(469, 22, 16, '2020-10-01', '2020-10-31', '2020-10-31 21:36:00', '', 1, '2020-11-01 16:36:41'),
(470, 27, 16, '2020-10-01', '2020-10-31', '2020-10-31 21:37:00', '', 1, '2020-11-01 16:37:26'),
(471, 28, 16, '2020-10-01', '2020-10-31', '2020-10-31 21:38:00', '', 1, '2020-11-01 16:38:36'),
(472, 34, 16, '2020-10-01', '2020-10-31', '2020-10-31 21:40:00', '', 1, '2020-11-01 16:40:59'),
(473, 54, 16, '2020-10-01', '2020-10-31', '2020-10-31 22:19:00', '', 1, '2020-11-01 17:19:30'),
(474, 6, 17, '2020-10-01', '2020-10-31', '2020-10-31 14:52:00', '', 1, '2020-11-02 10:02:31'),
(475, 19, 16, '2020-10-01', '2020-10-31', '2020-10-31 14:53:00', '', 1, '2020-11-02 09:56:02'),
(476, 6, 0, '2020-10-01', '2020-10-31', '2020-10-31 17:08:00', '', 1, '2020-11-02 12:09:16'),
(477, 52, 17, '2020-10-01', '2020-10-31', '2020-10-31 13:02:00', '', 1, '2020-11-07 08:03:26'),
(480, 32, 16, '2020-10-31', '2020-11-09', '2020-11-09 12:04:00', '', 1, '2020-11-09 07:14:46'),
(481, 38, 17, '2020-11-01', '2020-11-30', '2020-11-30 17:07:00', '', 1, '2020-11-30 12:07:39'),
(482, 3, 17, '2020-11-01', '2020-11-30', '2020-11-30 17:21:00', '', 1, '2020-11-30 12:21:17'),
(483, 27, 17, '2020-11-01', '2020-11-30', '2020-11-30 17:25:00', '', 1, '2020-11-30 12:25:37'),
(484, 41, 17, '2020-11-01', '2020-11-30', '2020-11-30 17:26:00', '', 1, '2020-11-30 12:26:12'),
(485, 23, 17, '2020-11-01', '2020-11-30', '2020-11-30 17:29:00', '', 1, '2020-11-30 12:29:32'),
(486, 74, 17, '2020-11-01', '2020-11-30', '2020-11-30 17:33:00', '', 1, '2020-11-30 12:33:30'),
(487, 13, 17, '2020-11-01', '2020-11-30', '2020-11-30 17:34:00', '', 1, '2020-11-30 12:34:39'),
(488, 5, 17, '2020-11-01', '2020-11-30', '2020-11-30 17:35:00', '', 1, '2020-11-30 12:35:35'),
(489, 104, 17, '2020-11-01', '2020-11-30', '2020-11-30 17:36:00', '', 1, '2020-11-30 12:37:04'),
(490, 44, 17, '2020-11-01', '2020-11-30', '2020-11-30 17:37:00', '', 1, '2020-11-30 12:37:56'),
(491, 66, 17, '2020-11-01', '2020-11-30', '2020-11-30 17:38:00', '', 1, '2020-11-30 12:38:36'),
(492, 30, 17, '2020-11-01', '2020-11-30', '2020-11-30 17:38:00', '', 1, '2020-11-30 12:39:05'),
(493, 52, 17, '2020-11-01', '2020-11-30', '2020-11-30 17:41:00', '', 1, '2020-11-30 12:41:31'),
(494, 42, 17, '2020-11-01', '2020-11-30', '2020-11-30 17:41:00', '', 1, '2020-11-30 12:42:03'),
(495, 103, 17, '2020-11-01', '2020-11-30', '2020-11-30 17:44:00', '', 1, '2020-11-30 12:44:28'),
(496, 53, 17, '2020-11-01', '2020-11-30', '2020-11-30 17:55:00', '', 1, '2020-11-30 12:55:15'),
(497, 19, 17, '2020-11-01', '2020-11-30', '2020-11-30 17:56:00', '', 1, '2020-11-30 12:56:24'),
(498, 7, 17, '2020-11-01', '2020-11-30', '2020-11-30 17:58:00', '', 1, '2020-11-30 12:58:20'),
(501, 122, 17, '2020-11-01', '2020-11-30', '2020-11-30 18:09:00', '', 1, '2020-11-30 13:09:52'),
(502, 26, 17, '2020-11-01', '2020-11-30', '2020-11-30 18:11:00', '', 1, '2020-11-30 13:11:53'),
(503, 145, 17, '2020-11-01', '2020-11-30', '2020-11-30 18:12:00', '', 1, '2020-11-30 13:12:39'),
(504, 60, 17, '2020-11-01', '2020-11-30', '2020-11-30 18:13:00', '', 1, '2020-11-30 13:13:21'),
(505, 68, 17, '2020-11-01', '2020-11-30', '2020-11-30 18:14:00', '', 1, '2020-11-30 13:14:26'),
(506, 54, 17, '2020-11-01', '2020-11-30', '2020-11-30 18:14:00', '', 1, '2020-11-30 13:14:52'),
(507, 144, 17, '2020-11-01', '2020-11-30', '2020-11-30 18:15:00', '', 1, '2020-11-30 13:15:54'),
(508, 65, 17, '2020-11-01', '2020-11-30', '2020-11-30 18:16:00', '', 1, '2020-11-30 13:16:33'),
(509, 43, 17, '2020-11-01', '2020-11-30', '2020-11-30 18:19:00', '', 1, '2020-11-30 13:19:27'),
(510, 33, 17, '2020-11-01', '2020-11-30', '2020-11-30 18:20:00', '', 1, '2020-11-30 13:20:38'),
(511, 61, 17, '2020-11-01', '2020-11-30', '2020-11-30 18:21:00', '', 1, '2020-11-30 13:21:39'),
(512, 146, 17, '2020-11-01', '2020-11-30', '2020-11-30 18:22:00', '', 1, '2020-11-30 13:22:17'),
(513, 141, 17, '2020-11-01', '2020-11-30', '2020-11-30 18:23:00', '', 1, '2020-11-30 13:23:12'),
(514, 106, 17, '2020-11-01', '2020-11-30', '2020-11-30 18:23:00', '', 1, '2020-11-30 13:24:04'),
(515, 151, 17, '2020-11-01', '2020-11-30', '2020-11-30 18:24:00', '', 1, '2020-11-30 13:24:56'),
(516, 140, 17, '2020-11-01', '2020-11-30', '2020-11-30 18:25:00', '', 1, '2020-11-30 13:25:30'),
(517, 16, 17, '2020-11-01', '2020-11-30', '2020-11-30 18:25:00', '', 1, '2020-11-30 13:26:06'),
(518, 119, 17, '2020-11-01', '2020-11-30', '2020-11-30 18:28:00', '', 1, '2020-11-30 13:28:42'),
(519, 29, 17, '2020-11-01', '2020-11-30', '2020-11-30 18:35:00', '', 1, '2020-11-30 13:35:22'),
(520, 36, 17, '2020-11-01', '2020-11-30', '2020-11-30 18:40:00', '', 1, '2020-11-30 13:40:34'),
(521, 50, 17, '2020-11-01', '2020-11-30', '2020-11-30 18:41:00', '', 1, '2020-11-30 13:41:57'),
(522, 127, 17, '2020-11-01', '2020-11-30', '2020-11-30 18:47:00', '', 1, '2020-11-30 13:47:12'),
(523, 109, 17, '2020-11-01', '2020-11-30', '2020-11-30 18:49:00', '', 1, '2020-11-30 13:49:26'),
(524, 156, 17, '2020-11-01', '2020-11-30', '2020-11-30 18:51:00', '', 1, '2020-11-30 13:51:38'),
(526, 110, 17, '2020-11-01', '2020-11-30', '2020-11-30 18:53:00', '', 1, '2020-11-30 13:53:13'),
(527, 136, 17, '2020-11-01', '2020-11-30', '2020-11-30 18:53:00', '', 1, '2020-11-30 13:53:59'),
(528, 34, 17, '2020-11-01', '2020-11-30', '2020-11-30 18:54:00', '', 1, '2020-11-30 13:54:48'),
(529, 111, 17, '2020-11-01', '2020-11-30', '2020-11-30 18:54:00', '', 1, '2020-11-30 13:55:03'),
(530, 62, 17, '2020-11-01', '2020-11-30', '2020-11-30 18:55:00', '', 1, '2020-11-30 13:55:58'),
(531, 100, 17, '2020-11-01', '2020-11-30', '2020-11-30 18:57:00', '', 1, '2020-11-30 13:57:57'),
(532, 21, 17, '2020-11-01', '2020-11-30', '2020-11-30 18:58:00', '', 1, '2020-11-30 13:58:54'),
(533, 102, 17, '2020-11-01', '2020-11-30', '2020-11-30 19:01:00', '', 1, '2020-11-30 14:01:50'),
(534, 112, 17, '2020-11-01', '2020-11-30', '2020-11-30 19:02:00', '', 1, '2020-11-30 14:02:19'),
(535, 63, 17, '2020-11-01', '2020-11-30', '2020-11-30 19:02:00', '', 1, '2020-11-30 14:03:05'),
(536, 113, 17, '2020-11-01', '2020-11-30', '2020-11-30 19:04:00', '', 1, '2020-11-30 14:04:26'),
(537, 9, 17, '2020-11-01', '2020-11-30', '2020-11-30 19:06:00', '', 1, '2020-11-30 14:06:18'),
(538, 58, 17, '2020-11-01', '2020-11-30', '2020-11-30 19:06:00', '', 1, '2020-11-30 14:07:05'),
(539, 28, 17, '2020-11-01', '2020-11-30', '2020-11-30 19:08:00', '', 1, '2020-11-30 14:09:15'),
(540, 12, 17, '2020-11-01', '2020-11-30', '2020-11-30 19:10:00', '', 1, '2020-11-30 14:10:17'),
(541, 56, 17, '2020-11-01', '2020-11-30', '2020-11-30 19:10:00', '', 1, '2020-11-30 14:11:00'),
(542, 37, 17, '2020-11-01', '2020-11-30', '2020-11-30 19:11:00', '', 1, '2020-11-30 14:11:42'),
(543, 71, 17, '2020-11-01', '2020-11-30', '2020-11-30 19:21:00', '', 1, '2020-11-30 14:21:58'),
(544, 150, 17, '2020-11-01', '2020-11-30', '2020-11-30 19:24:00', '', 1, '2020-11-30 14:24:38'),
(545, 114, 17, '2020-11-01', '2020-11-30', '2020-11-30 19:25:00', '', 1, '2020-11-30 14:25:13'),
(546, 39, 17, '2020-11-01', '2020-11-30', '2020-11-30 19:26:00', '', 1, '2020-11-30 14:26:19'),
(547, 49, 17, '2020-11-01', '2020-11-30', '2020-11-30 19:27:00', '', 1, '2020-11-30 14:27:22'),
(548, 131, 17, '2020-11-01', '2020-11-30', '2020-11-30 19:28:00', '', 1, '2020-11-30 14:28:24'),
(549, 64, 17, '2020-11-01', '2020-11-30', '2020-11-30 19:31:00', '', 1, '2020-11-30 14:31:16'),
(550, 55, 17, '2020-11-01', '2020-11-30', '2020-11-30 19:31:00', '', 1, '2020-11-30 14:31:52'),
(551, 17, 17, '2020-11-01', '2020-11-30', '2020-11-30 19:33:00', '', 1, '2020-11-30 14:33:13'),
(552, 6, 17, '2020-11-01', '2020-11-30', '2020-11-30 19:35:00', '', 1, '2020-11-30 14:36:04'),
(553, 149, 17, '2020-11-01', '2020-11-30', '2020-11-30 19:38:00', '', 1, '2020-11-30 14:38:42'),
(554, 40, 17, '2020-11-01', '2020-11-30', '2020-11-30 19:39:00', '', 1, '2020-11-30 14:39:32'),
(555, 51, 17, '2020-11-01', '2020-11-30', '2020-11-30 19:40:00', '', 1, '2020-11-30 14:40:15'),
(557, 135, 17, '2020-11-01', '2020-11-30', '2020-11-30 19:42:00', '', 1, '2020-11-30 14:42:56'),
(558, 78, 17, '2020-11-01', '2020-11-30', '2020-11-30 19:43:00', '', 1, '2020-11-30 14:43:30'),
(559, 116, 17, '2020-11-01', '2020-11-30', '2020-11-30 19:44:00', '', 1, '2020-11-30 14:44:16'),
(560, 8, 17, '2020-11-01', '2020-11-30', '2020-11-30 19:45:00', '', 1, '2020-11-30 14:45:26'),
(561, 32, 17, '2020-11-01', '2020-11-30', '2020-11-30 19:45:00', '', 1, '2020-11-30 14:46:04'),
(562, 124, 17, '2020-11-01', '2020-11-30', '2020-11-30 19:46:00', '', 1, '2020-11-30 14:46:46'),
(563, 126, 17, '2020-11-01', '2020-11-30', '2020-11-30 19:47:00', '', 1, '2020-11-30 14:47:42'),
(564, 152, 17, '2020-11-01', '2020-11-30', '2020-11-30 19:48:00', '', 1, '2020-11-30 14:48:56'),
(565, 35, 17, '2020-11-01', '2020-11-30', '2020-11-30 19:49:00', '', 1, '2020-11-30 14:49:43'),
(566, 118, 17, '2020-11-01', '2020-11-30', '2020-11-30 20:11:00', '', 1, '2020-11-30 15:11:24'),
(567, 3, 16, '2020-11-01', '2020-11-30', '2020-11-30 19:33:00', '', 1, '2020-11-30 14:34:08'),
(568, 71, 16, '2020-11-01', '2020-11-30', '2020-11-30 19:36:00', '', 1, '2020-11-30 14:37:04'),
(569, 5, 16, '2020-11-01', '2020-11-30', '2020-11-30 19:40:00', '', 1, '2020-11-30 14:40:35'),
(570, 6, 16, '2020-11-01', '2020-11-30', '2020-11-30 19:43:00', '', 1, '2020-11-30 14:43:32'),
(571, 7, 16, '2020-11-01', '2020-11-30', '2020-11-30 19:55:00', '', 1, '2020-11-30 14:56:04'),
(572, 8, 16, '2020-11-01', '2020-11-30', '2020-11-30 19:58:00', '', 1, '2020-11-30 14:58:45'),
(573, 9, 16, '2020-11-01', '2020-11-30', '2020-11-30 20:01:00', '', 1, '2020-11-30 15:01:41'),
(574, 12, 16, '2020-11-01', '2020-11-30', '2020-11-30 20:03:00', '', 1, '2020-11-30 15:03:44'),
(575, 13, 16, '2020-11-01', '2020-11-30', '2020-11-30 20:06:00', '', 1, '2020-11-30 15:06:40'),
(576, 78, 16, '2020-11-01', '2020-11-30', '2020-11-30 20:10:00', '', 1, '2020-11-30 15:10:21'),
(577, 16, 16, '2020-11-01', '2020-11-30', '2020-11-30 20:11:00', '', 1, '2020-11-30 15:11:36'),
(578, 17, 16, '2020-11-01', '2020-11-30', '2020-11-30 20:12:00', '', 1, '2020-11-30 15:12:44'),
(579, 19, 16, '2020-11-01', '2020-11-30', '2020-11-30 20:13:00', '', 1, '2020-11-30 15:13:55'),
(580, 21, 16, '2020-11-01', '2020-11-30', '2020-11-30 20:14:00', '', 1, '2020-11-30 15:14:52'),
(581, 22, 16, '2020-11-01', '2020-11-30', '2020-11-30 06:38:00', '', 1, '2020-12-01 01:39:13'),
(582, 23, 16, '2020-11-01', '2020-11-30', '2020-11-30 06:42:00', '', 1, '2020-11-30 01:42:48'),
(583, 25, 16, '2020-11-01', '2020-11-30', '2020-11-30 06:47:00', '', 1, '2020-11-30 01:48:39'),
(584, 26, 16, '2020-11-01', '2020-11-30', '2020-11-30 06:50:00', '', 1, '2020-11-30 01:51:02'),
(585, 27, 16, '2020-11-01', '2020-11-30', '2020-11-30 06:51:00', '', 1, '2020-11-30 01:52:03'),
(586, 28, 16, '2020-11-01', '2020-11-30', '2020-11-30 06:53:00', '', 1, '2020-11-30 01:53:48'),
(587, 29, 16, '2020-11-01', '2020-11-30', '2020-11-30 06:55:00', '', 1, '2020-11-30 01:55:11'),
(588, 30, 16, '2020-11-01', '2020-11-30', '2020-11-30 06:56:00', '', 1, '2020-11-30 01:56:16'),
(589, 32, 16, '2020-11-01', '2020-11-30', '2020-11-30 06:59:00', '', 1, '2020-11-30 01:59:59'),
(590, 33, 16, '2020-11-01', '2020-11-30', '2020-11-30 07:01:00', '', 1, '2020-11-30 02:01:37'),
(591, 36, 16, '2020-11-01', '2020-11-30', '2020-11-30 07:03:00', '', 1, '2020-11-30 02:03:34'),
(592, 35, 16, '2020-11-01', '2020-11-30', '2020-11-30 07:04:00', '', 1, '2020-11-30 02:04:54'),
(593, 34, 16, '2020-11-01', '2020-11-30', '2020-11-30 07:05:00', '', 1, '2020-11-30 02:06:02'),
(594, 37, 16, '2020-11-01', '2020-11-30', '2020-11-30 07:07:00', '', 1, '2020-11-30 02:07:15'),
(595, 38, 16, '2020-11-01', '2020-11-30', '2020-11-30 07:08:00', '', 1, '2020-11-30 02:08:54'),
(596, 40, 16, '2020-11-01', '2020-11-30', '2020-11-30 07:09:00', '', 1, '2020-11-30 02:09:33'),
(597, 41, 16, '2020-11-01', '2020-11-30', '2020-11-30 07:11:00', '', 1, '2020-11-30 02:11:13'),
(598, 42, 16, '2020-11-01', '2020-11-30', '2020-11-30 07:12:00', '', 1, '2020-11-30 02:12:25'),
(599, 43, 16, '2020-11-01', '2020-11-30', '2020-11-30 07:12:00', '', 1, '2020-11-30 02:13:05'),
(600, 44, 16, '2020-11-01', '2020-11-30', '2020-11-30 07:29:00', '', 1, '2020-11-30 02:30:09'),
(601, 50, 0, '2020-11-01', '2020-11-30', '2020-11-30 07:31:00', '', 1, '2020-11-30 06:10:34'),
(602, 55, 16, '2020-11-01', '2020-11-30', '2020-11-30 23:59:00', '', 1, '2020-12-21 16:13:25'),
(603, 54, 16, '2020-11-01', '2020-11-30', '2020-11-30 12:04:00', '', 1, '2020-11-30 07:04:50'),
(604, 62, 16, '2020-11-01', '2020-11-30', '2020-11-30 12:06:00', '', 1, '2020-11-30 07:06:42'),
(605, 74, 16, '2020-11-01', '2020-11-30', '2020-11-30 12:08:00', '', 1, '2020-11-30 07:08:20'),
(606, 102, 16, '2020-11-01', '2020-11-30', '2020-11-30 12:10:00', '', 1, '2020-11-30 07:10:39'),
(607, 131, 16, '2020-11-01', '2020-11-30', '2020-11-30 12:11:00', '', 1, '2020-11-30 07:11:36'),
(608, 146, 16, '2020-11-01', '2020-11-30', '2020-11-30 12:13:00', '', 1, '2020-11-30 07:13:20'),
(609, 140, 16, '2020-11-01', '2020-11-30', '2020-11-30 12:13:00', '', 1, '2020-11-30 07:13:48'),
(610, 147, 16, '2020-11-01', '2020-11-30', '2020-11-30 12:14:00', '', 1, '2020-11-30 07:14:55'),
(611, 126, 16, '2020-11-01', '2020-11-30', '2020-11-30 12:15:00', '', 1, '2020-11-30 07:15:54'),
(612, 65, 16, '2020-11-01', '2020-11-30', '2020-11-30 12:17:00', '', 1, '2020-11-30 07:17:11'),
(613, 153, 16, '2020-11-01', '2020-11-30', '2020-11-30 12:19:00', '', 1, '2020-11-30 07:19:26'),
(614, 66, 16, '2020-11-01', '2020-11-30', '2020-11-30 12:19:00', '', 1, '2020-11-30 07:19:48'),
(615, 155, 16, '2020-11-01', '2020-11-30', '2020-11-30 12:21:00', '', 1, '2020-11-30 07:21:18'),
(616, 144, 16, '2020-11-01', '2020-11-30', '2020-11-30 12:22:00', '', 1, '2020-11-30 07:22:29'),
(617, 25, 17, '2020-11-01', '2020-11-30', '2020-11-30 20:01:00', '', 1, '2020-11-30 15:01:44'),
(618, 55, 16, '2020-09-01', '2020-11-30', '2020-12-11 13:31:00', '', 1, '2020-12-11 08:31:33'),
(619, 55, 16, '2020-09-01', '2020-11-30', '2020-12-17 14:18:00', '', 1, '2020-12-17 09:18:16'),
(620, 55, 16, '2020-09-01', '2020-11-30', '2020-12-17 14:28:00', '', 1, '2020-12-17 09:29:14'),
(621, 55, 17, '2020-11-01', '2020-11-30', '2020-12-17 14:47:00', '', 1, '2020-12-17 09:47:42');

-- --------------------------------------------------------

--
-- Table structure for table `labour`
--

CREATE TABLE `labour` (
  `id` int(11) NOT NULL,
  `name` varchar(220) NOT NULL,
  `status` int(1) NOT NULL DEFAULT 1,
  `ts` datetime NOT NULL DEFAULT current_timestamp() ON UPDATE current_timestamp()
) ENGINE=InnoDB DEFAULT CHARSET=latin1;

--
-- Dumping data for table `labour`
--

INSERT INTO `labour` (`id`, `name`, `status`, `ts`) VALUES
(1, 'AII', 1, '2020-07-28 11:49:04');

-- --------------------------------------------------------

--
-- Table structure for table `machine`
--

CREATE TABLE `machine` (
  `id` int(11) NOT NULL,
  `title` varchar(250) NOT NULL,
  `status` tinyint(1) NOT NULL DEFAULT 1,
  `ts` timestamp NOT NULL DEFAULT current_timestamp()
) ENGINE=InnoDB DEFAULT CHARSET=latin1;

--
-- Dumping data for table `machine`
--

INSERT INTO `machine` (`id`, `title`, `status`, `ts`) VALUES
(16, 'TAHA MUZAHIR', 1, '2020-07-28 18:45:51'),
(17, 'MSS', 1, '2020-07-28 18:45:59');

-- --------------------------------------------------------

--
-- Table structure for table `menu`
--

CREATE TABLE `menu` (
  `id` int(11) NOT NULL,
  `title` varchar(100) NOT NULL,
  `url` varchar(100) NOT NULL,
  `parent_id` int(11) NOT NULL,
  `depth` int(1) NOT NULL,
  `sortorder` int(11) NOT NULL,
  `icon` varchar(200) NOT NULL,
  `small_icon` varchar(200) CHARACTER SET latin1 NOT NULL
) ENGINE=MyISAM DEFAULT CHARSET=utf8;

--
-- Dumping data for table `menu`
--

INSERT INTO `menu` (`id`, `title`, `url`, `parent_id`, `depth`, `sortorder`, `icon`, `small_icon`) VALUES
(1, 'Dashboard', '#', 0, 0, 1, 'dashboard.png', 'home'),
(68, 'Bangles Setting', '#', 0, 0, 6, 'bengles.jpg', 'magnet'),
(69, 'Color', 'color_manage.php', 68, 1, 7, 'color.png', 'circle'),
(8, 'Manage Users', 'admin_manage.php', 1, 1, 4, 'administrator.png', 'user'),
(7, 'General Settings', 'config_manage.php?config_id=1', 1, 1, 2, 'general-settings.png', 'cog'),
(12, 'Upload Center', 'upload_manage.php', 1, 1, 3, 'upload-center.png', 'file-o'),
(22, 'Reports', '#', 0, 0, 24, 'reports.png', 'line-chart'),
(24, 'General Journal', 'report_manage.php?tab=general_journal', 22, 1, 23, 'general-journal.png', 'th-large'),
(26, 'Manage User Types', 'admin_type_manage.php', 1, 1, 5, 'admin-type.png', 'unlock-alt'),
(30, 'Accounts', '#', 0, 0, 19, 'accounts.jpg', 'suitcase'),
(28, 'Manage Expenses', 'expense_manage.php', 30, 1, 14, 'manage-expense.png', 'car'),
(32, 'Manage Transactions', 'transaction_manage.php', 30, 1, 21, 'transaction.png', 'money'),
(35, 'Manage Accounts', 'account_manage.php', 30, 1, 10, 'manage-accounts.png', 'balance-scale'),
(40, 'Expense Category', 'expense_category_manage.php', 30, 1, 13, 'expense-category.png', 'server'),
(74, 'Incoming', 'incoming_manage.php', 78, 1, 13, 'incoming.png', 'rub'),
(75, 'Washing', 'washing_manage.php', 78, 1, 14, 'washing.png', 'eraser'),
(76, 'Delivery', 'delivery_manage.php', 78, 1, 15, 'delivery.png', 'yelp'),
(53, 'Balance Sheet', 'report_manage.php?tab=balance_sheet', 22, 1, 24, 'balance-sheet.png', '500px'),
(54, 'Income Report', 'report_manage.php?tab=income', 22, 1, 25, 'income-report.png', 'backward'),
(73, 'Labour', 'labour_manage.php', 68, 1, 12, 'labour.png', 'male'),
(70, 'Size', 'size_manage.php', 68, 1, 8, 'size.png', 'exchange'),
(71, 'Design', 'design_manage.php', 68, 1, 9, 'design.png', 'empire'),
(72, 'Customer', 'customer_manage.php', 30, 1, 11, 'customer.png', 'male'),
(77, 'Customer Payment', 'customer_payment_manage.php', 30, 1, 12, 'customer-payment.png', 'random'),
(78, 'Bangles Manufacturing', '#', 0, 0, 7, 'bengles-manufacturing.jpg', 'map-signs'),
(79, 'Employees', '#', 0, 0, 18, 'employees.png', 'male'),
(80, 'Manage Employee', 'employee_manage.php', 79, 1, 27, 'manage-employee.png', 'user'),
(84, 'Employee Payment', 'employee_payment_manage.php', 79, 1, 30, 'employee-payment.png', 'archive'),
(82, 'Stock Report', 'report_manage.php?tab=stock_report', 22, 1, 28, 'stock-report.png', 'cogs'),
(83, 'Machine', 'machine_manage.php', 68, 1, 30, 'machine.png', 'magnet'),
(85, 'Employee Salary', 'employee_salary_manage.php', 79, 1, 31, 'employee-salary.png', 'anchor'),
(86, 'Manage Invoice', 'invoice_manage.php', 30, 1, 32, 'manage-invoice.png', 'balance-scale');

-- --------------------------------------------------------

--
-- Table structure for table `menu_2_admin_type`
--

CREATE TABLE `menu_2_admin_type` (
  `menu_id` int(11) NOT NULL,
  `admin_type_id` int(11) NOT NULL
) ENGINE=InnoDB DEFAULT CHARSET=utf8mb4;

--
-- Dumping data for table `menu_2_admin_type`
--

INSERT INTO `menu_2_admin_type` (`menu_id`, `admin_type_id`) VALUES
(1, 1),
(2, 1),
(3, 1),
(4, 1),
(4, 3),
(4, 4),
(5, 1),
(5, 3),
(6, 1),
(7, 1),
(8, 1),
(9, 1),
(12, 1),
(14, 1),
(14, 3),
(15, 1),
(15, 3),
(16, 1),
(16, 3),
(17, 1),
(17, 3),
(18, 1),
(18, 3),
(19, 1),
(20, 1),
(21, 1),
(21, 3),
(22, 1),
(22, 3),
(23, 1),
(24, 1),
(24, 3),
(25, 1),
(26, 1),
(27, 1),
(27, 3),
(28, 1),
(28, 3),
(29, 1),
(29, 3),
(30, 1),
(30, 3),
(31, 1),
(32, 1),
(32, 3),
(33, 1),
(33, 3),
(34, 1),
(34, 3),
(35, 1),
(36, 1),
(37, 1),
(38, 1),
(39, 1),
(40, 1),
(41, 1),
(41, 3),
(42, 1),
(43, 1),
(44, 1),
(45, 1),
(46, 1),
(47, 1),
(48, 1),
(49, 1),
(50, 1),
(51, 1),
(52, 1),
(53, 1),
(54, 1),
(55, 1),
(56, 1),
(57, 1),
(58, 1),
(58, 3),
(59, 1),
(59, 3),
(60, 1),
(60, 3),
(61, 1),
(61, 3),
(62, 1),
(62, 3),
(63, 1),
(63, 3),
(64, 1),
(64, 3),
(65, 1),
(65, 3),
(66, 1),
(66, 3),
(67, 1),
(67, 3),
(68, 1),
(69, 1),
(70, 1),
(71, 1),
(72, 1),
(73, 1),
(74, 1),
(75, 1),
(76, 1),
(77, 1),
(78, 1),
(79, 1),
(80, 1),
(81, 1),
(82, 1),
(83, 1),
(84, 1),
(85, 1),
(86, 1);

-- --------------------------------------------------------

--
-- Table structure for table `scheduled_transaction`
--

CREATE TABLE `scheduled_transaction` (
  `id` int(11) NOT NULL,
  `type` int(1) NOT NULL,
  `schedule` int(11) NOT NULL,
  `day_number` int(11) NOT NULL,
  `project_id` int(11) NOT NULL,
  `account_id` int(11) NOT NULL,
  `reference_id` int(1) NOT NULL DEFAULT 0,
  `datetime_added` datetime NOT NULL,
  `amount` decimal(10,2) NOT NULL,
  `details` text NOT NULL,
  `lastrun` int(11) NOT NULL,
  `nextrun` int(11) NOT NULL,
  `added_by` int(11) NOT NULL,
  `status` int(11) NOT NULL DEFAULT 1,
  `ts` timestamp NOT NULL DEFAULT current_timestamp() ON UPDATE current_timestamp()
) ENGINE=InnoDB DEFAULT CHARSET=latin1;

-- --------------------------------------------------------

--
-- Table structure for table `size`
--

CREATE TABLE `size` (
  `id` int(11) NOT NULL,
  `title` varchar(100) NOT NULL,
  `title_urdu` varchar(300) NOT NULL,
  `sortorder` int(11) NOT NULL,
  `status` int(1) NOT NULL DEFAULT 1,
  `ts` timestamp NOT NULL DEFAULT current_timestamp() ON UPDATE current_timestamp()
) ENGINE=InnoDB DEFAULT CHARSET=latin1;

--
-- Dumping data for table `size`
--

INSERT INTO `size` (`id`, `title`, `title_urdu`, `sortorder`, `status`, `ts`) VALUES
(1, '2=', '', 2, 1, '2020-02-19 15:04:36'),
(2, '21', '21', 1, 1, '2020-02-19 15:04:27'),
(3, '2', '', 3, 1, '2020-02-19 15:04:44'),
(4, '21=', '', 4, 1, '2020-02-19 15:06:05'),
(5, '111=', '', 5, 1, '2020-02-19 15:06:11'),
(6, '111', '', 6, 1, '2020-02-18 16:17:40'),
(7, '11', '', 8, 1, '2020-02-19 15:06:56'),
(8, '1=', '', 9, 1, '2020-02-19 15:07:05'),
(9, '1', '', 10, 1, '2020-02-19 15:07:12'),
(10, '11=', '', 7, 1, '2020-02-19 15:06:45');

-- --------------------------------------------------------

--
-- Table structure for table `transaction`
--

CREATE TABLE `transaction` (
  `id` int(11) NOT NULL,
  `account_id` int(11) NOT NULL,
  `reference_id` int(1) NOT NULL DEFAULT 0,
  `datetime_added` datetime NOT NULL,
  `amount` decimal(10,2) NOT NULL,
  `details` text NOT NULL,
  `added_by` int(11) NOT NULL,
  `status` int(11) NOT NULL DEFAULT 1,
  `ts` timestamp NOT NULL DEFAULT current_timestamp() ON UPDATE current_timestamp()
) ENGINE=InnoDB DEFAULT CHARSET=latin1;

-- --------------------------------------------------------

--
-- Table structure for table `uploads`
--

CREATE TABLE `uploads` (
  `id` int(11) NOT NULL,
  `filename` varchar(200) NOT NULL,
  `filelocation` varchar(200) NOT NULL
) ENGINE=MyISAM DEFAULT CHARSET=utf8;

--
-- Dumping data for table `uploads`
--

INSERT INTO `uploads` (`id`, `filename`, `filelocation`) VALUES
(1, 'my file', 'my-file.xlsx');

-- --------------------------------------------------------

--
-- Table structure for table `washing`
--

CREATE TABLE `washing` (
  `id` int(11) NOT NULL,
  `date` date NOT NULL,
  `customer_id` int(11) NOT NULL,
  `status` int(1) NOT NULL DEFAULT 1,
  `ts` timestamp NOT NULL DEFAULT current_timestamp() ON UPDATE current_timestamp()
) ENGINE=InnoDB DEFAULT CHARSET=latin1;

-- --------------------------------------------------------

--
-- Table structure for table `washing_items`
--

CREATE TABLE `washing_items` (
  `id` int(11) NOT NULL,
  `washing_id` int(11) NOT NULL,
  `color_id` int(11) NOT NULL,
  `size_id` int(11) NOT NULL,
  `design_id` int(11) NOT NULL,
  `quantity` int(11) NOT NULL,
  `ts` timestamp NOT NULL DEFAULT current_timestamp() ON UPDATE current_timestamp()
) ENGINE=InnoDB DEFAULT CHARSET=latin1;

--
-- Indexes for dumped tables
--

--
-- Indexes for table `account`
--
ALTER TABLE `account`
  ADD PRIMARY KEY (`id`);

--
-- Indexes for table `admin`
--
ALTER TABLE `admin`
  ADD PRIMARY KEY (`id`);

--
-- Indexes for table `admin_type`
--
ALTER TABLE `admin_type`
  ADD PRIMARY KEY (`id`);

--
-- Indexes for table `color`
--
ALTER TABLE `color`
  ADD PRIMARY KEY (`id`);

--
-- Indexes for table `config_type`
--
ALTER TABLE `config_type`
  ADD PRIMARY KEY (`id`);

--
-- Indexes for table `config_variable`
--
ALTER TABLE `config_variable`
  ADD PRIMARY KEY (`id`);

--
-- Indexes for table `customer`
--
ALTER TABLE `customer`
  ADD PRIMARY KEY (`id`);

--
-- Indexes for table `customer_payment`
--
ALTER TABLE `customer_payment`
  ADD PRIMARY KEY (`id`);

--
-- Indexes for table `delivery`
--
ALTER TABLE `delivery`
  ADD PRIMARY KEY (`id`);

--
-- Indexes for table `delivery_items`
--
ALTER TABLE `delivery_items`
  ADD PRIMARY KEY (`id`);

--
-- Indexes for table `design`
--
ALTER TABLE `design`
  ADD PRIMARY KEY (`id`);

--
-- Indexes for table `employees`
--
ALTER TABLE `employees`
  ADD PRIMARY KEY (`id`);

--
-- Indexes for table `employee_attendance`
--
ALTER TABLE `employee_attendance`
  ADD PRIMARY KEY (`id`);

--
-- Indexes for table `employee_payment`
--
ALTER TABLE `employee_payment`
  ADD PRIMARY KEY (`id`);

--
-- Indexes for table `employee_salary`
--
ALTER TABLE `employee_salary`
  ADD PRIMARY KEY (`id`);

--
-- Indexes for table `expense`
--
ALTER TABLE `expense`
  ADD PRIMARY KEY (`id`);

--
-- Indexes for table `expense_category`
--
ALTER TABLE `expense_category`
  ADD PRIMARY KEY (`id`);

--
-- Indexes for table `incoming`
--
ALTER TABLE `incoming`
  ADD PRIMARY KEY (`id`);

--
-- Indexes for table `incoming_items`
--
ALTER TABLE `incoming_items`
  ADD PRIMARY KEY (`id`);

--
-- Indexes for table `invoice`
--
ALTER TABLE `invoice`
  ADD PRIMARY KEY (`id`);

--
-- Indexes for table `labour`
--
ALTER TABLE `labour`
  ADD PRIMARY KEY (`id`);

--
-- Indexes for table `machine`
--
ALTER TABLE `machine`
  ADD PRIMARY KEY (`id`);

--
-- Indexes for table `menu`
--
ALTER TABLE `menu`
  ADD PRIMARY KEY (`id`);

--
-- Indexes for table `menu_2_admin_type`
--
ALTER TABLE `menu_2_admin_type`
  ADD PRIMARY KEY (`menu_id`,`admin_type_id`);

--
-- Indexes for table `scheduled_transaction`
--
ALTER TABLE `scheduled_transaction`
  ADD PRIMARY KEY (`id`);

--
-- Indexes for table `size`
--
ALTER TABLE `size`
  ADD PRIMARY KEY (`id`);

--
-- Indexes for table `transaction`
--
ALTER TABLE `transaction`
  ADD PRIMARY KEY (`id`);

--
-- Indexes for table `uploads`
--
ALTER TABLE `uploads`
  ADD PRIMARY KEY (`id`);

--
-- Indexes for table `washing`
--
ALTER TABLE `washing`
  ADD PRIMARY KEY (`id`);

--
-- Indexes for table `washing_items`
--
ALTER TABLE `washing_items`
  ADD PRIMARY KEY (`id`);

--
-- AUTO_INCREMENT for dumped tables
--

--
-- AUTO_INCREMENT for table `account`
--
ALTER TABLE `account`
  MODIFY `id` int(11) NOT NULL AUTO_INCREMENT, AUTO_INCREMENT=9;

--
-- AUTO_INCREMENT for table `admin`
--
ALTER TABLE `admin`
  MODIFY `id` int(11) NOT NULL AUTO_INCREMENT, AUTO_INCREMENT=28;

--
-- AUTO_INCREMENT for table `admin_type`
--
ALTER TABLE `admin_type`
  MODIFY `id` int(11) NOT NULL AUTO_INCREMENT, AUTO_INCREMENT=4;

--
-- AUTO_INCREMENT for table `color`
--
ALTER TABLE `color`
  MODIFY `id` int(11) NOT NULL AUTO_INCREMENT, AUTO_INCREMENT=37;

--
-- AUTO_INCREMENT for table `config_type`
--
ALTER TABLE `config_type`
  MODIFY `id` int(11) NOT NULL AUTO_INCREMENT, AUTO_INCREMENT=10;

--
-- AUTO_INCREMENT for table `config_variable`
--
ALTER TABLE `config_variable`
  MODIFY `id` int(11) NOT NULL AUTO_INCREMENT, AUTO_INCREMENT=23;

--
-- AUTO_INCREMENT for table `customer`
--
ALTER TABLE `customer`
  MODIFY `id` int(11) NOT NULL AUTO_INCREMENT, AUTO_INCREMENT=158;

--
-- AUTO_INCREMENT for table `customer_payment`
--
ALTER TABLE `customer_payment`
  MODIFY `id` int(11) NOT NULL AUTO_INCREMENT, AUTO_INCREMENT=1500;

--
-- AUTO_INCREMENT for table `delivery`
--
ALTER TABLE `delivery`
  MODIFY `id` int(11) NOT NULL AUTO_INCREMENT, AUTO_INCREMENT=917;

--
-- AUTO_INCREMENT for table `delivery_items`
--
ALTER TABLE `delivery_items`
  MODIFY `id` int(11) NOT NULL AUTO_INCREMENT, AUTO_INCREMENT=1080;

--
-- AUTO_INCREMENT for table `design`
--
ALTER TABLE `design`
  MODIFY `id` int(11) NOT NULL AUTO_INCREMENT, AUTO_INCREMENT=158;

--
-- AUTO_INCREMENT for table `employees`
--
ALTER TABLE `employees`
  MODIFY `id` int(11) NOT NULL AUTO_INCREMENT;

--
-- AUTO_INCREMENT for table `employee_attendance`
--
ALTER TABLE `employee_attendance`
  MODIFY `id` int(11) NOT NULL AUTO_INCREMENT;

--
-- AUTO_INCREMENT for table `employee_payment`
--
ALTER TABLE `employee_payment`
  MODIFY `id` int(11) NOT NULL AUTO_INCREMENT;

--
-- AUTO_INCREMENT for table `employee_salary`
--
ALTER TABLE `employee_salary`
  MODIFY `id` int(11) NOT NULL AUTO_INCREMENT;

--
-- AUTO_INCREMENT for table `expense`
--
ALTER TABLE `expense`
  MODIFY `id` int(11) NOT NULL AUTO_INCREMENT, AUTO_INCREMENT=440;

--
-- AUTO_INCREMENT for table `expense_category`
--
ALTER TABLE `expense_category`
  MODIFY `id` int(11) NOT NULL AUTO_INCREMENT, AUTO_INCREMENT=121;

--
-- AUTO_INCREMENT for table `incoming`
--
ALTER TABLE `incoming`
  MODIFY `id` int(11) NOT NULL AUTO_INCREMENT, AUTO_INCREMENT=1053;

--
-- AUTO_INCREMENT for table `incoming_items`
--
ALTER TABLE `incoming_items`
  MODIFY `id` int(11) NOT NULL AUTO_INCREMENT, AUTO_INCREMENT=1109;

--
-- AUTO_INCREMENT for table `invoice`
--
ALTER TABLE `invoice`
  MODIFY `id` int(11) NOT NULL AUTO_INCREMENT, AUTO_INCREMENT=622;

--
-- AUTO_INCREMENT for table `labour`
--
ALTER TABLE `labour`
  MODIFY `id` int(11) NOT NULL AUTO_INCREMENT, AUTO_INCREMENT=2;

--
-- AUTO_INCREMENT for table `machine`
--
ALTER TABLE `machine`
  MODIFY `id` int(11) NOT NULL AUTO_INCREMENT, AUTO_INCREMENT=18;

--
-- AUTO_INCREMENT for table `menu`
--
ALTER TABLE `menu`
  MODIFY `id` int(11) NOT NULL AUTO_INCREMENT, AUTO_INCREMENT=87;

--
-- AUTO_INCREMENT for table `scheduled_transaction`
--
ALTER TABLE `scheduled_transaction`
  MODIFY `id` int(11) NOT NULL AUTO_INCREMENT;

--
-- AUTO_INCREMENT for table `size`
--
ALTER TABLE `size`
  MODIFY `id` int(11) NOT NULL AUTO_INCREMENT, AUTO_INCREMENT=11;

--
-- AUTO_INCREMENT for table `transaction`
--
ALTER TABLE `transaction`
  MODIFY `id` int(11) NOT NULL AUTO_INCREMENT;

--
-- AUTO_INCREMENT for table `uploads`
--
ALTER TABLE `uploads`
  MODIFY `id` int(11) NOT NULL AUTO_INCREMENT, AUTO_INCREMENT=2;

--
-- AUTO_INCREMENT for table `washing`
--
ALTER TABLE `washing`
  MODIFY `id` int(11) NOT NULL AUTO_INCREMENT;

--
-- AUTO_INCREMENT for table `washing_items`
--
ALTER TABLE `washing_items`
  MODIFY `id` int(11) NOT NULL AUTO_INCREMENT;
COMMIT;

/*!40101 SET CHARACTER_SET_CLIENT=@OLD_CHARACTER_SET_CLIENT */;
/*!40101 SET CHARACTER_SET_RESULTS=@OLD_CHARACTER_SET_RESULTS */;
/*!40101 SET COLLATION_CONNECTION=@OLD_COLLATION_CONNECTION */;
