-- phpMyAdmin SQL Dump
-- version 5.0.4
-- https://www.phpmyadmin.net/
--
-- Host: 127.0.0.1
-- Generation Time: Feb 27, 2021 at 07:01 PM
-- Server version: 10.4.17-MariaDB
-- PHP Version: 7.3.25

SET SQL_MODE = "NO_AUTO_VALUE_ON_ZERO";
START TRANSACTION;
SET time_zone = "+00:00";


/*!40101 SET @OLD_CHARACTER_SET_CLIENT=@@CHARACTER_SET_CLIENT */;
/*!40101 SET @OLD_CHARACTER_SET_RESULTS=@@CHARACTER_SET_RESULTS */;
/*!40101 SET @OLD_COLLATION_CONNECTION=@@COLLATION_CONNECTION */;
/*!40101 SET NAMES utf8mb4 */;

--
-- Database: `bengles`
--

-- --------------------------------------------------------

--
-- Table structure for table `account`
--

CREATE TABLE `account` (
  `id` int(11) NOT NULL,
  `title` varchar(50) NOT NULL,
  `title_urdu` varchar(1000) CHARACTER SET utf8mb4 NOT NULL,
  `type` int(11) NOT NULL,
  `description` varchar(1000) DEFAULT NULL,
  `balance` decimal(10,2) NOT NULL,
  `is_petty_cash` int(1) NOT NULL DEFAULT 0,
  `status` int(11) NOT NULL DEFAULT 1,
  `ts` timestamp NOT NULL DEFAULT current_timestamp() ON UPDATE current_timestamp()
) ENGINE=InnoDB DEFAULT CHARSET=latin1;

-- --------------------------------------------------------

--
-- Table structure for table `admin`
--

CREATE TABLE `admin` (
  `id` int(11) NOT NULL,
  `admin_type_id` int(11) NOT NULL,
  `username` varchar(200) NOT NULL,
  `email` varchar(200) NOT NULL,
  `name` varchar(200) NOT NULL,
  `monthly_salary` decimal(10,2) NOT NULL,
  `password` varchar(200) NOT NULL,
  `status` int(11) NOT NULL DEFAULT 1,
  `ts` timestamp NOT NULL DEFAULT current_timestamp() ON UPDATE current_timestamp()
) ENGINE=MyISAM DEFAULT CHARSET=utf8;

--
-- Dumping data for table `admin`
--

INSERT INTO `admin` (`id`, `admin_type_id`, `username`, `email`, `name`, `monthly_salary`, `password`, `status`, `ts`) VALUES
(1, 1, 'admin', 'vickyali2@hotmail.com', 'Admin', '0.00', 'admin', 1, '2020-02-01 10:09:12');

-- --------------------------------------------------------

--
-- Table structure for table `admin_type`
--

CREATE TABLE `admin_type` (
  `id` int(11) NOT NULL,
  `title` varchar(200) NOT NULL,
  `can_add` int(1) NOT NULL DEFAULT 0,
  `can_edit` int(1) NOT NULL DEFAULT 0,
  `can_delete` int(1) NOT NULL DEFAULT 0,
  `can_read` int(1) NOT NULL DEFAULT 0,
  `status` int(1) NOT NULL DEFAULT 1,
  `ts` timestamp NULL DEFAULT current_timestamp() ON UPDATE current_timestamp()
) ENGINE=InnoDB DEFAULT CHARSET=utf8mb4;

--
-- Dumping data for table `admin_type`
--

INSERT INTO `admin_type` (`id`, `title`, `can_add`, `can_edit`, `can_delete`, `can_read`, `status`, `ts`) VALUES
(1, 'Administrator', 1, 1, 1, 1, 1, '2017-02-27 12:10:38'),
(3, 'Employee', 0, 0, 0, 1, 1, '2017-12-30 22:56:51');

-- --------------------------------------------------------

--
-- Table structure for table `color`
--

CREATE TABLE `color` (
  `id` int(11) NOT NULL,
  `title` varchar(100) NOT NULL,
  `title_urdu` varchar(1000) CHARACTER SET utf8mb4 NOT NULL,
  `sortorder` int(11) NOT NULL,
  `rate` decimal(10,2) NOT NULL,
  `status` int(1) NOT NULL DEFAULT 1,
  `ts` timestamp NOT NULL DEFAULT current_timestamp() ON UPDATE current_timestamp()
) ENGINE=InnoDB DEFAULT CHARSET=latin1;

--
-- Dumping data for table `color`
--

INSERT INTO `color` (`id`, `title`, `title_urdu`, `sortorder`, `rate`, `status`, `ts`) VALUES
(13, 'GOLDEN', 'گولڈن', 0, '105.00', 0, '2021-02-08 06:24:38'),
(14, 'GOLDEN', 'گولڈن', 0, '135.00', 1, '2021-02-13 18:10:50'),
(15, 'MOTIA', ' موتیا', 0, '50.00', 0, '2021-02-08 06:24:38'),
(16, ' SILVER', ' سلور', 0, '50.00', 1, '2021-02-13 18:10:50'),
(37, 'GOLDEN', 'گولڈن', 0, '80.00', 0, '2021-02-08 06:24:38'),
(38, 'GOLDEN', 'گولڈن', 0, '180.00', 0, '2021-02-08 06:24:38'),
(39, 'GOLDEN', 'گولڈن', 0, '160.00', 1, '2021-02-20 17:47:29'),
(40, 'GOLDEN', 'گولڈن', 0, '220.00', 1, '2021-02-13 18:10:50'),
(41, 'SILVER', ' سلور', 0, '120.00', 0, '2021-02-08 06:24:39'),
(42, 'GOLDEN', 'گولڈن', 0, '240.00', 1, '2021-02-13 18:10:51'),
(43, 'GOLDEN', 'گولڈن', 0, '200.00', 1, '2021-02-13 18:10:51'),
(44, 'SILVER', ' سلور', 0, '100.00', 1, '2021-02-13 18:10:51'),
(45, 'SILVER', ' سلور', 0, '25.00', 0, '2021-02-08 06:24:39'),
(46, 'GOLDEN', 'گولڈن', 0, '60.00', 0, '2021-02-08 06:24:39'),
(47, 'GOLDEN', 'گولڈن', 0, '50.00', 1, '2021-02-20 12:52:53'),
(48, 'GOLDEN', 'گولڈن', 0, '120.00', 1, '2021-02-13 18:10:51'),
(49, 'GOLDEN', 'گولڈن', 0, '250.00', 1, '2021-02-13 18:10:51'),
(50, 'SILVER', ' سلور', 0, '100.00', 0, '2021-02-08 06:24:39'),
(51, 'GOLDEN', 'گولڈن', 0, '210.00', 0, '2021-02-08 06:24:39'),
(52, 'GOLDEN', 'گولڈن', 0, '40.00', 0, '2021-02-08 06:24:39'),
(53, 'GOLDEN', 'گولڈن', 0, '35.00', 0, '2021-02-08 06:24:39'),
(54, 'GOLDEN', 'گولڈن', 0, '68.00', 0, '2021-02-08 06:24:39'),
(55, 'GOLDEN', 'گولڈن', 0, '90.00', 0, '2021-02-08 06:24:39'),
(56, 'GOLDEN', 'گولڈن', 0, '65.00', 0, '2021-02-08 06:24:39'),
(57, 'GOLDEN', 'گولڈن', 0, '70.00', 1, '2021-02-20 13:57:24'),
(58, 'GOLDEN', 'گولڈن', 0, '110.00', 0, '2021-02-08 06:57:57'),
(59, 'GOLDEN', 'گولڈن', 0, '155.00', 0, '2021-02-08 06:57:57'),
(60, 'NILL', 'NILL', 0, '0.00', 0, '2021-02-08 06:57:57'),
(61, 'COPPER', 'COPPER', 0, '100.00', 0, '2021-02-08 06:57:58'),
(62, 'CLAIM', 'CLAIM', 0, '0.00', 0, '2021-02-08 06:57:58'),
(63, 'SADA RETURN', 'SADARETURN', 0, '0.00', 0, '2021-02-13 18:09:33'),
(64, 'GOLDEN', 'گولڈن', 0, '100.00', 1, '2021-02-13 18:10:51'),
(65, 'GOLDEN', 'گولڈن', 0, '150.00', 0, '2021-02-08 06:57:58'),
(66, 'GOLDEN', 'گولڈن', 0, '130.00', 1, '2021-02-13 18:10:51'),
(67, 'GOLDEN', 'گولڈن', 0, '123.00', 0, '2021-02-08 06:57:58'),
(68, 'GOLDEN', 'گولڈن', 0, '93.00', 0, '2021-02-08 06:57:58'),
(69, 'GOLDEN', 'گولڈن', 0, '130.00', 0, '2021-02-08 06:57:58'),
(70, 'SILVER', ' سلور', 0, '130.00', 0, '2021-02-13 18:09:34');

-- --------------------------------------------------------

--
-- Table structure for table `config_type`
--

CREATE TABLE `config_type` (
  `id` int(11) NOT NULL,
  `title` varchar(200) NOT NULL,
  `sortorder` int(11) NOT NULL
) ENGINE=MyISAM DEFAULT CHARSET=utf8;

--
-- Dumping data for table `config_type`
--

INSERT INTO `config_type` (`id`, `title`, `sortorder`) VALUES
(1, 'General Settings', 1),
(9, 'Invoice Setting', 2);

-- --------------------------------------------------------

--
-- Table structure for table `config_variable`
--

CREATE TABLE `config_variable` (
  `id` int(11) NOT NULL,
  `config_type_id` int(11) NOT NULL,
  `title` varchar(512) NOT NULL,
  `notes` varchar(512) NOT NULL,
  `type` varchar(200) NOT NULL,
  `default_values` text NOT NULL,
  `key` varchar(200) NOT NULL,
  `value` text NOT NULL,
  `sortorder` int(11) NOT NULL
) ENGINE=MyISAM DEFAULT CHARSET=utf8;

--
-- Dumping data for table `config_variable`
--

INSERT INTO `config_variable` (`id`, `config_type_id`, `title`, `notes`, `type`, `default_values`, `key`, `value`, `sortorder`) VALUES
(1, 1, 'Site URL', '', 'text', '', 'site_url', 'http://localhost/', 2),
(2, 1, 'Site Title', '', 'text', '', 'site_title', ' ENTERPRISES', 1),
(3, 1, 'Admin Logo', '', 'file', '', 'admin_logo', '', 4),
(10, 1, 'Currency Symbol', '', 'text', '', 'currency_symbol', 'Rs', 5),
(7, 1, 'Admin Email', 'Main Email Address where all the notifications will be sent.', 'text', '', 'admin_email', '', 3),
(18, 1, 'Address/Phone', '', 'editor', '', 'address_phone', '<!DOCTYPE html>\r\n<html>\r\n<head>\r\n</head>\r\n<body>\r\n\r\n</body>\r\n</html>', 6),
(19, 1, 'Header', '', 'editor', '', 'fees_chalan_header', '<!DOCTYPE html>\r\n<html>\r\n<head>\r\n</head>\r\n<body>\r\n<h1>&nbsp;ENTERPRISES</h1>\r\n</body>\r\n</html>', 7),
(21, 9, 'Supplier Detail', '', 'editor', '', 'supplier_detail', '<!DOCTYPE html>\r\n<html>\r\n<head>\r\n</head>\r\n<body>\r\n\r\n</body>\r\n</html>', 8),
(22, 1, 'Customer ID', '', 'text', '', 'customer_id', '3', 9);

-- --------------------------------------------------------

--
-- Table structure for table `customer`
--

CREATE TABLE `customer` (
  `id` int(11) NOT NULL,
  `customer_name` varchar(100) NOT NULL,
  `customer_name_urdu` varchar(1000) CHARACTER SET utf8mb4 NOT NULL,
  `phone` varchar(20) NOT NULL,
  `address` text NOT NULL,
  `balance` int(11) NOT NULL,
  `machine_id` int(11) NOT NULL DEFAULT 0,
  `sortorder` int(11) NOT NULL,
  `status` int(1) NOT NULL DEFAULT 1,
  `ts` timestamp NOT NULL DEFAULT current_timestamp() ON UPDATE current_timestamp()
) ENGINE=InnoDB DEFAULT CHARSET=latin1;

--
-- Dumping data for table `customer`
--

INSERT INTO `customer` (`id`, `customer_name`, `customer_name_urdu`, `phone`, `address`, `balance`, `machine_id`, `sortorder`, `status`, `ts`) VALUES
(1, 'AL NASEMA', '  النسیمہ  بینگل اسٹور', '', '', 746445, 0, 0, 1, '2021-01-20 07:12:42'),
(2, 'QAZI AKRAM', 'قاضی  اکرم  بینگل اسٹور', '', '', 2458605, 0, 0, 1, '2021-01-21 21:31:13'),
(3, 'MADNI ZAM ZAM', 'مدنی زمزم بینگل اسٹور', '', '', 1401785, 0, 0, 1, '2021-01-21 21:54:08'),
(4, 'FAIZAN MEMONA', 'فیضان میمونہ بینگل اسٹور', '', '', 1733630, 0, 0, 1, '2021-01-21 22:14:53'),
(5, 'RAFIQ MALIK', 'رفیق ملک بینگل اسٹور', '', '', 1155495, 0, 0, 1, '2021-01-22 03:01:05'),
(6, 'AJ AZHAR ', 'اے جے اظہر بینگل اسٹور', '', '', 1383128, 0, 0, 1, '2021-01-22 03:15:21'),
(7, 'LAL QALANDAR', 'لال قلندر بینگل اسٹور', '', '', 1856750, 0, 0, 1, '2021-01-22 03:30:57'),
(8, 'MZ DANISH', 'ایم زیڈ دانش بینگل اسٹور', '', '', 1053435, 0, 0, 1, '2021-01-22 03:51:55'),
(9, 'NAJED MIRZA', 'نجید مرزا بینگل اسٹور', '', '', 2050827, 0, 0, 1, '2021-01-22 04:17:10'),
(10, 'IRSHAD ZAHID FAHEM', 'ارشاد زاہد فہیم بینگل اسٹور', '', '', 1186510, 0, 0, 1, '2021-01-22 04:56:50'),
(11, 'HASAN ZAHER', 'حسن ظہیر بینگل اسٹور', '', '', 2043315, 0, 0, 1, '2021-01-22 05:11:29'),
(12, 'AL NOOR RASHID', 'النور راشد  بینگل اسٹور', '', '', 591145, 0, 0, 1, '2021-01-22 07:03:15'),
(13, 'SAJJAD BROTHERS', 'سجاد برادرز بینگل اسٹور', '', '', 295875, 0, 0, 1, '2021-01-22 07:12:39'),
(14, 'ABULHASAN', 'ابولحسن بینگل اسٹور', '', '', 326775, 0, 0, 1, '2021-01-25 16:42:58'),
(15, 'GOLDEN JUBLIEE', 'گولڈن جوبلی    بینگل اسٹور', '', '', 213005, 0, 0, 1, '2021-01-22 07:50:12'),
(16, 'ZUBAIR JUNAID', 'زبیر جنید بینگل اسٹور', '', '', 628980, 0, 0, 1, '2021-01-22 09:51:20'),
(17, 'AZEM FAHEM', 'عظیم  فہیم  بینگل اسٹور', '', '', 286500, 0, 0, 1, '2021-01-22 10:17:14'),
(18, 'MAHNOOR', 'ماہ نور بینگل اسٹور', '', '', 462615, 0, 0, 1, '2021-01-22 10:20:15'),
(19, 'ALI EBAD', 'علی عباد  بینگل اسٹور', '', '', 318375, 0, 0, 1, '2021-01-22 10:28:11'),
(20, 'REHAN FARHAN', 'ریحان فرحان بینگل اسٹور', '', '', 470500, 0, 0, 1, '2021-01-22 10:58:07'),
(21, 'KANCH MEHAL AZHAR', 'کانچ محل بینگل اسٹور', '', '', 330816, 0, 0, 1, '2021-02-14 14:34:59'),
(22, 'FAZL E RABI', 'فضل ربی     بینگل اسٹور', '', '', 205760, 0, 0, 1, '2021-01-22 12:56:16'),
(23, 'NADEM QADRI', 'ندیم قادری بینگل اسٹور', '', '', 208450, 0, 0, 1, '2021-01-22 13:04:17'),
(24, 'FAHAD JUNAID', 'فہد جنید  بینگل اسٹور', '', '', 1452940, 0, 0, 1, '2021-01-22 13:55:28'),
(25, 'SHAHID QURESHI', 'شاہد قریشی بینگل اسٹور', '', '', 124585, 0, 0, 1, '2021-01-22 14:15:47'),
(26, 'FAROOQ AFSHEN', 'فاروق افشین بینگل اسٹور', '', '', 236075, 0, 0, 1, '2021-01-22 14:27:35'),
(27, 'ARIF ASIF', 'عارف آصف  بینگل اسٹور', '', '', 238500, 0, 0, 1, '2021-01-22 14:36:53'),
(28, 'MAHEEN REHAN', 'ماہین بینگل اسٹور', '', '', 229500, 0, 0, 1, '2021-01-22 14:43:01'),
(29, 'ZUBAIR MUSHTAQ', 'زبیر مشتاق  بینگل اسٹور', '', '', 78135, 0, 0, 1, '2021-01-23 01:38:00'),
(30, 'RAHEL MUSHTAQ', 'راحیل مشتاق بینگل اسٹور', '', '', 298400, 0, 0, 1, '2021-01-23 02:29:26'),
(31, 'UNIQUE WAQAR', 'یونیک وقار   بینگل اسٹور', '', '', 437355, 0, 0, 1, '2021-01-23 05:45:37'),
(32, 'FALAK STAR', 'فلک اسٹار بینگل اسٹور', '', '', 319575, 0, 0, 1, '2021-01-28 04:33:40'),
(33, 'HAJI FARHAN', 'حاجی   فرحان بینگل اسٹور', '', '', 768355, 0, 0, 1, '2021-01-28 02:02:15'),
(34, 'FAROOQ NOOR', 'فاروق نور بینگل اسٹور', '', '', 264220, 0, 0, 1, '2021-01-28 02:57:05'),
(35, 'DUBAI', 'دبئی  بینگل اسٹور', '', '', 639025, 0, 0, 1, '2021-01-28 04:45:33'),
(36, 'SEVEN STAR', 'سیون اسٹار بینگل اسٹور', '', '', 407960, 0, 0, 1, '2021-01-28 01:20:32'),
(37, 'ZIAUDIN', 'ضیاء الدین بینگل اسٹور', '', '', 639995, 0, 0, 1, '2021-01-28 05:00:00'),
(38, 'ARIF CHANDA', 'عارف چندہ  بینگل اسٹور', '', '', 407170, 0, 0, 1, '2021-01-28 02:43:21'),
(39, 'UZMA', 'عظمی بینگل اسٹور', '', '', 0, 0, 0, 1, '2021-01-20 07:04:01'),
(40, 'PRIME', 'پرائم بینگل اسٹور', '', '', 178120, 0, 0, 1, '2021-01-28 02:27:26'),
(41, 'ZAHID KHALID', 'زاہد خالد بینگل اسٹور', '', '', 216025, 0, 0, 1, '2021-01-28 02:22:17'),
(42, 'HADI HASAN', 'ہادی حسن   بینگل اسٹور', '', '', 174610, 0, 0, 1, '2021-01-28 01:54:06'),
(43, 'HINA NAEEM', 'حنا نعیم بینگل اسٹور', '', '', 375530, 0, 0, 1, '2021-01-28 01:11:37'),
(44, 'JUNAID RUBAB', 'جنید رباب بینگل اسٹور', '', '', 221000, 0, 0, 1, '2021-01-28 02:36:35'),
(45, 'MUSKURAHAT', 'مسکراہٹ بینگل اسٹور', '', '', 0, 0, 0, 1, '2021-01-20 06:53:29'),
(46, 'ADNAN KAMRAN', 'عدنان کامران  بینگل اسٹور', '', '', 354500, 0, 0, 1, '2021-01-27 12:39:28'),
(47, 'ASIF INSHA', 'آصف انشاء  بینگل اسٹور', '', '', 331275, 0, 0, 1, '2021-01-28 00:51:27'),
(48, 'IRFAN ASHRAF', 'عرفان اشرف بینگل اسٹور', '', '', 239535, 0, 0, 1, '2021-01-27 02:08:34'),
(49, 'NEHAL SHAH', 'نہال   شاہ بینگل اسٹور', '', '', 722910, 0, 0, 1, '2021-01-28 01:01:19'),
(50, 'M NADEM JUNAID', 'ایم ندیم جنید بینگل اسٹور', '', '', 182135, 0, 0, 1, '2021-01-28 00:30:35'),
(51, 'EMAN AMIMA', 'ایمان عمائمہ بینگل اسٹور', '', '', 52500, 0, 0, 1, '2021-01-27 02:16:17'),
(52, 'NAWAB', 'نواب بینگل اسٹور', '', '', 0, 0, 0, 1, '2021-01-20 06:57:17'),
(53, 'HAMAD FAIZA NOOR', 'حماد فائزہ نور  بینگل اسٹور', '', '', 44000, 0, 0, 1, '2021-01-27 15:11:48'),
(55, 'INTIZAR ARIF', 'انتظار عارف بینگل اسٹور', '', '', 31500, 0, 0, 1, '2021-01-27 15:05:52'),
(57, 'SALMAN MUKHTIYAR', 'سلمان مختیار بینگل اسٹور', '', '', 0, 0, 0, 1, '2021-01-20 07:02:35'),
(58, 'NOMAN HASAN', 'نعمان حسن  بینگل اسٹور', '', '', 0, 0, 0, 1, '2021-01-20 06:58:59'),
(59, 'ARIF AZIZ', 'عارف عزیز  بینگل اسٹور', '', '', 0, 0, 0, 1, '2021-01-20 06:37:23'),
(60, 'HAMZA BILAL', 'حمزہ بلال بینگل اسٹور', '', '', 0, 0, 0, 1, '2021-01-20 06:47:48'),
(61, 'RIYAZ ALFATIMA', 'ریاض الفاطمہ بینگل اسٹور', '', '', 192350, 0, 0, 1, '2021-01-27 12:26:31'),
(62, 'NIMRA DANYAL', 'نمرہ دانیال  بینگل اسٹور', '', '', 0, 0, 0, 1, '2021-01-20 06:58:32'),
(63, 'IMRAN IQBAL', 'عمران اقبال بینگل اسٹور', '', '', 0, 0, 0, 1, '2021-01-20 06:48:43'),
(64, 'KAMALUDIN', 'کمال الدین بینگل اسٹور', '', '', 0, 0, 0, 1, '2021-01-20 06:50:31'),
(65, 'BAB E ZAFAR', 'باب ظفر  بینگل اسٹور', '', '', 0, 0, 0, 1, '2021-01-20 07:13:34'),
(66, 'SHAHID HIRA', 'شاہد حرا بینگل اسٹور', '', '', 0, 0, 0, 1, '2021-01-20 07:16:48'),
(67, 'AKHTAR INSHA', 'اختر انشاء  بینگل اسٹور', '', '', 0, 0, 0, 1, '2021-01-20 06:35:26'),
(68, 'MAJID SALAM MIA', 'ماجد سلام میاں بینگل اسٹور', '', '', 0, 0, 0, 1, '2021-01-20 07:16:03'),
(69, 'AHSAN ISHRAT', 'احسن عشرت  بینگل اسٹور', '', '', 0, 0, 0, 1, '2021-01-20 06:34:38'),
(70, 'AL MOIN', 'المعین  بینگل اسٹور', '', '', 2400, 0, 0, 1, '2021-02-14 14:38:54'),
(71, 'SALMAN', 'سلمان بینگل اسٹور', '', '', 0, 0, 0, 1, '2021-01-20 07:02:16'),
(72, 'ZAINAB NAZ', 'زینب ناز بینگل اسٹور', '', '', 0, 0, 0, 1, '2021-01-20 07:04:38'),
(73, 'FAIZAN HANEF', 'فیضان حنیف بینگل اسٹور', '', '', 0, 0, 0, 1, '2021-01-20 06:41:57'),
(75, 'SHAHRUKH', 'شاہ رخ بینگل اسٹور', '', '', 0, 0, 0, 1, '2021-01-20 07:03:41'),
(76, 'FAIZAN ADNAN', 'فیضان عدنان بینگل اسٹور', '', '', 0, 0, 0, 1, '2021-01-20 06:41:40'),
(77, 'FAYAZ AHMAD', 'فیاض احمد بینگل اسٹور', '', '', 0, 0, 0, 1, '2021-01-27 13:10:59'),
(78, 'ADIL YAMEN', 'عادل یامین  بینگل اسٹور', '', '', 105520, 0, 0, 1, '2021-01-20 06:36:34'),
(79, 'EBAD OMAR', 'عباد عمر  بینگل اسٹور', '', '', 422256, 0, 0, 1, '2021-02-14 13:27:33'),
(80, 'NADEM SIKANDAR', 'ندیم سکندر بینگل اسٹور', '', '', 56900, 0, 0, 1, '2021-01-20 06:54:28'),
(81, 'CHAMAN', 'چمن  بینگل اسٹور', '', '', 85160, 0, 0, 1, '2021-01-20 06:40:17'),
(82, 'AJAZ KHALID', 'اعجاز خالد  بینگل اسٹور', '', '', 0, 0, 0, 1, '2021-01-20 06:35:06'),
(83, 'FAHIM SP', 'فہیم ایس پی  بینگل اسٹور', '', '', 0, 0, 0, 1, '2021-01-20 06:41:21'),
(84, 'ERUM ISLAM', 'ارم اسلام بینگل اسٹور', '', '', 0, 0, 0, 1, '2021-01-20 07:15:01'),
(85, 'JALWA ', 'جلوہ بینگل اسٹور', '', '', 3310805, 0, 0, 1, '2021-01-21 20:31:14'),
(86, 'NADEEM ADNAN', 'ندیم عدنان بینگل اسٹور', '', '', 1881520, 0, 0, 1, '2021-01-21 21:49:17'),
(87, 'MUZAHIR', 'مظاھر السلام     بینگل اسٹور', '', '', 1483445, 0, 0, 1, '2021-01-25 13:47:25'),
(88, 'ADIL', 'عادل بینگل اسٹور', '', '', 79350, 0, 0, 1, '2021-01-25 13:42:25'),
(89, 'HAJI ATHAR', 'حاجی اطہر بینگل اسٹور', '', '', 44175, 0, 0, 1, '2021-01-25 13:45:25'),
(90, 'ALAM', 'عالم بینگل اسٹور', '', '', 60600, 0, 0, 1, '2021-01-25 13:43:28'),
(91, 'BOMBAY', 'بمبئی    بینگل اسٹور', '', '', 31500, 0, 0, 1, '2021-01-25 13:44:13'),
(92, 'SHARAFAT', ' شرافت     بینگل اسٹور', '', '', 94185, 0, 0, 1, '2021-01-25 13:48:00'),
(93, 'IKRAM YOUSUF', 'اکرام یوسف بینگل اسٹور', '', '', 366100, 0, 0, 1, '2021-01-25 13:46:52'),
(94, 'FAHIM PAYAL', 'فھیم پائل   بینگل اسٹور', '', '', 13705, 0, 0, 1, '2021-01-25 13:44:57'),
(95, 'MEQAT ANWAR', 'میقات انور بینگل اسٹور', '', '', 9135, 0, 0, 1, '2021-01-31 10:13:22'),
(96, 'AYAZ FARED', 'ایاز فرید   بینگل اسٹور', '', '', 130500, 0, 0, 1, '2021-01-30 18:22:40'),
(97, 'SUPER KASHISH', '  سپر کشش بینگل اسٹور', '', '', 125000, 0, 0, 1, '2021-01-31 10:18:54'),
(98, 'HASAN', 'حسن   بینگل اسٹور', '', '', 7500, 0, 0, 1, '2021-01-30 18:18:30'),
(99, 'AMIR CHANDNI', 'عامر چاندنی    بینگل اسٹور', '', '', 9150, 0, 0, 1, '2021-01-30 18:21:51'),
(100, 'M AQEEL', 'ایم عقیل بینگل اسٹور', '', '', 52500, 0, 0, 1, '2021-01-31 10:12:51'),
(101, 'WASI BHAI', 'وصی بھائی بینگل اسٹور', '', '', 75000, 0, 0, 1, '2021-01-31 10:19:49'),
(102, 'AL NAWAB', '  النواب   بینگل اسٹور', '', '', 132500, 0, 0, 1, '2021-01-30 18:20:51'),
(103, 'ISRAR', 'اسرار بینگل اسٹور', '', '', 6650, 0, 0, 1, '2021-01-31 10:12:24'),
(104, 'ISHTIYAQ (CHOTY BHAI)', 'اشتیاق چھوٹے بھائی', '', '', 0, 0, 0, 1, '2021-01-31 10:12:00'),
(105, 'TABISH', 'تابش بینگل اسٹور', '', '', 10000, 0, 0, 1, '2021-01-31 10:19:25'),
(106, 'IMRAN ALI', 'عمران علی بینگل اسٹور', '', '', 4000, 0, 0, 1, '2021-01-31 10:11:24'),
(107, 'HASNAIN', 'حسنین بینگل اسٹور', '', '', 0, 0, 0, 1, '2021-01-31 10:10:54'),
(108, 'SUNDAS', 'سندس بینگل اسٹور', '', '', 573000, 0, 0, 1, '2021-01-31 10:17:40'),
(109, 'NASIR CHAND', 'ناصر چاند بینگل ', '', '', 16010, 0, 0, 1, '2021-01-31 10:14:57'),
(110, 'HASAN LUQMAN', 'حسن لقمان بینگل اسٹور', '', '', 0, 0, 0, 1, '2021-01-31 10:10:21'),
(111, 'SARWER', 'سرور بینگل اسٹور', '', '', 471575, 0, 0, 1, '2021-01-31 10:17:13'),
(112, 'SALEM MIRZA', 'سلیم مرزا بینگل اسٹور', '', '', 100000, 0, 0, 1, '2021-01-31 10:16:43'),
(113, 'QAMAR', 'قمر بینگل اسٹور', '', '', 0, 0, 0, 1, '2021-01-31 10:15:26'),
(114, 'DOSTI', 'دوستی      بینگل اسٹور  ', '', '', 0, 0, 0, 1, '2021-01-30 18:17:29'),
(115, 'ABID BHATI', 'عابد بٹھی             بینگل اسٹور', '', '', 0, 0, 0, 1, '2021-01-30 18:20:22'),
(116, 'MUNNA KHALID BHAI', 'منا خالد بھائی', '', '', 0, 0, 0, 1, '2021-01-31 10:14:22'),
(117, 'MUNEB HASHMI-ASGAR', 'اصغر  منیب ہاشمی', '', '', 0, 0, 0, 1, '2021-01-31 10:13:55'),
(118, 'HAJI NISAR', 'حاجی نثار     بینگل اسٹور', '', '', 0, 0, 0, 1, '2021-01-31 10:04:17'),
(119, 'RAMEEZ', 'رمیز سیفی بینگل اسٹور', '', '', 0, 0, 0, 1, '2021-01-31 10:15:52'),
(120, 'MUSHTAQ KARACHI', 'مشتاق کراچی ', '', '', 0, 0, 0, 1, '2021-01-30 10:36:45'),
(121, 'FARHANA ALEEM', 'فرحانہ علیم    بینگل اسٹور', '', '', 0, 0, 0, 1, '2021-01-31 19:31:11'),
(122, 'ASGHAR BHAI', 'ASGHAR BHAI  ', '', '', 14090, 0, 0, 1, '2021-02-22 17:20:47'),
(123, 'MUSA TOUSEF', 'مو سی توصیف بینگل', '', '', 0, 0, 0, 1, '2021-01-31 08:04:32'),
(124, 'FAYAZ CASH', 'فیاض نقد ', '', '', 0, 0, 0, 1, '2021-02-14 14:10:44'),
(125, 'FAYAZ KANCH MEHAL', 'فیاض کانچ محل', '', '', 8400, 0, 0, 1, '2021-02-14 14:28:41'),
(127, 'SALEH MAJID', ' صالع ماجد     بینگل اسٹور', '', '', 0, 0, 0, 1, '2021-02-17 16:13:26'),
(128, 'NAVEED SHAREF', 'نوید شریف  بینگل اسٹور', '', '', 0, 0, 0, 1, '2021-02-20 12:10:14'),
(129, 'MAJID ASIA', 'ماجد ایشیا   بینگل اسٹور', '', '', 0, 0, 0, 1, '2021-02-20 12:45:21'),
(130, 'RAEES #', 'ر  ئیس  بینگل اسٹور', '', '', 0, 0, 0, 1, '2021-02-20 16:54:59'),
(131, 'SHAKEL TOHFA', 'شکیل تہحفہ     بینگل اسٹور', '', '', 0, 0, 0, 1, '2021-02-20 17:37:31'),
(132, 'ARZOO', ' آرزو    بینگل اسٹور', '', '', 0, 0, 0, 1, '2021-02-22 17:09:22'),
(133, 'SADIQ SHOKAT', 'صادق شوکت   بینگل اسٹور', '', '', 0, 0, 0, 1, '2021-02-22 17:11:44');

-- --------------------------------------------------------

--
-- Table structure for table `customer_payment`
--

CREATE TABLE `customer_payment` (
  `id` int(11) NOT NULL,
  `customer_id` int(11) NOT NULL,
  `machine_id` int(11) NOT NULL DEFAULT 0,
  `datetime_added` datetime NOT NULL,
  `amount` decimal(10,2) NOT NULL,
  `discount` decimal(10,2) NOT NULL,
  `account_id` int(11) NOT NULL,
  `details` varchar(1000) CHARACTER SET utf8 NOT NULL,
  `claim` int(11) NOT NULL,
  `status` int(1) NOT NULL DEFAULT 1,
  `ts` timestamp NOT NULL DEFAULT current_timestamp() ON UPDATE current_timestamp()
) ENGINE=InnoDB DEFAULT CHARSET=latin1;

--
-- Dumping data for table `customer_payment`
--

INSERT INTO `customer_payment` (`id`, `customer_id`, `machine_id`, `datetime_added`, `amount`, `discount`, `account_id`, `details`, `claim`, `status`, `ts`) VALUES
(1, 1, 0, '2020-06-11 15:08:00', '200000.00', '0.00', 0, 'جمع', 0, 1, '2021-01-20 07:28:45'),
(2, 1, 0, '2020-06-15 15:11:00', '30000.00', '0.00', 0, 'جمع', 0, 1, '2021-01-20 07:28:40'),
(3, 1, 0, '2020-07-11 15:12:00', '50000.00', '0.00', 0, 'جمع', 0, 1, '2021-01-20 07:28:34'),
(4, 1, 0, '2020-07-27 15:12:00', '50000.00', '0.00', 0, 'جمع', 0, 1, '2021-01-20 07:28:29'),
(6, 1, 0, '2020-08-27 15:22:00', '100000.00', '0.00', 0, 'جمع', 0, 1, '2021-01-20 07:28:23'),
(8, 1, 0, '2020-09-16 15:27:00', '30000.00', '0.00', 0, 'جمع', 0, 1, '2021-01-20 07:28:17'),
(9, 1, 0, '2020-09-24 15:27:00', '50000.00', '0.00', 0, 'جمع', 0, 1, '2021-01-20 07:28:12'),
(11, 1, 0, '2020-10-08 15:28:00', '20000.00', '0.00', 0, 'جمع', 0, 1, '2021-01-20 07:28:05'),
(12, 1, 0, '2020-10-15 15:29:00', '50000.00', '0.00', 0, 'جمع', 0, 1, '2021-01-20 07:26:11'),
(16, 1, 0, '2020-11-30 15:36:00', '0.00', '1300.00', 0, 'LOSS TOREY نقصان', 0, 1, '2021-01-20 07:29:56'),
(20, 85, 0, '2020-06-10 01:32:00', '500000.00', '0.00', 0, '', 0, 1, '2021-01-21 20:33:21'),
(21, 85, 0, '2020-06-15 01:33:00', '300000.00', '0.00', 0, '', 0, 1, '2021-01-21 20:34:13'),
(22, 85, 0, '2020-06-18 01:34:00', '200000.00', '0.00', 0, '', 0, 1, '2021-01-21 20:34:38'),
(23, 85, 0, '2020-06-24 01:34:00', '100000.00', '0.00', 0, '', 0, 1, '2021-01-21 20:34:53'),
(24, 85, 0, '2020-07-07 01:34:00', '400000.00', '0.00', 0, '', 0, 1, '2021-01-21 20:35:13'),
(25, 85, 0, '2020-07-29 01:35:00', '500000.00', '0.00', 0, '', 0, 1, '2021-01-21 20:35:30'),
(26, 85, 0, '2020-07-30 01:35:00', '400000.00', '0.00', 0, '', 0, 1, '2021-01-21 20:35:49'),
(27, 85, 0, '2020-09-03 01:35:00', '300000.00', '0.00', 0, '', 0, 1, '2021-01-21 20:36:09'),
(28, 85, 0, '2020-10-04 01:38:00', '0.00', '610805.00', 0, 'VIRUS', 0, 1, '2021-01-21 20:38:53'),
(30, 85, 0, '2020-10-22 01:43:00', '0.00', '23610.00', 0, 'DISCOUNT', 0, 1, '2021-01-21 20:47:24'),
(31, 85, 0, '2020-10-30 01:45:00', '150000.00', '0.00', 0, '', 0, 1, '2021-01-21 20:45:51'),
(38, 2, 0, '2020-06-03 02:32:00', '500000.00', '0.00', 0, '', 0, 1, '2021-01-21 21:33:08'),
(39, 2, 0, '2020-06-20 02:33:00', '100000.00', '0.00', 0, '', 0, 1, '2021-01-21 21:34:04'),
(40, 2, 0, '2020-06-22 02:34:00', '100000.00', '0.00', 0, '', 0, 1, '2021-01-21 21:34:19'),
(41, 2, 0, '2020-06-25 02:34:00', '200000.00', '0.00', 0, '', 0, 1, '2021-01-21 21:34:35'),
(42, 2, 0, '2020-06-30 02:34:00', '200000.00', '0.00', 0, '', 0, 1, '2021-01-21 21:34:53'),
(43, 2, 0, '2020-06-30 02:35:00', '0.00', '38000.00', 0, 'RF', 0, 1, '2021-01-21 21:35:59'),
(44, 2, 0, '2020-06-30 02:36:00', '0.00', '32500.00', 0, 'CLAIM', 0, 1, '2021-01-21 21:36:30'),
(45, 2, 0, '2020-07-02 02:36:00', '50000.00', '0.00', 0, '', 0, 1, '2021-01-21 21:36:59'),
(46, 2, 0, '2020-07-03 02:37:00', '0.00', '25200.00', 0, 'CLAIM', 0, 1, '2021-01-21 21:37:45'),
(47, 2, 0, '2020-08-08 02:37:00', '500000.00', '0.00', 0, '', 0, 1, '2021-01-21 21:38:07'),
(48, 2, 0, '2020-08-11 02:38:00', '500000.00', '0.00', 0, '', 0, 1, '2021-01-21 21:38:24'),
(49, 2, 0, '2020-08-30 02:38:00', '0.00', '270605.00', 0, 'PRIZE', 0, 1, '2021-01-21 21:39:23'),
(50, 2, 0, '2020-10-31 02:39:00', '0.00', '31050.00', 0, 'CLAIM', 0, 1, '2021-01-21 21:40:13'),
(51, 2, 0, '2020-10-31 02:40:00', '0.00', '124930.00', 0, 'CLAIM 1509', 0, 1, '2021-01-21 21:41:15'),
(52, 2, 0, '2020-12-21 02:41:00', '100000.00', '0.00', 0, '', 0, 1, '2021-01-21 21:41:39'),
(53, 2, 0, '2020-12-24 02:41:00', '100000.00', '0.00', 0, '', 0, 1, '2021-01-21 21:41:51'),
(54, 2, 0, '2020-12-29 02:41:00', '100000.00', '0.00', 0, '', 0, 1, '2021-01-21 21:42:08'),
(55, 2, 0, '2020-12-31 02:42:00', '0.00', '2750.00', 0, 'CLAIM', 0, 1, '2021-01-21 21:42:34'),
(56, 86, 0, '2020-06-01 02:50:00', '800000.00', '0.00', 0, '', 0, 1, '2021-01-21 21:50:34'),
(57, 86, 0, '2020-06-02 02:50:00', '50000.00', '0.00', 0, '', 0, 1, '2021-01-21 21:50:55'),
(58, 86, 0, '2020-06-08 02:51:00', '200000.00', '0.00', 0, '', 0, 1, '2021-01-21 21:51:17'),
(59, 86, 0, '2020-06-17 02:51:00', '50000.00', '0.00', 0, '', 0, 1, '2021-01-21 21:51:34'),
(60, 86, 0, '2020-06-18 02:51:00', '500000.00', '0.00', 0, '', 0, 1, '2021-01-21 21:51:55'),
(61, 86, 0, '2020-06-30 02:52:00', '0.00', '281520.00', 0, 'RF', 0, 1, '2021-01-21 21:52:32'),
(62, 3, 0, '2020-06-01 02:54:00', '700000.00', '0.00', 0, '', 0, 1, '2021-01-21 21:54:54'),
(63, 3, 0, '2020-06-13 02:54:00', '450000.00', '0.00', 0, '', 0, 1, '2021-01-21 21:55:17'),
(64, 3, 0, '2020-06-30 02:55:00', '0.00', '39665.00', 0, 'CLAIM 603', 0, 1, '2021-01-21 21:56:03'),
(66, 3, 0, '2020-07-01 03:00:00', '251785.00', '0.00', 0, '', 0, 1, '2021-01-21 22:01:27'),
(67, 3, 0, '2020-07-13 03:01:00', '180000.00', '0.00', 0, '', 0, 1, '2021-01-21 22:02:02'),
(69, 3, 0, '2020-08-18 03:03:00', '220000.00', '0.00', 0, '', 0, 1, '2021-01-21 22:03:40'),
(71, 3, 0, '2020-10-17 03:06:00', '100000.00', '0.00', 0, '', 0, 1, '2021-01-21 22:06:44'),
(72, 3, 0, '2020-10-30 03:06:00', '0.00', '5130.00', 0, 'CLAIM 40', 0, 1, '2021-01-21 22:07:28'),
(74, 3, 0, '2020-11-11 03:08:00', '100000.00', '0.00', 0, '', 0, 1, '2021-01-21 22:09:03'),
(76, 3, 0, '2020-12-08 03:10:00', '160000.00', '0.00', 0, '', 0, 1, '2021-01-21 22:11:01'),
(77, 3, 0, '2020-12-23 03:11:00', '100000.00', '0.00', 0, '', 0, 1, '2021-01-21 22:11:27'),
(78, 3, 0, '2020-12-29 03:11:00', '0.00', '28350.00', 0, 'CLAIM 210', 0, 1, '2021-01-21 22:12:20'),
(79, 3, 0, '2020-12-28 03:12:00', '10400.00', '0.00', 0, '', 0, 1, '2021-01-21 22:13:10'),
(81, 4, 0, '2020-06-09 03:15:00', '500000.00', '0.00', 0, '', 0, 1, '2021-01-21 22:15:27'),
(82, 4, 0, '2020-06-22 03:15:00', '300000.00', '0.00', 0, '', 0, 1, '2021-01-21 22:15:51'),
(83, 4, 0, '2020-06-29 03:15:00', '200000.00', '0.00', 0, '', 0, 1, '2021-01-21 22:16:16'),
(85, 4, 0, '2020-07-31 03:18:00', '0.00', '233630.00', 0, 'VIRUS ', 0, 1, '2021-01-22 05:15:46'),
(87, 4, 0, '2020-10-01 03:22:00', '200000.00', '0.00', 0, '', 0, 1, '2021-01-21 22:22:58'),
(88, 4, 0, '2020-10-21 03:23:00', '200000.00', '0.00', 0, '', 0, 1, '2021-01-21 22:23:21'),
(90, 4, 0, '2020-11-19 07:40:00', '200000.00', '0.00', 0, '', 0, 1, '2021-01-22 02:41:18'),
(92, 4, 0, '2020-12-21 07:42:00', '200000.00', '0.00', 0, '', 0, 1, '2021-01-22 02:42:36'),
(93, 4, 0, '2020-12-23 07:42:00', '30000.00', '0.00', 0, '', 0, 1, '2021-01-22 02:42:59'),
(94, 4, 0, '2020-12-24 07:43:00', '25000.00', '0.00', 0, '', 0, 1, '2021-01-22 02:43:31'),
(95, 4, 0, '2020-12-27 07:43:00', '0.00', '650.00', 0, 'loss', 0, 1, '2021-01-22 02:44:21'),
(97, 87, 0, '2020-06-10 07:52:00', '300000.00', '0.00', 0, '', 0, 1, '2021-01-22 02:53:04'),
(99, 87, 0, '2020-06-29 07:53:00', '100000.00', '0.00', 0, '', 0, 1, '2021-01-22 02:53:56'),
(100, 87, 0, '2020-07-06 07:54:00', '50000.00', '0.00', 0, '', 0, 1, '2021-01-22 02:54:18'),
(101, 87, 0, '2020-07-16 07:54:00', '500000.00', '0.00', 0, '', 0, 1, '2021-01-22 02:54:43'),
(102, 87, 0, '2020-09-10 07:54:00', '300000.00', '0.00', 0, '', 0, 1, '2021-01-22 02:55:13'),
(103, 87, 0, '2020-10-08 07:55:00', '0.00', '183445.00', 0, 'RF', 0, 1, '2021-01-22 02:58:48'),
(104, 87, 0, '2020-06-23 07:57:00', '50000.00', '0.00', 0, '', 0, 1, '2021-01-22 02:57:44'),
(105, 5, 0, '2020-06-18 08:01:00', '300000.00', '0.00', 0, '', 0, 1, '2021-01-22 03:01:36'),
(106, 5, 0, '2020-06-20 08:01:00', '200000.00', '0.00', 0, '', 0, 1, '2021-01-22 03:01:54'),
(109, 5, 0, '2020-08-17 08:03:00', '400000.00', '0.00', 0, '', 0, 1, '2021-01-22 03:03:56'),
(110, 5, 0, '2020-08-20 08:04:00', '125000.00', '0.00', 0, '', 0, 1, '2021-01-22 03:04:29'),
(111, 5, 0, '2020-07-31 08:04:00', '0.00', '130495.00', 0, 'RF', 0, 1, '2021-01-22 03:05:08'),
(115, 5, 0, '2020-11-18 08:07:00', '50000.00', '0.00', 0, '', 0, 1, '2021-01-22 03:07:41'),
(117, 5, 0, '2020-12-22 08:09:00', '50000.00', '0.00', 0, '', 0, 1, '2021-01-22 03:10:13'),
(118, 5, 0, '2020-12-27 08:10:00', '0.00', '16000.00', 0, 'LOSS', 0, 1, '2021-01-22 03:10:42'),
(120, 6, 0, '2020-06-22 08:15:00', '300000.00', '0.00', 0, '', 0, 1, '2021-01-22 03:15:46'),
(121, 6, 0, '2020-06-24 08:15:00', '300000.00', '0.00', 0, '', 0, 1, '2021-01-22 03:16:01'),
(122, 6, 0, '2020-06-30 08:16:00', '0.00', '44253.00', 0, 'RF', 0, 1, '2021-01-22 03:16:35'),
(124, 6, 0, '2020-07-27 08:17:00', '200000.00', '0.00', 0, '', 0, 1, '2021-01-22 03:17:43'),
(126, 6, 0, '2020-08-10 08:18:00', '0.00', '138875.00', 0, 'RF', 0, 1, '2021-01-22 03:19:11'),
(127, 6, 0, '2020-08-17 08:19:00', '400000.00', '0.00', 0, '', 0, 1, '2021-01-22 03:19:33'),
(129, 6, 0, '2020-09-30 08:20:00', '0.00', '31860.00', 0, 'CLAIM 708', 0, 1, '2021-01-22 03:20:52'),
(133, 6, 0, '2020-12-10 08:23:00', '200000.00', '0.00', 0, '', 0, 1, '2021-01-22 03:23:18'),
(134, 6, 0, '2020-12-27 08:23:00', '0.00', '56095.00', 0, 'CLAIM 863', 0, 1, '2021-01-22 03:23:48'),
(135, 6, 0, '2020-12-28 08:23:00', '0.00', '1040.00', 0, 'LOSS', 0, 1, '2021-01-22 03:24:10'),
(137, 7, 0, '2020-06-14 08:31:00', '500000.00', '0.00', 0, '', 0, 1, '2021-01-22 03:31:35'),
(138, 7, 0, '2020-06-16 08:31:00', '500000.00', '0.00', 0, '', 0, 1, '2021-01-22 03:31:56'),
(141, 7, 0, '2020-08-12 08:34:00', '500000.00', '0.00', 0, '', 0, 1, '2021-01-22 03:34:42'),
(142, 7, 0, '2020-08-13 08:34:00', '100000.00', '0.00', 0, '', 0, 1, '2021-01-22 03:35:02'),
(143, 7, 0, '2020-07-31 08:35:00', '0.00', '256750.00', 0, 'RF', 0, 1, '2021-01-22 03:35:54'),
(145, 7, 0, '2020-08-31 08:36:00', '0.00', '34500.00', 0, 'CLAIM 600', 0, 1, '2021-01-22 03:37:18'),
(147, 7, 0, '2020-10-27 08:38:00', '50000.00', '0.00', 0, '', 0, 1, '2021-01-22 03:39:07'),
(148, 7, 0, '2020-10-31 08:39:00', '0.00', '7965.00', 0, 'CLAIM 59', 0, 1, '2021-01-22 03:39:39'),
(150, 7, 0, '2020-11-12 08:41:00', '200000.00', '0.00', 0, '', 0, 1, '2021-01-22 03:42:10'),
(151, 7, 0, '2020-11-21 08:42:00', '0.00', '53235.00', 0, 'CLAIM 757', 0, 1, '2021-01-22 03:43:01'),
(153, 7, 0, '2020-12-16 08:43:00', '250000.00', '0.00', 0, '', 0, 1, '2021-01-22 03:45:52'),
(154, 7, 0, '2020-12-27 08:45:00', '0.00', '54700.00', 0, 'CLAIM 820', 0, 1, '2021-01-22 03:46:19'),
(155, 7, 0, '2020-12-28 08:46:00', '0.00', '5300.00', 0, 'LOSS', 0, 1, '2021-01-22 03:46:43'),
(157, 8, 0, '2020-06-08 08:53:00', '500000.00', '0.00', 0, '', 0, 1, '2021-01-22 03:54:11'),
(158, 8, 0, '2020-06-30 08:54:00', '100000.00', '0.00', 0, '', 0, 1, '2021-01-22 03:54:46'),
(159, 8, 0, '2020-06-30 08:54:00', '0.00', '20500.00', 0, 'CLAIM 1200', 0, 1, '2021-01-22 03:55:17'),
(161, 8, 0, '2020-07-11 08:56:00', '100000.00', '0.00', 0, '', 0, 1, '2021-01-22 03:57:13'),
(162, 8, 0, '2020-07-18 08:57:00', '200000.00', '0.00', 0, '', 0, 1, '2021-01-22 03:57:36'),
(164, 8, 0, '2020-08-15 08:58:00', '500000.00', '0.00', 0, '', 0, 1, '2021-01-22 03:58:54'),
(165, 8, 0, '2020-08-28 08:58:00', '0.00', '33000.00', 0, 'CLAIM 600', 0, 1, '2021-01-22 03:59:37'),
(166, 8, 0, '2020-08-29 08:59:00', '0.00', '37000.00', 0, 'CLAIM 700', 0, 1, '2021-01-22 04:00:13'),
(167, 8, 0, '2020-07-31 09:00:00', '0.00', '153435.00', 0, 'RF', 0, 1, '2021-01-22 04:00:48'),
(169, 8, 0, '2020-08-31 09:01:00', '0.00', '81800.00', 0, 'CLAIM 1260', 0, 1, '2021-01-22 04:02:20'),
(171, 8, 0, '2020-10-14 09:06:00', '0.00', '39000.00', 0, 'CLAIM 600', 0, 1, '2021-01-22 04:06:38'),
(173, 8, 0, '2020-11-16 09:08:00', '200000.00', '0.00', 0, '', 0, 1, '2021-01-22 04:08:48'),
(174, 8, 0, '2020-10-30 09:09:00', '0.00', '39000.00', 0, 'CLAIM 600', 0, 1, '2021-01-22 04:09:30'),
(176, 8, 0, '2020-12-12 09:10:00', '200000.00', '0.00', 0, '', 0, 1, '2021-01-22 04:10:46'),
(177, 8, 0, '2020-12-14 09:10:00', '50000.00', '0.00', 0, '', 0, 1, '2021-01-22 04:11:03'),
(178, 8, 0, '2020-12-15 09:11:00', '50000.00', '0.00', 0, '', 0, 1, '2021-01-22 04:11:18'),
(179, 8, 0, '2020-12-18 09:11:00', '0.00', '19500.00', 0, 'CLAIM 430', 0, 1, '2021-01-22 04:11:51'),
(180, 8, 0, '2020-12-25 09:11:00', '0.00', '6500.00', 0, 'LOSS', 0, 1, '2021-01-22 04:12:17'),
(182, 9, 0, '2020-06-15 09:17:00', '900000.00', '0.00', 0, '', 0, 1, '2021-01-22 04:17:37'),
(184, 9, 0, '2020-07-28 09:25:00', '200000.00', '0.00', 0, '', 0, 1, '2021-01-22 04:25:19'),
(186, 9, 0, '2020-08-22 09:26:00', '200000.00', '0.00', 0, '', 0, 1, '2021-01-22 04:26:52'),
(187, 9, 0, '2020-08-26 09:26:00', '0.00', '49900.00', 0, 'CLAIM 998', 0, 1, '2021-01-22 04:27:27'),
(189, 9, 0, '2020-09-01 09:28:00', '300000.00', '0.00', 0, '', 0, 1, '2021-01-22 04:28:43'),
(190, 9, 0, '2020-09-10 09:28:00', '100000.00', '0.00', 0, '', 0, 1, '2021-01-22 04:29:08'),
(191, 9, 0, '2020-09-14 09:29:00', '100000.00', '0.00', 0, '', 0, 1, '2021-01-22 04:29:45'),
(193, 9, 0, '2020-10-05 09:31:00', '250827.00', '0.00', 0, '', 0, 1, '2021-01-22 04:31:50'),
(197, 9, 0, '2020-12-22 09:34:00', '100000.00', '0.00', 0, '', 0, 1, '2021-01-22 04:34:31'),
(198, 9, 0, '2020-12-23 09:34:00', '0.00', '120380.00', 0, 'CLAIM 1852', 0, 1, '2021-01-22 04:35:05'),
(199, 9, 0, '2020-12-25 09:35:00', '0.00', '82815.00', 0, 'CLAIM 1181', 0, 1, '2021-01-22 04:35:37'),
(200, 9, 0, '2020-12-28 09:35:00', '0.00', '12420.00', 0, 'LOSS', 0, 1, '2021-01-22 04:36:00'),
(203, 9, 0, '2021-01-06 09:51:00', '100000.00', '0.00', 15, '', 0, 1, '2021-01-01 11:14:19'),
(204, 10, 0, '2020-06-11 09:56:00', '350000.00', '0.00', 0, '', 0, 1, '2021-01-22 04:57:16'),
(205, 10, 0, '2020-06-24 09:57:00', '50000.00', '0.00', 0, '', 0, 1, '2021-01-22 04:57:46'),
(206, 10, 0, '2020-06-26 09:57:00', '0.00', '22000.00', 0, 'RF', 0, 1, '2021-01-22 04:58:34'),
(208, 10, 0, '2020-07-04 09:59:00', '100000.00', '0.00', 0, '', 0, 1, '2021-01-22 04:59:49'),
(209, 10, 0, '2020-07-06 09:59:00', '100000.00', '0.00', 0, '', 0, 1, '2021-01-22 05:00:12'),
(210, 10, 0, '2020-07-29 10:00:00', '0.00', '17500.00', 0, 'CLAIM 320', 0, 1, '2021-01-22 05:00:44'),
(212, 10, 0, '2020-08-27 10:01:00', '400000.00', '0.00', 0, '', 0, 1, '2021-01-22 05:02:07'),
(213, 10, 0, '2020-08-29 10:02:00', '0.00', '13750.00', 0, 'CLAIM 250', 0, 1, '2021-01-22 05:02:48'),
(217, 10, 0, '2020-10-30 10:06:00', '0.00', '2950.00', 0, 'CLAIM 25', 0, 1, '2021-01-22 05:07:09'),
(219, 10, 0, '2020-11-30 10:08:00', '0.00', '2025.00', 0, 'CLAIM 15', 0, 1, '2021-01-22 05:08:40'),
(221, 4, 0, '2020-07-28 10:15:00', '500000.00', '0.00', 0, '', 0, 1, '2021-01-22 05:16:19'),
(222, 11, 0, '2020-06-01 10:23:00', '500000.00', '0.00', 0, '', 0, 1, '2021-01-22 05:23:57'),
(223, 11, 0, '2020-06-10 10:24:00', '100000.00', '0.00', 0, '', 0, 1, '2021-01-22 05:25:06'),
(224, 11, 0, '2020-06-22 10:25:00', '50000.00', '0.00', 0, '', 0, 1, '2021-01-22 05:25:59'),
(225, 11, 0, '2020-06-25 10:26:00', '200000.00', '0.00', 0, '', 0, 1, '2021-01-22 05:26:19'),
(226, 11, 0, '2020-06-29 10:26:00', '100000.00', '0.00', 0, '', 0, 1, '2021-01-22 05:26:37'),
(229, 11, 0, '2020-08-11 10:33:00', '580000.00', '0.00', 0, '', 0, 1, '2021-01-22 05:34:11'),
(230, 11, 0, '2020-08-17 10:34:00', '70000.00', '0.00', 0, '', 0, 1, '2021-01-22 05:34:35'),
(231, 11, 0, '2020-08-18 10:34:00', '50000.00', '0.00', 0, '', 0, 1, '2021-01-22 05:35:04'),
(232, 11, 0, '2020-08-25 10:35:00', '50000.00', '0.00', 0, '', 0, 1, '2021-01-22 05:35:24'),
(233, 11, 0, '2020-08-27 10:35:00', '50000.00', '0.00', 0, '', 0, 1, '2021-01-22 05:35:45'),
(234, 11, 0, '2020-08-29 10:35:00', '0.00', '293315.00', 0, 'RF', 0, 1, '2021-01-22 05:36:31'),
(237, 11, 0, '2020-10-10 10:49:00', '150000.00', '0.00', 0, '', 0, 1, '2021-01-22 05:49:51'),
(239, 11, 0, '2020-11-08 11:25:00', '150000.00', '0.00', 0, '', 0, 1, '2021-01-22 06:26:36'),
(240, 11, 0, '2020-11-29 11:53:00', '100000.00', '0.00', 0, '', 0, 1, '2021-01-22 06:53:50'),
(241, 11, 0, '2020-11-30 11:53:00', '0.00', '300000.00', 0, 'CLAIM 3007', 0, 1, '2021-01-22 06:54:29'),
(248, 12, 0, '2020-06-17 12:05:00', '300000.00', '0.00', 0, '', 0, 1, '2021-01-22 07:05:44'),
(249, 12, 0, '2020-08-29 12:05:00', '200000.00', '0.00', 0, '', 0, 1, '2021-01-22 07:06:04'),
(252, 13, 0, '2020-06-13 12:12:00', '150000.00', '0.00', 0, '', 0, 1, '2021-01-22 07:13:06'),
(253, 13, 0, '2020-07-13 12:13:00', '10000.00', '0.00', 0, '', 0, 1, '2021-01-22 07:13:30'),
(254, 13, 0, '2020-07-28 12:13:00', '100000.00', '0.00', 0, '', 0, 1, '2021-01-22 07:13:46'),
(257, 13, 0, '2020-07-31 12:15:00', '0.00', '35875.00', 0, 'RF', 0, 1, '2021-01-22 07:16:00'),
(260, 13, 0, '2020-11-30 12:17:00', '0.00', '13000.00', 0, 'LOSS', 0, 1, '2021-01-22 07:17:59'),
(267, 14, 0, '2020-06-15 12:23:00', '30000.00', '0.00', 0, '', 0, 1, '2021-01-22 07:23:48'),
(268, 14, 0, '2020-06-16 12:23:00', '25000.00', '0.00', 0, '', 0, 1, '2021-01-22 07:24:06'),
(269, 14, 0, '2020-06-22 12:24:00', '50000.00', '0.00', 0, '', 0, 1, '2021-01-22 07:24:26'),
(270, 14, 0, '2020-07-15 12:24:00', '50000.00', '0.00', 0, '', 0, 1, '2021-01-22 07:24:47'),
(271, 14, 0, '2020-07-19 12:24:00', '50000.00', '0.00', 0, '', 0, 1, '2021-01-22 07:25:02'),
(272, 14, 0, '2020-07-20 12:25:00', '50000.00', '0.00', 0, '', 0, 1, '2021-01-22 07:25:17'),
(273, 14, 0, '2020-07-28 12:25:00', '0.00', '14500.00', 0, 'CLAIM 140', 0, 1, '2021-01-22 07:25:51'),
(274, 14, 0, '2020-07-29 12:25:00', '25000.00', '0.00', 0, '', 0, 1, '2021-01-22 07:26:16'),
(275, 14, 0, '2020-08-30 12:26:00', '0.00', '46775.00', 0, 'RF', 0, 1, '2021-01-22 07:27:07'),
(276, 14, 0, '2020-09-29 12:27:00', '0.00', '20250.00', 0, 'CLAIM 150', 0, 1, '2021-01-22 07:27:33'),
(277, 14, 0, '2020-11-12 12:27:00', '50000.00', '0.00', 0, '', 0, 1, '2021-01-25 16:07:53'),
(278, 14, 0, '2020-11-13 12:28:00', '0.00', '13500.00', 0, 'CLAIM 100', 0, 1, '2021-01-22 07:28:25'),
(279, 14, 0, '2020-12-29 12:29:00', '0.00', '26000.00', 0, 'CLAIM 400', 0, 1, '2021-01-22 07:29:43'),
(280, 88, 0, '2020-06-11 12:32:00', '60660.00', '0.00', 0, 'CHORI-TOREY', 0, 1, '2021-01-22 07:32:41'),
(281, 88, 0, '2020-06-23 12:32:00', '7000.00', '0.00', 0, '', 0, 1, '2021-01-22 07:33:00'),
(282, 88, 0, '2020-06-30 12:33:00', '0.00', '11690.00', 0, 'RF', 0, 1, '2021-01-22 07:33:24'),
(283, 89, 0, '2020-06-09 12:34:00', '41000.00', '0.00', 0, '', 0, 1, '2021-01-22 07:36:17'),
(284, 89, 0, '2020-06-29 12:36:00', '0.00', '3175.00', 0, 'RF', 0, 1, '2021-01-22 07:36:38'),
(285, 90, 0, '2020-06-29 12:43:00', '50000.00', '0.00', 0, '', 0, 1, '2021-01-22 07:45:22'),
(286, 90, 0, '2020-06-30 12:45:00', '0.00', '10600.00', 0, 'RF', 0, 1, '2021-01-22 07:45:45'),
(287, 90, 0, '2020-07-31 12:46:00', '15000.00', '0.00', 0, '', 0, 1, '2021-01-22 07:49:27'),
(288, 90, 0, '2020-10-05 12:46:00', '0.00', '750.00', 0, 'RF', 0, 1, '2021-01-22 07:47:22'),
(297, 15, 0, '2020-06-08 14:44:00', '90000.00', '0.00', 0, '', 0, 1, '2021-01-22 09:44:49'),
(298, 15, 0, '2020-06-25 14:44:00', '30000.00', '0.00', 0, '', 0, 1, '2021-01-22 09:45:08'),
(299, 15, 0, '2020-07-06 14:45:00', '50000.00', '0.00', 0, '', 0, 1, '2021-01-22 09:45:29'),
(300, 15, 0, '2020-07-15 14:45:00', '0.00', '43005.00', 0, 'RF', 0, 1, '2021-01-22 09:46:08'),
(301, 15, 0, '2020-08-19 14:46:00', '45000.00', '0.00', 0, '', 0, 1, '2021-01-22 09:50:26'),
(302, 15, 0, '2020-10-11 14:47:00', '30000.00', '0.00', 0, '', 0, 1, '2021-01-22 09:47:22'),
(303, 15, 0, '2020-10-30 14:47:00', '0.00', '22100.00', 0, 'CLAIM 340', 0, 1, '2021-01-22 09:47:54'),
(304, 15, 0, '2020-10-11 14:48:00', '30000.00', '0.00', 0, '', 0, 1, '2021-01-22 09:48:15'),
(305, 15, 0, '2020-12-19 14:48:00', '40000.00', '0.00', 0, '', 0, 1, '2021-01-22 09:48:40'),
(306, 15, 0, '2020-12-28 14:48:00', '0.00', '13500.00', 0, 'CLAIM 100', 0, 1, '2021-01-22 09:49:13'),
(313, 16, 0, '2020-06-17 14:57:00', '70000.00', '0.00', 0, '', 0, 1, '2021-01-22 09:57:22'),
(314, 16, 0, '2020-06-18 14:57:00', '100000.00', '0.00', 0, '', 0, 1, '2021-01-22 09:57:43'),
(315, 16, 0, '2020-06-20 14:57:00', '100000.00', '0.00', 0, '', 0, 1, '2021-01-22 09:58:36'),
(316, 16, 0, '2020-06-28 14:58:00', '0.00', '6510.00', 0, 'CLAIM 623', 0, 1, '2021-01-22 10:04:33'),
(317, 16, 0, '2020-07-02 14:59:00', '0.00', '3125.00', 0, 'CLAIM 25', 0, 1, '2021-01-22 09:59:59'),
(318, 16, 0, '2020-08-13 15:00:00', '250000.00', '0.00', 0, '', 0, 1, '2021-01-22 10:00:24'),
(319, 16, 0, '2020-08-20 15:00:00', '0.00', '4000.00', 0, 'CLAIM 40', 0, 1, '2021-01-22 10:00:53'),
(320, 16, 0, '2020-08-30 15:00:00', '0.00', '108980.00', 0, 'RF', 0, 1, '2021-01-22 10:01:25'),
(321, 16, 0, '2020-10-24 15:01:00', '100000.00', '0.00', 0, '', 0, 1, '2021-01-22 10:01:49'),
(322, 16, 0, '2020-11-16 15:01:00', '100000.00', '0.00', 0, '', 0, 1, '2021-01-22 10:02:08'),
(323, 16, 0, '2020-11-02 15:02:00', '0.00', '1300.00', 0, 'CLAIM 10', 0, 1, '2021-01-22 10:02:41'),
(324, 16, 0, '2020-12-24 15:02:00', '100000.00', '0.00', 0, '', 0, 1, '2021-01-22 10:02:59'),
(330, 17, 0, '2020-06-17 15:14:00', '50000.00', '0.00', 0, '', 0, 1, '2021-01-22 10:14:36'),
(331, 17, 0, '2020-07-20 15:14:00', '70000.00', '0.00', 0, '', 0, 1, '2021-01-22 10:14:56'),
(332, 17, 0, '2020-08-30 15:15:00', '0.00', '15000.00', 0, 'CLAIM 300', 0, 1, '2021-01-22 10:15:26'),
(333, 17, 0, '2020-08-31 15:15:00', '0.00', '11500.00', 0, 'RF', 0, 1, '2021-01-22 10:16:00'),
(334, 91, 0, '2020-06-11 15:18:00', '31500.00', '0.00', 0, '', 0, 1, '2021-01-22 10:19:13'),
(336, 18, 0, '2020-06-15 15:23:00', '200000.00', '0.00', 0, '', 0, 1, '2021-01-22 10:23:42'),
(337, 18, 0, '2020-06-29 15:25:00', '0.00', '9500.00', 0, 'CLAIM 100', 0, 1, '2021-01-22 10:25:49'),
(338, 18, 0, '2020-08-17 15:25:00', '200000.00', '0.00', 0, '', 0, 1, '2021-01-22 10:26:08'),
(339, 18, 0, '2020-08-30 15:26:00', '0.00', '53115.00', 0, 'RF', 0, 1, '2021-01-22 10:26:45'),
(346, 19, 0, '2020-06-10 15:49:00', '100000.00', '0.00', 0, '', 0, 1, '2021-01-22 10:50:11'),
(347, 19, 0, '2020-06-13 15:50:00', '100000.00', '0.00', 0, '', 0, 1, '2021-01-22 10:50:30'),
(348, 19, 0, '2020-07-25 15:51:00', '50000.00', '0.00', 0, '', 0, 1, '2021-01-22 10:51:50'),
(349, 19, 0, '2020-07-26 15:51:00', '0.00', '10500.00', 0, 'CLAIM 100', 0, 1, '2021-01-22 10:52:21'),
(350, 19, 0, '2020-08-30 15:52:00', '0.00', '27000.00', 0, 'CLAIM 540', 0, 1, '2021-01-22 10:52:58'),
(351, 19, 0, '2020-08-30 15:53:00', '0.00', '68375.00', 0, 'RF', 0, 1, '2021-01-22 10:53:32'),
(352, 19, 0, '2020-09-03 15:53:00', '100000.00', '0.00', 0, '', 0, 1, '2021-01-22 10:53:51'),
(353, 19, 0, '2020-09-30 15:54:00', '0.00', '13500.00', 0, 'CLAIM 100', 0, 1, '2021-01-22 10:54:26'),
(354, 19, 0, '2020-11-28 15:54:00', '50000.00', '0.00', 0, '', 0, 1, '2021-01-22 10:54:47'),
(355, 19, 0, '2020-10-19 15:54:00', '0.00', '13500.00', 0, 'CLAIM 100', 0, 1, '2021-01-22 10:55:19'),
(356, 19, 0, '2020-12-08 15:55:00', '50000.00', '0.00', 0, '', 0, 1, '2021-01-22 10:55:47'),
(357, 19, 0, '2020-12-28 15:55:00', '0.00', '16200.00', 0, 'CLAIM 120', 0, 1, '2021-01-22 10:56:17'),
(361, 20, 0, '2020-06-18 16:01:00', '100000.00', '0.00', 0, '', 0, 1, '2021-01-22 11:01:30'),
(362, 20, 0, '2020-06-25 16:01:00', '50000.00', '0.00', 0, '', 0, 1, '2021-01-22 11:01:54'),
(363, 20, 0, '2020-06-29 16:02:00', '50000.00', '0.00', 0, '', 0, 1, '2021-01-22 11:02:56'),
(364, 20, 0, '2020-06-30 16:03:00', '0.00', '9000.00', 0, 'RF', 0, 1, '2021-01-22 11:03:23'),
(365, 20, 0, '2020-07-15 16:03:00', '100000.00', '0.00', 0, '', 0, 1, '2021-01-22 11:03:49'),
(366, 20, 0, '2020-08-17 16:03:00', '100000.00', '0.00', 0, '', 0, 1, '2021-01-22 11:04:10'),
(367, 20, 0, '2020-08-30 16:04:00', '0.00', '50500.00', 0, 'RF', 0, 1, '2021-01-22 11:04:38'),
(368, 20, 0, '2020-09-29 16:04:00', '0.00', '8100.00', 0, 'CLAIM 60', 0, 1, '2021-01-22 11:05:15'),
(369, 20, 0, '2020-11-17 16:05:00', '50000.00', '0.00', 0, '', 0, 1, '2021-01-22 11:05:32'),
(372, 21, 0, '2020-06-08 17:51:00', '270000.00', '0.00', 0, '', 0, 1, '2021-01-22 12:51:57'),
(373, 21, 0, '2020-06-20 17:51:00', '0.00', '59816.00', 0, 'RF', 0, 1, '2021-01-22 12:52:47'),
(374, 21, 0, '2020-08-17 17:52:00', '28500.00', '0.00', 0, '', 0, 1, '2021-01-22 12:53:08'),
(375, 21, 0, '2020-08-19 17:53:00', '0.00', '3000.00', 0, 'RF', 0, 1, '2021-01-22 12:53:36'),
(376, 21, 0, '2020-12-12 17:53:00', '12500.00', '0.00', 0, '', 0, 1, '2021-01-22 12:53:59'),
(377, 21, 0, '2020-12-29 17:54:00', '0.00', '1000.00', 0, 'RF', 0, 1, '2021-01-22 12:54:19'),
(381, 22, 0, '2020-06-11 17:59:00', '50000.00', '0.00', 0, '', 0, 1, '2021-01-22 13:00:02'),
(382, 22, 0, '2020-07-22 18:00:00', '50000.00', '0.00', 0, '', 0, 1, '2021-01-22 13:00:24'),
(383, 22, 0, '2020-07-29 18:00:00', '50000.00', '0.00', 0, '', 0, 1, '2021-01-22 13:00:43'),
(384, 22, 0, '2020-08-13 18:00:00', '25000.00', '0.00', 0, '', 0, 1, '2021-01-22 13:01:04'),
(385, 22, 0, '2020-08-30 18:01:00', '0.00', '30760.00', 0, 'RF', 0, 1, '2021-01-22 13:01:40'),
(386, 22, 0, '2020-10-19 18:01:00', '20000.00', '0.00', 0, '', 0, 1, '2021-01-22 13:02:00'),
(387, 22, 0, '2020-11-11 18:02:00', '30000.00', '0.00', 0, '', 0, 1, '2021-01-22 13:02:17'),
(388, 22, 0, '2020-11-18 18:02:00', '0.00', '23750.00', 0, 'CLAIM 250', 0, 1, '2021-01-22 13:02:44'),
(389, 23, 0, '2020-06-01 18:04:00', '100000.00', '0.00', 0, '', 0, 1, '2021-01-22 13:04:44'),
(390, 23, 0, '2020-06-07 18:04:00', '100000.00', '0.00', 0, '', 0, 1, '2021-01-22 13:05:05'),
(391, 23, 0, '2020-06-12 18:05:00', '0.00', '20600.00', 0, 'RF', 0, 1, '2021-01-22 13:05:31'),
(392, 92, 0, '2020-06-25 18:48:00', '82000.00', '0.00', 0, '', 0, 1, '2021-01-22 13:48:45'),
(393, 92, 0, '2020-06-29 18:48:00', '0.00', '12185.00', 0, 'RF', 0, 1, '2021-01-22 13:49:07'),
(394, 93, 0, '2020-06-10 18:49:00', '270000.00', '0.00', 0, '', 0, 1, '2021-01-22 13:50:14'),
(395, 93, 0, '2020-06-29 18:50:00', '0.00', '96100.00', 0, 'RF', 0, 1, '2021-01-22 13:50:36'),
(396, 94, 0, '2020-08-19 18:52:00', '4000.00', '0.00', 0, '', 0, 1, '2021-01-22 13:52:28'),
(397, 94, 0, '2020-08-20 18:52:00', '0.00', '9705.00', 0, 'RF', 0, 1, '2021-01-22 13:52:55'),
(404, 24, 0, '2020-06-11 19:00:00', '200000.00', '0.00', 0, '', 0, 1, '2021-01-22 14:01:07'),
(405, 24, 0, '2020-06-23 19:01:00', '400000.00', '0.00', 0, '', 0, 1, '2021-01-22 14:01:31'),
(406, 24, 0, '2020-06-29 19:01:00', '300000.00', '0.00', 0, '', 0, 1, '2021-01-22 14:01:50'),
(407, 24, 0, '2020-08-15 19:02:00', '200000.00', '0.00', 0, '', 0, 1, '2021-01-22 14:02:12'),
(408, 24, 0, '2020-08-20 19:02:00', '200000.00', '0.00', 0, '', 0, 1, '2021-01-22 14:02:30'),
(409, 24, 0, '2020-11-22 19:02:00', '0.00', '2710.00', 0, 'LOSS', 0, 1, '2021-01-22 14:03:00'),
(416, 25, 0, '2020-06-09 19:19:00', '70000.00', '0.00', 0, '', 0, 1, '2021-01-22 14:20:05'),
(417, 25, 0, '2020-07-13 19:20:00', '35000.00', '0.00', 0, '', 0, 1, '2021-01-22 14:20:46'),
(418, 25, 0, '2020-07-30 19:20:00', '0.00', '19585.00', 0, 'RF', 0, 1, '2021-01-22 14:21:10'),
(419, 25, 0, '2020-12-21 19:21:00', '20000.00', '0.00', 0, '', 0, 1, '2021-01-22 14:21:38'),
(424, 26, 0, '2020-06-25 19:30:00', '100000.00', '0.00', 0, '', 0, 1, '2021-01-22 14:30:45'),
(425, 26, 0, '2020-08-27 19:30:00', '100000.00', '0.00', 0, '', 0, 1, '2021-01-22 14:31:02'),
(426, 26, 0, '2020-08-30 19:31:00', '5000.00', '0.00', 0, '', 0, 1, '2021-01-22 14:31:33'),
(427, 26, 0, '2020-08-31 19:31:00', '0.00', '31075.00', 0, 'RF', 0, 1, '2021-01-22 14:32:15'),
(428, 26, 0, '2020-11-12 19:32:00', '20000.00', '0.00', 0, '', 0, 1, '2021-01-22 14:32:37'),
(429, 26, 0, '2020-12-30 19:32:00', '0.00', '13500.00', 0, 'CLAIM ', 0, 1, '2021-01-22 14:33:08'),
(430, 26, 0, '2021-01-11 19:34:00', '40000.00', '0.00', 15, '', 0, 1, '2021-01-01 11:11:22'),
(434, 27, 0, '2020-10-01 19:38:00', '681563.00', '0.00', 0, '', 0, 1, '2021-01-22 14:39:36'),
(436, 28, 0, '2020-10-26 19:42:00', '30000.00', '0.00', 0, '', 0, 1, '2021-01-22 14:42:34'),
(437, 28, 0, '2020-12-30 19:43:00', '25000.00', '0.00', 0, '', 0, 1, '2021-01-22 14:43:42'),
(438, 29, 0, '2020-12-23 06:39:00', '100000.00', '0.00', 0, '', 0, 1, '2021-01-23 01:50:37'),
(439, 29, 0, '2020-12-30 06:41:00', '0.00', '78000.00', 0, 'CLAIM 390', 0, 1, '2021-01-23 01:51:12'),
(443, 29, 0, '2020-06-18 00:00:00', '60000.00', '0.00', 0, '', 0, 1, '2021-01-23 01:45:21'),
(444, 29, 0, '2020-07-07 00:00:00', '18000.00', '0.00', 0, '', 0, 1, '2021-01-23 01:45:42'),
(445, 29, 0, '2020-09-09 00:00:00', '54000.00', '0.00', 0, '', 0, 1, '2021-01-23 01:46:13'),
(446, 29, 0, '2020-10-08 00:00:00', '0.00', '1955.00', 0, 'RF\r\n', 0, 1, '2021-01-23 01:47:07'),
(447, 29, 0, '2020-10-09 00:00:00', '50000.00', '0.00', 0, '', 0, 1, '2021-01-23 01:47:36'),
(448, 29, 0, '2020-11-15 00:00:00', '80000.00', '0.00', 0, '', 0, 1, '2021-01-23 01:48:03'),
(449, 29, 0, '2020-11-16 00:00:00', '0.00', '54900.00', 0, 'CLAIM\r\n\r\n', 0, 1, '2021-01-23 01:48:42'),
(458, 30, 0, '2020-06-03 00:00:00', '285000.00', '0.00', 0, '', 0, 1, '2021-01-23 02:03:28'),
(459, 30, 0, '2020-06-06 00:00:00', '0.00', '13400.00', 0, 'RF', 0, 1, '2021-01-23 02:04:36'),
(460, 30, 0, '2020-07-02 00:00:00', '100000.00', '0.00', 0, '', 0, 1, '2021-01-23 02:05:06'),
(461, 30, 0, '2020-07-07 00:00:00', '195000.00', '0.00', 0, '', 0, 1, '2021-01-23 02:42:23'),
(462, 30, 0, '2020-07-15 00:00:00', '50000.00', '0.00', 0, '', 0, 1, '2021-01-23 02:05:56'),
(463, 30, 0, '2020-07-16 00:00:00', '50000.00', '0.00', 0, '', 0, 1, '2021-01-23 02:06:25'),
(464, 30, 0, '2020-07-22 00:00:00', '50000.00', '0.00', 0, '', 0, 1, '2021-01-23 02:06:47'),
(465, 30, 0, '2020-07-27 00:00:00', '50000.00', '0.00', 0, '', 0, 1, '2021-01-23 02:07:03'),
(467, 30, 0, '2020-07-30 00:00:00', '0.00', '10560.00', 0, 'CLAIM', 0, 1, '2021-01-23 02:08:43'),
(468, 30, 0, '2020-09-09 00:00:00', '50000.00', '0.00', 0, '', 0, 1, '2021-01-23 02:09:21'),
(469, 30, 0, '2020-09-19 00:00:00', '50000.00', '0.00', 0, '', 0, 1, '2021-01-23 02:09:37'),
(470, 30, 0, '2020-10-01 00:00:00', '50000.00', '0.00', 0, '', 0, 1, '2021-01-23 02:09:59'),
(471, 30, 0, '2020-10-07 00:00:00', '50000.00', '0.00', 0, '\r\n\r\n', 0, 1, '2021-01-23 02:10:22'),
(472, 30, 0, '2020-10-21 00:00:00', '50000.00', '0.00', 0, '', 0, 1, '2021-01-23 02:10:42'),
(473, 30, 0, '2020-11-03 00:00:00', '150000.00', '0.00', 0, '', 0, 1, '2021-01-23 02:11:30'),
(474, 30, 0, '2020-11-05 00:00:00', '50000.00', '0.00', 0, '', 0, 1, '2021-01-23 02:11:48'),
(475, 30, 0, '2020-11-11 00:00:00', '25000.00', '0.00', 0, '', 0, 1, '2021-01-23 02:12:04'),
(476, 30, 0, '2020-11-21 00:00:00', '65000.00', '0.00', 0, '', 0, 1, '2021-01-23 02:12:21'),
(477, 30, 0, '2020-11-30 00:00:00', '0.00', '50000.00', 0, 'CLAIM 250', 0, 1, '2021-01-23 02:12:55'),
(478, 30, 0, '2020-11-30 00:00:00', '0.00', '80000.00', 0, 'CLAIM 400', 0, 1, '2021-01-23 02:13:22'),
(479, 30, 0, '2020-12-08 00:00:00', '50000.00', '0.00', 0, '', 0, 1, '2021-01-23 02:13:45'),
(480, 30, 0, '2020-12-19 00:00:00', '50000.00', '0.00', 0, '', 0, 1, '2021-01-23 02:14:02'),
(481, 30, 0, '2020-12-23 00:00:00', '50000.00', '0.00', 0, '', 0, 1, '2021-01-23 02:14:19'),
(482, 30, 0, '2021-01-12 00:00:00', '50000.00', '0.00', 15, '', 0, 1, '2021-01-01 11:15:35'),
(483, 30, 0, '2021-01-13 00:00:00', '50000.00', '0.00', 15, '', 0, 1, '2021-01-01 11:15:27'),
(484, 29, 0, '2020-07-08 00:00:00', '0.00', '135.00', 0, 'RF', 0, 1, '2021-01-23 02:21:12'),
(485, 30, 0, '2020-06-30 07:38:00', '100000.00', '0.00', 0, '', 0, 1, '2021-01-23 02:39:00'),
(486, 30, 0, '2020-07-01 07:39:00', '100000.00', '0.00', 0, '', 0, 1, '2021-01-23 02:39:59'),
(487, 48, 0, '2020-06-09 06:59:00', '50000.00', '0.00', 0, '', 0, 1, '2021-01-27 02:00:25'),
(488, 48, 0, '2020-06-10 07:00:00', '50000.00', '0.00', 0, '', 0, 1, '2021-01-27 02:00:48'),
(489, 48, 0, '2020-07-19 07:00:00', '5000.00', '0.00', 0, '', 0, 1, '2021-01-27 02:01:17'),
(490, 48, 0, '2020-08-10 07:01:00', '100000.00', '0.00', 0, '', 0, 1, '2021-01-27 02:01:44'),
(491, 48, 0, '2020-08-11 07:01:00', '0.00', '10800.00', 0, 'CLAIM 60', 0, 1, '2021-01-27 02:02:19'),
(492, 48, 0, '2020-10-29 07:02:00', '50000.00', '0.00', 0, '', 0, 1, '2021-01-27 02:02:47'),
(493, 48, 0, '2020-10-29 07:02:00', '0.00', '15500.00', 0, 'CLAIM340', 0, 1, '2021-01-27 02:03:30'),
(494, 48, 0, '2020-11-05 07:03:00', '0.00', '34535.00', 0, 'RF', 0, 1, '2021-01-27 02:04:04'),
(495, 48, 0, '2020-11-30 07:04:00', '80000.00', '0.00', 0, '', 0, 1, '2021-01-27 02:04:26'),
(496, 48, 0, '2020-12-12 07:04:00', '20000.00', '0.00', 0, '', 0, 1, '2021-01-27 02:04:51'),
(497, 48, 0, '2020-12-27 07:05:00', '30000.00', '0.00', 0, '', 0, 1, '2021-01-27 02:05:13'),
(498, 48, 0, '2020-12-28 07:05:00', '0.00', '19500.00', 0, 'CLAIM 300', 0, 1, '2021-01-27 02:05:48'),
(499, 48, 0, '2020-12-29 07:05:00', '0.00', '650.00', 0, 'LOSS ', 0, 1, '2021-01-27 02:06:17'),
(500, 96, 0, '2020-11-19 07:12:00', '113000.00', '0.00', 0, '', 0, 1, '2021-01-27 02:12:47'),
(501, 96, 0, '2020-11-22 07:12:00', '0.00', '17500.00', 0, 'RF', 0, 1, '2021-01-27 02:13:13'),
(502, 97, 0, '2020-09-13 07:14:00', '109000.00', '0.00', 0, '', 0, 1, '2021-01-27 02:15:13'),
(503, 97, 0, '2020-11-16 07:15:00', '0.00', '16000.00', 0, 'RF', 0, 1, '2021-01-27 02:15:35'),
(504, 98, 0, '2020-10-04 07:17:00', '7500.00', '0.00', 0, '', 0, 1, '2021-01-27 02:17:38'),
(505, 99, 0, '2020-10-04 07:18:00', '0.00', '9150.00', 0, 'RF', 0, 1, '2021-01-27 02:18:53'),
(506, 100, 0, '2020-06-29 07:19:00', '50000.00', '0.00', 0, '', 0, 1, '2021-01-27 02:19:55'),
(507, 100, 0, '2020-06-30 07:19:00', '0.00', '2500.00', 0, 'RF', 0, 1, '2021-01-27 02:20:16'),
(508, 101, 0, '2020-07-07 07:21:00', '65000.00', '0.00', 0, '', 0, 1, '2021-01-27 02:21:17'),
(509, 101, 0, '2020-07-21 07:21:00', '0.00', '10000.00', 0, 'RF', 0, 1, '2021-01-27 02:21:38'),
(510, 102, 0, '2020-06-11 07:23:00', '116950.00', '0.00', 0, '', 0, 1, '2021-01-27 02:23:23'),
(511, 102, 0, '2020-06-30 07:23:00', '0.00', '15550.00', 0, 'RF', 0, 1, '2021-01-27 02:23:47'),
(512, 102, 0, '2020-12-27 07:23:00', '0.00', '9450.00', 0, 'CLAIM 70', 0, 1, '2021-01-27 02:24:24'),
(513, 102, 0, '2020-12-29 07:24:00', '0.00', '500.00', 0, 'LOSS', 0, 1, '2021-01-27 02:24:46'),
(514, 103, 0, '2020-06-04 07:26:00', '6650.00', '0.00', 0, '', 0, 1, '2021-01-27 02:26:28'),
(515, 61, 0, '2020-06-17 17:30:00', '100000.00', '0.00', 0, '', 0, 1, '2021-01-27 12:30:51'),
(516, 61, 0, '2020-06-29 17:30:00', '0.00', '14110.00', 0, 'RF', 0, 1, '2021-01-27 12:31:23'),
(517, 61, 0, '2020-07-02 17:31:00', '55000.00', '0.00', 0, '', 0, 1, '2021-01-27 12:31:51'),
(518, 61, 0, '2020-07-03 17:31:00', '0.00', '23240.00', 0, 'RF', 0, 1, '2021-01-27 12:32:19'),
(519, 61, 0, '2020-09-07 17:32:00', '50000.00', '0.00', 0, '', 0, 1, '2021-01-27 12:33:17'),
(520, 61, 0, '2020-09-09 17:33:00', '0.00', '28275.00', 0, 'CLAIM 377', 0, 1, '2021-01-27 12:37:50'),
(521, 61, 0, '2020-11-11 17:38:00', '50000.00', '0.00', 0, '', 0, 1, '2021-01-27 12:38:27'),
(522, 46, 0, '2020-06-11 17:39:00', '50000.00', '0.00', 0, '', 0, 1, '2021-01-27 12:39:53'),
(523, 46, 0, '2020-06-12 17:40:00', '350000.00', '0.00', 0, '', 0, 1, '2021-01-27 12:40:16'),
(524, 46, 0, '2020-08-06 17:42:00', '57000.00', '0.00', 0, '', 0, 1, '2021-01-27 12:42:21'),
(525, 46, 0, '2020-07-27 17:42:00', '0.00', '44100.00', 0, 'RF', 0, 1, '2021-01-27 12:42:54'),
(526, 77, 0, '2020-12-02 18:08:00', '12500.00', '0.00', 0, '', 0, 1, '2021-01-27 13:08:29'),
(527, 77, 0, '2020-12-31 18:09:00', '0.00', '5000.00', 0, 'RF', 0, 1, '2021-02-16 23:49:46'),
(528, 77, 0, '2020-12-02 18:12:00', '50000.00', '0.00', 0, '', 0, 1, '2021-01-27 13:12:46'),
(529, 76, 0, '2020-12-12 18:16:00', '37000.00', '0.00', 0, '', 0, 1, '2021-01-27 13:16:32'),
(530, 75, 0, '2020-12-09 18:19:00', '40000.00', '0.00', 0, '', 0, 1, '2021-01-27 13:20:01'),
(531, 75, 0, '2020-11-30 18:20:00', '0.00', '550.00', 0, 'LOSS', 0, 1, '2021-01-27 13:20:48'),
(532, 57, 0, '2020-07-01 18:43:00', '0.00', '30000.00', 0, 'CLAIM 600', 0, 1, '2021-01-27 13:45:12'),
(533, 57, 0, '2020-09-09 18:45:00', '40000.00', '0.00', 0, '', 0, 1, '2021-01-27 13:45:35'),
(534, 57, 0, '2020-12-01 18:45:00', '35000.00', '0.00', 0, '', 0, 1, '2021-01-27 13:45:56'),
(535, 116, 0, '2021-01-30 18:52:00', '96700.00', '0.00', 15, '', 0, 1, '2021-01-01 11:09:28'),
(536, 104, 0, '2020-07-21 18:57:00', '0.00', '285.00', 0, 'RF', 0, 1, '2021-01-27 13:58:22'),
(537, 104, 0, '2020-08-19 18:58:00', '0.00', '145.00', 0, 'LOSS', 0, 1, '2021-01-27 13:59:41'),
(538, 104, 0, '2020-07-21 19:00:00', '21000.00', '0.00', 0, '', 0, 1, '2021-01-27 14:00:38'),
(539, 104, 0, '2020-08-19 19:00:00', '5000.00', '0.00', 0, '', 0, 1, '2021-01-27 14:00:59'),
(540, 72, 0, '2020-11-05 19:04:00', '0.00', '6750.00', 0, 'CLAIM 50', 0, 1, '2021-01-27 14:04:27'),
(541, 59, 0, '2020-08-13 19:05:00', '55000.00', '0.00', 0, '', 0, 1, '2021-01-27 14:06:12'),
(542, 71, 0, '2020-11-24 19:09:00', '70000.00', '0.00', 0, '', 0, 1, '2021-01-27 14:09:22'),
(543, 71, 0, '2020-12-30 19:09:00', '50000.00', '0.00', 0, '', 0, 1, '2021-01-27 14:09:42'),
(544, 70, 0, '2020-10-29 19:11:00', '30000.00', '0.00', 0, '', 0, 1, '2021-01-27 14:13:47'),
(545, 70, 0, '2020-10-31 19:11:00', '0.00', '2400.00', 0, 'RF', 0, 1, '2021-01-27 14:11:58'),
(546, 60, 0, '2020-09-07 19:17:00', '40000.00', '0.00', 0, '', 0, 1, '2021-01-27 14:17:41'),
(547, 60, 0, '2020-10-15 19:17:00', '20000.00', '0.00', 0, '', 0, 1, '2021-01-27 14:18:04'),
(548, 60, 0, '2020-11-28 19:18:00', '30000.00', '0.00', 0, '', 0, 1, '2021-01-27 14:18:26'),
(549, 60, 0, '2020-11-29 19:18:00', '0.00', '13500.00', 0, 'CLAIM 100', 0, 1, '2021-01-27 14:19:00'),
(550, 60, 0, '2020-12-15 19:19:00', '30000.00', '0.00', 0, '', 0, 1, '2021-01-27 14:19:15'),
(551, 60, 0, '2020-12-28 19:19:00', '0.00', '13000.00', 0, 'CLAIM 200', 0, 1, '2021-01-27 14:19:42'),
(552, 62, 0, '2020-08-18 19:24:00', '30400.00', '0.00', 0, '', 0, 1, '2021-01-27 14:24:54'),
(553, 62, 0, '2020-08-19 19:24:00', '0.00', '2930.00', 0, 'RF', 0, 1, '2021-01-27 14:25:18'),
(554, 62, 0, '2020-10-25 19:25:00', '23100.00', '0.00', 0, '', 0, 1, '2021-01-27 14:25:38'),
(555, 62, 0, '2020-11-23 19:25:00', '15000.00', '0.00', 0, '', 0, 1, '2021-01-27 14:25:59'),
(556, 62, 0, '2021-01-14 19:26:00', '25000.00', '0.00', 15, '', 0, 1, '2021-01-01 11:15:10'),
(557, 62, 0, '2021-01-16 19:26:00', '0.00', '3200.00', 0, 'RF', 0, 1, '2021-01-27 14:26:39'),
(558, 63, 0, '2020-12-12 19:28:00', '43000.00', '0.00', 0, '', 0, 1, '2021-01-27 14:28:24'),
(559, 68, 0, '2020-11-23 19:31:00', '30000.00', '0.00', 0, '', 0, 1, '2021-01-27 14:32:11'),
(560, 68, 0, '2020-11-09 19:32:00', '10000.00', '0.00', 0, '', 0, 1, '2021-01-27 14:33:21'),
(561, 68, 0, '2020-12-30 19:33:00', '0.00', '9750.00', 0, 'CLAIM', 0, 1, '2021-01-27 14:34:17'),
(562, 66, 0, '2020-11-14 19:36:00', '5000.00', '0.00', 0, '', 0, 1, '2021-01-27 14:37:01'),
(563, 66, 0, '2020-11-16 19:37:00', '29700.00', '0.00', 0, '', 0, 1, '2021-01-27 14:37:34'),
(564, 65, 0, '2020-12-13 19:39:00', '100000.00', '0.00', 0, '', 0, 1, '2021-01-27 14:40:01'),
(565, 105, 0, '2020-06-14 19:41:00', '8000.00', '0.00', 0, '', 0, 1, '2021-01-27 14:41:58'),
(566, 105, 0, '2020-07-30 19:42:00', '0.00', '2000.00', 0, 'RF', 0, 1, '2021-01-27 14:43:19'),
(567, 105, 0, '2020-07-31 19:44:00', '10000.00', '0.00', 0, '', 0, 1, '2021-01-27 14:44:31'),
(568, 105, 0, '2020-08-01 19:44:00', '0.00', '500.00', 0, 'RF', 0, 1, '2021-01-27 14:44:55'),
(569, 106, 0, '2020-06-23 20:02:00', '4000.00', '0.00', 0, '', 0, 1, '2021-01-27 15:02:56'),
(570, 55, 0, '2020-06-11 20:06:00', '31500.00', '0.00', 0, '', 0, 1, '2021-01-27 15:06:17'),
(571, 108, 0, '2020-06-02 20:08:00', '450000.00', '0.00', 0, '', 0, 1, '2021-01-27 15:08:36'),
(572, 108, 0, '2020-06-09 20:08:00', '50000.00', '0.00', 0, '', 0, 1, '2021-01-27 15:09:05'),
(573, 108, 0, '2020-06-30 20:09:00', '0.00', '73000.00', 0, 'RF', 0, 1, '2021-01-27 15:09:35'),
(574, 109, 0, '2020-06-11 20:10:00', '15000.00', '0.00', 0, '', 0, 1, '2021-01-27 15:10:41'),
(575, 109, 0, '2020-06-29 20:10:00', '0.00', '1010.00', 0, 'RF\r\n\r\n', 0, 1, '2021-01-27 15:11:06'),
(576, 53, 0, '2020-06-17 20:11:00', '10000.00', '0.00', 0, '', 0, 1, '2021-01-27 15:12:12'),
(577, 46, 0, '2020-10-08 20:20:00', '0.00', '15725.00', 0, 'RF', 0, 1, '2021-01-27 15:21:18'),
(578, 46, 0, '2020-10-15 20:21:00', '50000.00', '0.00', 0, '', 0, 1, '2021-01-27 15:21:38'),
(579, 46, 0, '2020-11-14 20:21:00', '70000.00', '0.00', 0, '', 0, 1, '2021-01-27 15:21:57'),
(580, 46, 0, '2020-11-14 20:22:00', '0.00', '8100.00', 0, 'CLAIM 190', 0, 1, '2021-01-27 15:22:38'),
(581, 73, 0, '2020-12-30 20:25:00', '0.00', '1300.00', 0, 'LOSS', 0, 1, '2021-01-27 15:25:55'),
(583, 64, 0, '2020-11-22 20:29:00', '25000.00', '0.00', 0, '', 0, 1, '2021-01-27 15:29:33'),
(584, 67, 0, '2020-10-24 05:28:00', '20000.00', '0.00', 0, '', 0, 1, '2021-01-28 00:28:51'),
(585, 67, 0, '2020-11-27 05:28:00', '25000.00', '0.00', 0, '', 0, 1, '2021-01-28 00:29:22'),
(586, 67, 0, '2020-12-30 05:29:00', '25000.00', '0.00', 0, '', 0, 1, '2021-01-28 00:29:52'),
(587, 50, 0, '2020-06-06 05:32:00', '100000.00', '0.00', 0, '', 0, 1, '2021-01-28 00:32:54'),
(588, 50, 0, '2020-07-25 05:33:00', '10000.00', '0.00', 0, '', 0, 1, '2021-01-28 00:33:24'),
(589, 50, 0, '2020-07-27 05:33:00', '50000.00', '0.00', 0, '', 0, 1, '2021-01-28 00:33:49'),
(590, 50, 0, '2020-07-28 05:33:00', '0.00', '22135.00', 0, 'RF', 0, 1, '2021-01-28 00:34:18'),
(591, 50, 0, '2020-09-30 05:34:00', '0.00', '36500.00', 0, 'CLAIM 550', 0, 1, '2021-01-28 00:35:31'),
(592, 31, 0, '2020-06-13 05:38:00', '200000.00', '0.00', 0, '', 0, 1, '2021-01-28 00:38:46'),
(593, 31, 0, '2020-06-26 05:38:00', '0.00', '26275.00', 0, 'RF', 0, 1, '2021-01-28 00:39:23'),
(594, 31, 0, '2020-06-27 05:39:00', '28500.00', '0.00', 0, '', 0, 1, '2021-01-28 00:39:51'),
(595, 31, 0, '2020-09-09 05:39:00', '120000.00', '0.00', 0, '', 0, 1, '2021-01-28 00:40:16'),
(596, 31, 0, '2020-12-22 05:40:00', '35000.00', '0.00', 0, '', 0, 1, '2021-01-28 00:40:38'),
(597, 110, 0, '2020-08-29 05:47:00', '23700.00', '0.00', 0, '', 0, 1, '2021-01-28 00:48:24'),
(598, 110, 0, '2020-08-30 05:48:00', '0.00', '2550.00', 0, 'RF', 0, 1, '2021-01-28 00:48:48'),
(599, 110, 0, '2020-11-29 05:49:00', '50000.00', '0.00', 0, '', 0, 1, '2021-01-28 00:49:33'),
(600, 110, 0, '2020-12-03 05:49:00', '0.00', '13500.00', 0, 'CLAIM 100', 0, 1, '2021-01-28 00:50:06'),
(601, 47, 0, '2020-06-25 05:56:00', '100000.00', '0.00', 0, '', 0, 1, '2021-01-28 00:56:29'),
(602, 47, 0, '2020-07-02 05:56:00', '100000.00', '0.00', 0, '', 0, 1, '2021-01-28 00:56:57'),
(603, 47, 0, '2020-08-26 05:57:00', '100000.00', '0.00', 0, '', 0, 1, '2021-01-28 00:57:22'),
(604, 47, 0, '2020-08-27 05:57:00', '0.00', '54550.00', 0, 'PRIZE', 0, 1, '2021-01-28 00:58:05'),
(605, 47, 0, '2020-09-29 05:58:00', '0.00', '6750.00', 0, 'CLAIM 50', 0, 1, '2021-01-28 00:58:48'),
(606, 47, 0, '2020-12-30 05:58:00', '70000.00', '0.00', 0, '', 0, 1, '2021-01-28 00:59:14'),
(607, 47, 0, '2020-11-29 05:59:00', '0.00', '5380.00', 0, 'CLAIM 46', 0, 1, '2021-01-28 01:00:12'),
(608, 49, 0, '2020-06-07 06:05:00', '300000.00', '0.00', 0, '', 0, 1, '2021-01-28 01:05:50'),
(609, 49, 0, '2020-06-23 06:06:00', '50000.00', '0.00', 0, '', 0, 1, '2021-01-28 01:06:16'),
(610, 49, 0, '2020-08-13 06:06:00', '200000.00', '0.00', 0, '', 0, 1, '2021-01-28 01:06:48'),
(611, 49, 0, '2020-08-31 06:06:00', '0.00', '16170.00', 0, 'CLAIM 294', 0, 1, '2021-01-28 01:07:38'),
(612, 49, 0, '2020-09-03 06:07:00', '50000.00', '0.00', 0, '', 0, 1, '2021-01-28 01:08:01'),
(613, 49, 0, '2020-09-12 06:08:00', '35000.00', '0.00', 0, '', 0, 1, '2021-01-28 01:08:27'),
(614, 49, 0, '2020-09-13 06:08:00', '0.00', '87910.00', 0, 'RF', 0, 1, '2021-01-28 01:08:59'),
(615, 49, 0, '2020-10-13 06:09:00', '0.00', '2600.00', 0, 'CLAIM 20', 0, 1, '2021-01-28 01:09:39'),
(616, 49, 0, '2020-11-23 06:09:00', '0.00', '5450.00', 0, 'CLAIM 50', 0, 1, '2021-01-28 01:10:23'),
(617, 49, 0, '2020-11-27 06:10:00', '0.00', '5450.00', 0, 'LOSS', 0, 1, '2021-01-28 01:10:48'),
(618, 43, 0, '2020-06-17 06:15:00', '50000.00', '0.00', 0, '', 0, 1, '2021-01-28 01:15:17'),
(619, 43, 0, '2020-06-29 06:18:00', '50000.00', '0.00', 0, '', 0, 1, '2021-01-28 01:18:25'),
(620, 43, 0, '2020-07-20 06:18:00', '50000.00', '0.00', 0, '', 0, 1, '2021-01-28 01:18:43'),
(621, 43, 0, '2020-09-21 06:18:00', '70000.00', '0.00', 0, '', 0, 1, '2021-01-28 01:19:07'),
(622, 43, 0, '2020-10-15 06:19:00', '50000.00', '0.00', 0, '', 0, 1, '2021-01-28 01:19:23'),
(623, 43, 0, '2020-10-26 06:19:00', '50000.00', '0.00', 0, '', 0, 1, '2021-01-28 01:19:42'),
(624, 36, 0, '2020-06-11 06:23:00', '150000.00', '0.00', 0, '', 0, 1, '2021-01-28 01:24:14'),
(625, 36, 0, '2020-06-20 06:24:00', '75000.00', '0.00', 0, '', 0, 1, '2021-01-28 01:24:37'),
(626, 36, 0, '2020-06-27 06:24:00', '85000.00', '0.00', 0, '', 0, 1, '2021-01-28 01:24:57'),
(627, 36, 0, '2020-09-06 06:25:00', '54000.00', '0.00', 0, '', 0, 1, '2021-01-28 01:25:20'),
(628, 36, 0, '2020-07-06 06:25:00', '0.00', '97960.00', 0, 'RF', 0, 1, '2021-01-28 01:26:27'),
(629, 36, 0, '2020-09-11 06:26:00', '0.00', '9945.00', 0, 'RF', 0, 1, '2021-01-28 01:27:08'),
(630, 36, 0, '2020-09-29 06:27:00', '0.00', '3200.00', 0, 'CLAIM 80', 0, 1, '2021-01-28 01:27:47'),
(631, 36, 0, '2020-10-12 06:27:00', '47020.00', '0.00', 0, '', 0, 1, '2021-01-28 01:28:13'),
(632, 36, 0, '2020-11-21 06:28:00', '100000.00', '0.00', 0, '', 0, 1, '2021-01-28 01:28:33'),
(633, 36, 0, '2020-11-29 06:28:00', '0.00', '5350.00', 0, 'CLAIM 40', 0, 1, '2021-01-28 01:29:06'),
(634, 36, 0, '2020-12-01 06:29:00', '13400.00', '0.00', 0, '', 0, 1, '2021-01-28 01:29:32'),
(635, 36, 0, '2020-12-21 06:29:00', '50000.00', '0.00', 0, '', 0, 1, '2021-01-28 01:29:47'),
(636, 36, 0, '2020-12-30 06:30:00', '0.00', '1600.00', 0, 'LOSS', 0, 1, '2021-01-28 01:30:37'),
(637, 42, 0, '2020-06-11 06:56:00', '70000.00', '0.00', 0, '', 0, 1, '2021-01-28 01:57:14'),
(638, 42, 0, '2020-06-28 06:57:00', '65000.00', '0.00', 0, '', 0, 1, '2021-01-28 01:57:43'),
(639, 42, 0, '2020-06-29 06:57:00', '0.00', '39610.00', 0, 'RF', 0, 1, '2021-01-28 01:58:15'),
(640, 42, 0, '2020-08-30 06:58:00', '40000.00', '0.00', 0, '', 0, 1, '2021-01-28 01:58:38'),
(641, 42, 0, '2020-10-24 06:58:00', '20000.00', '0.00', 0, '', 0, 1, '2021-01-28 01:59:04'),
(642, 42, 0, '2020-10-28 06:59:00', '20000.00', '0.00', 0, '', 0, 1, '2021-01-28 01:59:46'),
(643, 42, 0, '2020-11-03 06:59:00', '0.00', '1900.00', 0, 'LOSS', 0, 1, '2021-01-28 02:00:13'),
(644, 42, 0, '2020-12-30 07:00:00', '0.00', '14300.00', 0, 'CLAIM 120', 0, 1, '2021-01-28 02:01:17'),
(645, 33, 0, '2020-05-30 07:10:00', '300000.00', '0.00', 0, '', 0, 1, '2021-01-28 02:11:49'),
(646, 33, 0, '2020-06-19 07:11:00', '300000.00', '0.00', 0, '', 0, 1, '2021-01-28 02:12:11'),
(647, 33, 0, '2020-06-23 07:12:00', '60000.00', '0.00', 0, '', 0, 1, '2021-01-28 02:12:40'),
(648, 33, 0, '2020-06-28 07:12:00', '0.00', '108355.00', 0, 'RF', 0, 1, '2021-01-28 02:13:17'),
(649, 33, 0, '2020-08-17 07:13:00', '300000.00', '0.00', 0, '', 0, 1, '2021-01-28 02:14:19'),
(650, 33, 0, '2020-09-24 07:14:00', '50000.00', '0.00', 0, '', 0, 1, '2021-01-28 02:14:42'),
(651, 33, 0, '2020-10-22 07:14:00', '150000.00', '0.00', 0, '', 0, 1, '2021-01-28 02:15:04'),
(652, 33, 0, '2020-11-17 07:15:00', '100000.00', '0.00', 0, '', 0, 1, '2021-01-28 02:15:26'),
(653, 33, 0, '2020-12-15 07:15:00', '150000.00', '0.00', 0, '', 0, 1, '2021-01-28 02:15:48'),
(654, 41, 0, '2020-08-06 07:22:00', '216025.00', '0.00', 0, '', 0, 1, '2021-01-28 02:22:50'),
(655, 41, 0, '2020-11-29 07:24:00', '0.00', '13500.00', 0, 'CLAIM 100', 0, 1, '2021-01-28 02:25:19'),
(656, 41, 0, '2020-12-06 07:25:00', '80000.00', '0.00', 0, '', 0, 1, '2021-01-28 02:25:45'),
(657, 41, 0, '2020-12-13 07:25:00', '0.00', '50415.00', 0, 'CLAIM 732', 0, 1, '2021-01-28 02:26:13'),
(658, 41, 0, '2020-12-20 07:26:00', '0.00', '17030.00', 0, 'CLAIM 262', 0, 1, '2021-01-28 02:26:37'),
(659, 40, 0, '2020-06-22 07:29:00', '150000.00', '0.00', 0, '', 0, 1, '2021-01-28 02:30:15'),
(660, 40, 0, '2020-06-28 07:30:00', '0.00', '28120.00', 0, 'RF', 0, 1, '2021-01-28 02:30:37'),
(661, 40, 0, '2020-11-12 07:30:00', '25000.00', '0.00', 0, '', 0, 1, '2021-01-28 02:30:58'),
(662, 40, 0, '2020-12-14 07:31:00', '0.00', '19500.00', 0, 'CLAIM 300', 0, 1, '2021-01-28 02:31:30'),
(663, 111, 0, '2020-06-11 07:33:00', '100000.00', '0.00', 0, '', 0, 1, '2021-01-28 02:33:18'),
(664, 111, 0, '2020-07-02 07:33:00', '50000.00', '0.00', 0, '', 0, 1, '2021-01-28 02:33:35'),
(665, 111, 0, '2020-06-07 07:33:00', '50000.00', '0.00', 0, '', 0, 1, '2021-01-28 02:33:57'),
(666, 111, 0, '2020-07-07 07:34:00', '50000.00', '0.00', 0, '', 0, 1, '2021-01-28 02:34:18'),
(667, 111, 0, '2020-08-20 07:34:00', '50000.00', '0.00', 0, '', 0, 1, '2021-01-28 02:34:35'),
(668, 111, 0, '2020-09-03 07:34:00', '0.00', '121575.00', 0, 'RF', 0, 1, '2021-01-28 02:34:58'),
(669, 111, 0, '2020-08-20 07:35:00', '50000.00', '0.00', 0, '', 0, 1, '2021-01-28 02:35:39'),
(670, 44, 0, '2020-06-10 07:38:00', '20000.00', '0.00', 0, '', 0, 1, '2021-01-28 02:39:14'),
(671, 44, 0, '2020-06-15 07:39:00', '50000.00', '0.00', 0, '', 0, 1, '2021-01-28 02:39:38'),
(672, 44, 0, '2020-08-17 07:39:00', '100000.00', '0.00', 0, '', 0, 1, '2021-01-28 02:39:57'),
(673, 44, 0, '2020-08-19 07:40:00', '18000.00', '0.00', 0, '', 0, 1, '2021-01-28 02:40:16'),
(674, 44, 0, '2020-08-30 07:40:00', '0.00', '33000.00', 0, 'RF', 0, 1, '2021-01-28 02:40:36'),
(675, 44, 0, '2020-12-10 07:40:00', '40000.00', '0.00', 0, '', 0, 1, '2021-01-28 02:40:58'),
(676, 38, 0, '2020-06-19 07:48:00', '150000.00', '0.00', 0, '', 0, 1, '2021-01-28 02:48:43'),
(677, 38, 0, '2020-07-13 07:48:00', '0.00', '21000.00', 0, 'CLAIM 200', 0, 1, '2021-01-28 02:49:29'),
(678, 38, 0, '2020-08-18 07:49:00', '150000.00', '0.00', 0, '', 0, 1, '2021-01-28 02:49:51'),
(679, 38, 0, '2020-11-03 07:49:00', '50000.00', '0.00', 0, '', 0, 1, '2021-01-28 02:50:13'),
(680, 38, 0, '2020-12-30 07:50:00', '0.00', '1200.00', 0, 'LOSS', 0, 1, '2021-01-28 02:50:39'),
(681, 107, 0, '2021-01-04 07:54:00', '13200.00', '0.00', 15, '', 0, 1, '2021-01-01 11:11:53'),
(682, 107, 0, '2021-01-11 07:55:00', '7500.00', '0.00', 15, '', 0, 1, '2021-01-01 11:11:45'),
(683, 34, 0, '2020-06-10 08:00:00', '100000.00', '0.00', 0, '', 0, 1, '2021-01-28 03:01:06'),
(684, 34, 0, '2020-08-19 08:01:00', '40000.00', '0.00', 0, '', 0, 1, '2021-01-28 03:01:27'),
(685, 34, 0, '2020-08-29 08:01:00', '30000.00', '0.00', 0, '', 0, 1, '2021-01-28 03:01:49'),
(686, 34, 0, '2020-10-30 08:01:00', '0.00', '4725.00', 0, 'CLAIM 35', 0, 1, '2021-01-28 03:02:26'),
(687, 34, 0, '2020-11-01 09:30:00', '40000.00', '0.00', 0, '', 0, 1, '2021-01-28 04:31:06'),
(688, 34, 0, '2020-11-11 09:31:00', '0.00', '8100.00', 0, 'CLAIM 60', 0, 1, '2021-01-28 04:31:49'),
(689, 34, 0, '2020-12-28 09:31:00', '0.00', '13500.00', 0, 'CLAIM 100', 0, 1, '2021-01-28 04:32:18'),
(690, 34, 0, '2020-12-29 09:32:00', '0.00', '1560.00', 0, 'LOSS', 0, 1, '2021-01-28 04:32:41'),
(691, 32, 0, '2020-06-23 09:38:00', '100000.00', '0.00', 0, '', 0, 1, '2021-01-28 04:38:34'),
(692, 32, 0, '2020-06-29 09:38:00', '100000.00', '0.00', 0, '', 0, 1, '2021-01-28 04:38:53'),
(693, 32, 0, '2020-07-02 09:38:00', '25000.00', '0.00', 0, '', 0, 1, '2021-01-28 04:39:17'),
(694, 32, 0, '2020-07-06 09:39:00', '50000.00', '0.00', 0, '', 0, 1, '2021-01-28 04:39:35'),
(695, 32, 0, '2020-07-21 09:39:00', '0.00', '44575.00', 0, 'RF', 0, 1, '2021-01-28 04:43:44'),
(696, 32, 0, '2020-08-30 09:40:00', '0.00', '15000.00', 0, 'CLAIM 300', 0, 1, '2021-01-28 04:40:26'),
(697, 32, 0, '2020-09-02 09:40:00', '200000.00', '0.00', 0, '', 0, 1, '2021-01-28 04:41:02'),
(698, 32, 0, '2020-10-27 09:41:00', '200000.00', '0.00', 0, '', 0, 1, '2021-01-28 04:41:20');
INSERT INTO `customer_payment` (`id`, `customer_id`, `machine_id`, `datetime_added`, `amount`, `discount`, `account_id`, `details`, `claim`, `status`, `ts`) VALUES
(699, 32, 0, '2020-11-29 09:41:00', '100000.00', '0.00', 0, '', 0, 1, '2021-01-28 04:41:37'),
(700, 32, 0, '2020-12-29 09:41:00', '100000.00', '0.00', 0, '', 0, 1, '2021-01-28 04:41:59'),
(701, 32, 0, '2020-12-30 09:42:00', '50000.00', '0.00', 0, '', 0, 1, '2021-01-28 04:42:15'),
(702, 32, 0, '2020-12-30 09:42:00', '0.00', '2600.00', 0, 'LOSS', 0, 1, '2021-01-28 04:42:40'),
(703, 35, 0, '2020-06-15 09:50:00', '300000.00', '0.00', 0, '', 0, 1, '2021-01-28 04:50:29'),
(704, 35, 0, '2020-06-25 09:50:00', '225000.00', '0.00', 0, '', 0, 1, '2021-01-28 04:50:51'),
(705, 35, 0, '2020-07-06 09:51:00', '0.00', '114025.00', 0, 'RF', 0, 1, '2021-01-28 04:51:29'),
(706, 35, 0, '2020-08-24 09:51:00', '100000.00', '0.00', 0, '', 0, 1, '2021-01-28 04:51:48'),
(707, 35, 0, '2020-10-15 09:51:00', '50000.00', '0.00', 0, '', 0, 1, '2021-01-28 04:52:08'),
(708, 35, 0, '2020-11-24 09:52:00', '50000.00', '0.00', 0, '', 0, 1, '2021-01-28 04:52:29'),
(709, 35, 0, '2020-11-27 09:52:00', '0.00', '1500.00', 0, 'CLAIM 15', 0, 1, '2021-01-28 04:53:01'),
(710, 35, 0, '2020-12-28 09:53:00', '50000.00', '0.00', 0, '', 0, 1, '2021-01-28 04:53:22'),
(711, 35, 0, '2020-12-30 09:53:00', '0.00', '115500.00', 0, 'CLAIM 1100', 0, 1, '2021-01-28 04:53:55'),
(712, 37, 0, '2020-06-16 10:30:00', '250000.00', '0.00', 0, '', 0, 1, '2021-01-28 05:30:31'),
(713, 37, 0, '2020-07-16 10:30:00', '100000.00', '0.00', 0, '', 0, 1, '2021-01-28 05:30:50'),
(714, 37, 0, '2020-08-10 10:30:00', '200000.00', '0.00', 0, '', 0, 1, '2021-01-28 05:31:16'),
(715, 37, 0, '2020-10-30 10:31:00', '0.00', '48650.00', 0, 'CLAIM 973', 0, 1, '2021-01-28 05:31:58'),
(716, 37, 0, '2020-11-14 10:32:00', '100000.00', '0.00', 0, '', 0, 1, '2021-01-28 05:32:32'),
(717, 37, 0, '2020-11-28 10:32:00', '0.00', '42000.00', 0, 'CLAIM 600', 0, 1, '2021-01-28 05:33:05'),
(718, 112, 0, '2020-06-02 10:40:00', '100000.00', '0.00', 0, '', 0, 1, '2021-01-28 05:40:57'),
(719, 2, 0, '2021-01-27 13:24:00', '0.00', '43890.00', 14, '#053 ARI DABA 399X110', 399, 1, '2021-02-02 09:32:21'),
(720, 2, 0, '2021-01-28 13:26:00', '0.00', '188240.00', 14, '#054 DI 2896X65', 2896, 1, '2021-02-02 09:31:59'),
(721, 3, 0, '2021-01-27 13:27:00', '0.00', '59410.00', 14, '#055 DI 914X65', 914, 1, '2021-02-02 09:31:50'),
(722, 30, 0, '2021-01-27 13:28:00', '0.00', '120000.00', 14, '#56 SPECIAL DI 600X200', 600, 1, '2021-02-02 09:32:27'),
(724, 122, 0, '2020-06-11 14:43:00', '20000.00', '0.00', 0, '', 0, 1, '2021-02-02 09:44:10'),
(725, 122, 0, '2020-06-29 14:44:00', '1500.00', '0.00', 0, '', 0, 1, '2021-02-02 09:44:42'),
(726, 122, 0, '2020-06-30 14:44:00', '0.00', '4500.00', 0, 'RF', 0, 1, '2021-02-02 09:45:11'),
(727, 122, 0, '2020-07-01 14:45:00', '9000.00', '0.00', 0, '', 0, 1, '2021-02-02 09:45:37'),
(728, 122, 0, '2020-09-17 14:45:00', '21200.00', '0.00', 0, '', 0, 1, '2021-02-02 09:46:14'),
(729, 122, 0, '2020-09-21 14:46:00', '7500.00', '0.00', 0, '', 0, 1, '2021-02-02 09:46:40'),
(730, 122, 0, '2020-11-16 14:48:00', '27050.00', '0.00', 0, '', 0, 1, '2021-02-02 09:49:24'),
(731, 122, 0, '2020-12-07 14:49:00', '1500.00', '0.00', 0, '', 0, 1, '2021-02-02 09:49:47'),
(732, 122, 0, '2020-12-08 14:49:00', '30000.00', '0.00', 0, '', 0, 1, '2021-02-02 09:50:02'),
(733, 122, 0, '2020-12-21 14:50:00', '20000.00', '0.00', 0, '', 0, 1, '2021-02-02 09:50:25'),
(734, 122, 0, '2020-12-28 14:51:00', '31500.00', '0.00', 0, '', 0, 1, '2021-02-02 09:52:09'),
(735, 122, 0, '2020-12-28 14:52:00', '25000.00', '0.00', 0, '', 0, 1, '2021-02-02 09:52:31'),
(736, 122, 0, '2020-12-30 14:52:00', '0.00', '7840.00', 0, 'RF', 0, 1, '2021-02-02 09:53:54'),
(737, 122, 0, '2021-01-07 14:54:00', '10000.00', '0.00', 15, '', 0, 1, '2021-01-01 11:11:15'),
(738, 122, 0, '2021-01-17 14:55:00', '7000.00', '0.00', 15, '', 0, 1, '2021-01-01 11:11:09'),
(739, 122, 0, '2021-01-21 14:55:00', '20000.00', '0.00', 15, '', 0, 1, '2021-01-01 11:09:50'),
(740, 122, 0, '2021-01-25 14:55:00', '27000.00', '0.00', 15, '', 0, 1, '2021-01-01 11:09:42'),
(742, 21, 0, '2021-01-03 16:16:00', '1000.00', '0.00', 15, '', 0, 1, '2021-01-01 11:16:49'),
(743, 70, 0, '2021-01-03 16:19:00', '2400.00', '0.00', 15, '', 0, 1, '2021-01-01 11:19:30'),
(744, 122, 0, '2021-01-04 16:19:00', '5200.00', '0.00', 15, '', 0, 1, '2021-01-01 11:20:11'),
(745, 30, 0, '2021-01-20 16:20:00', '80000.00', '0.00', 15, '', 0, 1, '2021-01-01 11:20:51'),
(746, 15, 0, '2021-01-18 16:20:00', '60000.00', '0.00', 15, '', 0, 1, '2021-01-01 11:21:13'),
(747, 10, 0, '2021-01-18 16:21:00', '200000.00', '0.00', 15, '', 0, 1, '2021-01-01 11:21:33'),
(748, 8, 0, '2021-01-18 16:21:00', '200000.00', '0.00', 15, '', 0, 1, '2021-01-01 11:21:52'),
(749, 16, 0, '2021-01-18 16:21:00', '50000.00', '0.00', 15, '', 0, 1, '2021-01-01 11:22:14'),
(750, 16, 0, '2021-01-19 16:22:00', '50000.00', '0.00', 15, '', 0, 1, '2021-01-01 11:22:36'),
(751, 19, 0, '2021-01-19 16:22:00', '50000.00', '0.00', 15, '', 0, 1, '2021-01-01 11:22:56'),
(752, 33, 0, '2021-01-20 16:23:00', '150000.00', '0.00', 15, '', 0, 1, '2021-01-01 11:23:18'),
(753, 43, 0, '2021-01-24 16:23:00', '30000.00', '0.00', 15, '', 0, 1, '2021-01-01 11:23:36'),
(754, 110, 0, '2021-01-21 16:23:00', '30000.00', '0.00', 15, '', 0, 1, '2021-01-01 11:24:03'),
(755, 4, 0, '2021-01-21 16:24:00', '200000.00', '0.00', 15, '', 0, 1, '2021-01-01 11:24:25'),
(756, 73, 0, '2021-01-23 16:24:00', '30000.00', '0.00', 15, '', 0, 1, '2021-01-01 11:24:47'),
(757, 70, 0, '2021-01-23 16:25:00', '22500.00', '0.00', 15, '', 0, 1, '2021-01-01 11:26:01'),
(758, 3, 0, '2021-01-25 16:26:00', '100000.00', '0.00', 15, '', 0, 1, '2021-01-01 11:26:26'),
(759, 3, 0, '2021-01-26 16:26:00', '100000.00', '0.00', 15, '', 0, 1, '2021-01-01 11:26:43'),
(760, 11, 0, '2021-01-25 16:26:00', '100000.00', '0.00', 15, '', 0, 1, '2021-01-01 11:27:04'),
(761, 11, 0, '2021-01-26 16:27:00', '50000.00', '0.00', 15, '', 0, 1, '2021-01-01 11:27:47'),
(762, 11, 0, '2021-01-27 16:28:00', '50000.00', '0.00', 15, '', 0, 1, '2021-01-01 11:28:18'),
(763, 48, 0, '2021-01-26 16:28:00', '100000.00', '0.00', 15, '', 0, 1, '2021-01-01 11:28:40'),
(764, 35, 0, '2021-01-26 16:28:00', '50000.00', '0.00', 15, '', 0, 1, '2021-01-01 11:28:57'),
(765, 60, 0, '2021-01-26 16:29:00', '40000.00', '0.00', 15, '', 0, 1, '2021-01-01 11:29:14'),
(766, 55, 0, '2021-01-26 16:29:00', '20000.00', '0.00', 15, '', 0, 1, '2021-01-01 11:29:33'),
(767, 29, 0, '2021-01-26 16:29:00', '100000.00', '0.00', 15, '', 0, 1, '2021-01-01 11:29:55'),
(768, 49, 0, '2021-01-27 16:30:00', '100000.00', '0.00', 15, '', 0, 1, '2021-01-01 11:30:31'),
(769, 22, 0, '2021-01-27 16:30:00', '30000.00', '0.00', 15, '', 0, 1, '2021-01-01 11:30:51'),
(770, 20, 0, '2021-01-28 16:30:00', '50000.00', '0.00', 15, '', 0, 1, '2021-01-01 11:31:09'),
(771, 38, 0, '2021-01-28 16:31:00', '50000.00', '0.00', 15, '', 0, 1, '2021-01-01 11:31:28'),
(772, 14, 0, '2021-01-28 16:31:00', '50000.00', '0.00', 15, '', 0, 1, '2021-01-01 11:32:04'),
(773, 95, 0, '2021-01-28 16:32:00', '50000.00', '0.00', 15, '', 0, 1, '2021-01-01 11:32:39'),
(774, 41, 0, '2021-01-28 16:32:00', '50000.00', '0.00', 15, '', 0, 1, '2021-01-01 11:32:55'),
(775, 64, 0, '2021-01-28 16:33:00', '40000.00', '0.00', 15, '', 0, 1, '2021-01-01 11:33:37'),
(776, 82, 0, '2021-01-30 16:33:00', '23300.00', '0.00', 15, '', 0, 1, '2021-01-01 11:34:04'),
(777, 82, 0, '2021-01-31 16:34:00', '42000.00', '0.00', 15, '', 0, 1, '2021-01-01 11:34:28'),
(778, 115, 0, '2021-01-07 16:34:00', '20000.00', '0.00', 15, '', 0, 1, '2021-02-08 13:24:15'),
(779, 116, 0, '2021-01-29 18:32:00', '50000.00', '0.00', 15, '', 0, 1, '2021-02-08 13:32:48'),
(780, 124, 0, '2021-01-31 19:17:00', '28000.00', '0.00', 15, '', 0, 1, '2021-02-14 14:18:14'),
(781, 124, 0, '2021-01-31 19:18:00', '0.00', '2510.00', 0, 'RF', 0, 1, '2021-02-14 14:19:12'),
(782, 125, 0, '2021-01-31 19:28:00', '0.00', '8400.00', 0, 'RF', 0, 1, '2021-02-14 14:29:19'),
(784, 8, 0, '2021-02-04 20:50:00', '100000.00', '0.00', 0, '630\r\n', 0, 1, '2021-02-17 16:09:39'),
(785, 36, 0, '2021-02-06 20:50:00', '100000.00', '0.00', 0, '631', 0, 1, '2021-02-17 15:51:23'),
(786, 115, 0, '2021-02-13 20:51:00', '28000.00', '0.00', 0, '634', 0, 1, '2021-02-17 15:52:12'),
(787, 122, 0, '2021-02-07 20:52:00', '10000.00', '0.00', 0, '635 WR', 0, 1, '2021-02-17 15:52:45'),
(788, 7, 0, '2021-02-07 20:52:00', '200000.00', '0.00', 0, '636', 0, 1, '2021-02-17 15:53:07'),
(789, 10, 0, '2021-02-10 20:53:00', '100000.00', '0.00', 0, '637\r\n', 0, 1, '2021-02-17 15:53:31'),
(790, 61, 0, '2021-02-10 20:53:00', '50000.00', '0.00', 0, '639', 0, 1, '2021-02-17 15:54:00'),
(791, 13, 0, '2021-02-11 20:54:00', '80000.00', '0.00', 0, '639', 0, 1, '2021-02-17 15:54:28'),
(792, 24, 0, '2021-02-13 20:54:00', '100000.00', '0.00', 0, '640', 0, 1, '2021-02-17 15:54:51'),
(793, 15, 0, '2021-02-13 20:55:00', '20000.00', '0.00', 0, '641', 0, 1, '2021-02-17 15:55:48'),
(794, 113, 0, '2021-02-14 20:55:00', '25000.00', '0.00', 0, '642', 0, 1, '2021-02-17 15:56:13'),
(795, 127, 0, '2021-02-14 20:56:00', '20000.00', '0.00', 0, '643', 0, 1, '2021-02-17 15:56:52'),
(796, 8, 0, '2021-02-15 20:56:00', '200000.00', '0.00', 0, '644', 0, 1, '2021-02-17 15:57:12'),
(797, 30, 0, '2021-02-15 20:57:00', '150000.00', '0.00', 0, '645', 0, 1, '2021-02-17 15:57:37'),
(798, 33, 0, '2021-02-16 20:57:00', '150000.00', '0.00', 0, '646', 0, 1, '2021-02-17 16:04:01'),
(799, 118, 0, '2021-02-16 21:04:00', '40000.00', '0.00', 0, '647', 0, 1, '2021-02-17 16:04:34'),
(800, 127, 0, '2021-02-16 22:13:00', '8000.00', '0.00', 0, '648', 0, 1, '2021-02-22 17:17:59'),
(801, 122, 0, '2021-02-16 22:13:00', '2000.00', '0.00', 0, '649', 0, 1, '2021-02-22 17:18:10'),
(802, 84, 0, '2021-02-18 22:14:00', '60000.00', '0.00', 0, '650', 0, 1, '2021-02-22 17:18:22'),
(803, 70, 0, '2021-02-18 22:14:00', '13750.00', '0.00', 0, '651', 0, 1, '2021-02-22 17:18:33'),
(804, 4, 0, '2021-02-18 22:14:00', '200000.00', '0.00', 0, '652', 0, 1, '2021-02-22 17:18:42'),
(805, 72, 0, '2021-02-22 22:15:00', '50000.00', '0.00', 0, '653', 0, 1, '2021-02-22 17:18:53'),
(806, 3, 0, '2021-02-22 22:15:00', '150000.00', '0.00', 0, '654', 0, 1, '2021-02-22 17:19:05'),
(807, 16, 0, '2021-02-22 22:15:00', '50000.00', '0.00', 0, '655', 0, 1, '2021-02-22 17:19:14'),
(808, 15, 0, '2021-02-22 22:16:00', '40000.00', '0.00', 0, '656', 0, 1, '2021-02-22 17:16:43'),
(809, 44, 0, '2021-02-22 22:16:00', '50000.00', '0.00', 0, '657', 0, 1, '2021-02-22 17:17:00'),
(810, 121, 0, '2021-02-22 22:17:00', '15000.00', '0.00', 0, '658', 0, 1, '2021-02-22 17:17:19'),
(811, 41, 0, '2021-02-22 22:17:00', '100000.00', '0.00', 0, '659', 0, 1, '2021-02-22 17:17:38'),
(812, 30, 0, '2021-02-23 16:34:00', '100000.00', '0.00', 0, '660', 0, 1, '2021-02-25 11:35:32'),
(813, 19, 0, '2021-02-23 16:34:00', '50000.00', '0.00', 0, '661', 0, 1, '2021-02-25 11:35:59'),
(814, 60, 0, '2021-02-23 16:35:00', '40000.00', '0.00', 0, '662', 0, 1, '2021-02-25 11:35:51'),
(815, 14, 0, '2021-02-23 16:36:00', '100000.00', '0.00', 0, '663', 0, 1, '2021-02-25 11:36:26'),
(816, 127, 0, '2021-02-23 16:36:00', '1000.00', '0.00', 0, '664', 0, 1, '2021-02-25 11:36:50'),
(817, 11, 0, '2021-02-23 16:36:00', '150000.00', '0.00', 0, '665', 0, 1, '2021-02-25 11:37:20'),
(818, 16, 0, '2021-02-23 16:37:00', '50000.00', '0.00', 0, '666', 0, 1, '2021-02-25 11:37:43'),
(819, 37, 0, '2021-02-23 16:37:00', '50000.00', '0.00', 0, '667', 0, 1, '2021-02-25 11:38:10'),
(820, 38, 0, '2021-02-24 16:38:00', '50000.00', '0.00', 0, '668', 0, 1, '2021-02-25 11:38:32'),
(821, 13, 0, '2021-02-24 16:38:00', '100000.00', '0.00', 0, '669', 0, 1, '2021-02-25 11:38:55'),
(822, 37, 0, '2021-02-24 16:39:00', '50000.00', '0.00', 0, '670', 0, 1, '2021-02-25 11:39:24'),
(823, 34, 0, '2021-02-24 16:39:00', '50000.00', '0.00', 0, '671', 0, 1, '2021-02-25 11:39:51');

-- --------------------------------------------------------

--
-- Table structure for table `delivery`
--

CREATE TABLE `delivery` (
  `id` int(11) NOT NULL,
  `gatepass_id` varchar(20) NOT NULL,
  `date` date NOT NULL,
  `customer_id` int(11) NOT NULL,
  `claim` varchar(50) NOT NULL,
  `labour_id` int(11) NOT NULL,
  `customer_payment_id` int(11) NOT NULL,
  `status` int(1) NOT NULL DEFAULT 1,
  `ts` timestamp NOT NULL DEFAULT current_timestamp() ON UPDATE current_timestamp()
) ENGINE=InnoDB DEFAULT CHARSET=latin1;

--
-- Dumping data for table `delivery`
--

INSERT INTO `delivery` (`id`, `gatepass_id`, `date`, `customer_id`, `claim`, `labour_id`, `customer_payment_id`, `status`, `ts`) VALUES
(1, '1', '2020-07-31', 1, '', 0, 5, 1, '2021-01-16 10:20:51'),
(2, '2', '2020-08-31', 1, '', 0, 7, 1, '2021-01-16 10:27:12'),
(3, '3', '2020-09-30', 1, '', 0, 10, 1, '2021-01-16 10:28:40'),
(4, '4', '2020-10-29', 1, '', 0, 13, 1, '2021-01-16 10:30:10'),
(5, '5', '2020-10-31', 1, '', 0, 14, 1, '2021-01-20 07:31:28'),
(6, '6', '2020-11-30', 1, '', 0, 15, 1, '2021-01-20 07:31:51'),
(8, '7', '2020-12-31', 1, '', 0, 19, 1, '2021-01-20 07:32:10'),
(9, '1', '2020-10-21', 85, '', 0, 29, 1, '2021-01-21 20:43:40'),
(10, '1', '2020-06-30', 2, '', 0, 32, 1, '2021-01-21 20:51:10'),
(11, '2', '2020-07-31', 2, '', 0, 33, 1, '2021-01-21 20:56:05'),
(12, '3', '2020-09-30', 2, '', 0, 34, 1, '2021-01-21 20:57:58'),
(13, '4', '2020-10-31', 2, '', 0, 35, 1, '2021-01-21 20:59:13'),
(14, '5', '2020-11-30', 2, '', 0, 36, 1, '2021-01-21 21:00:45'),
(15, '6', '2020-12-31', 2, '', 0, 37, 1, '2021-01-21 21:02:09'),
(16, '1', '2020-06-30', 3, '', 0, 65, 1, '2021-01-21 21:59:34'),
(17, '2', '2020-07-31', 3, '', 0, 68, 1, '2021-01-21 22:03:13'),
(18, '3', '2020-09-30', 3, '', 0, 70, 1, '2021-01-21 22:05:52'),
(19, '4', '2020-10-31', 3, '', 0, 73, 1, '2021-01-21 22:08:27'),
(20, '5', '2020-11-30', 3, '', 0, 75, 1, '2021-01-21 22:10:19'),
(21, '6', '2020-12-31', 3, '', 0, 80, 1, '2021-01-21 22:14:01'),
(22, '1', '2020-07-31', 4, '', 0, 84, 1, '2021-01-21 22:17:31'),
(23, '2', '2020-09-30', 4, '', 0, 86, 1, '2021-01-21 22:22:19'),
(24, '3', '2020-10-31', 4, '', 0, 89, 1, '2021-01-22 02:40:29'),
(25, '', '2020-11-30', 4, '', 0, 91, 1, '2021-01-22 02:41:59'),
(26, '5', '2020-12-31', 4, '', 0, 96, 1, '2021-01-22 02:47:26'),
(27, '1', '2020-06-30', 5, '', 0, 107, 1, '2021-01-22 03:02:43'),
(28, '2', '2020-07-31', 5, '', 0, 108, 1, '2021-01-22 03:03:27'),
(29, '3', '2020-08-31', 5, '', 0, 112, 1, '2021-01-22 03:05:51'),
(30, '4', '2020-09-30', 5, '', 0, 113, 1, '2021-01-22 03:06:27'),
(31, '5', '2020-10-31', 5, '', 0, 114, 1, '2021-01-22 03:07:17'),
(32, '6', '2020-11-30', 5, '', 0, 116, 1, '2021-01-22 03:08:37'),
(33, '7', '2020-12-31', 5, '', 0, 119, 1, '2021-01-22 03:12:45'),
(34, '1', '2020-06-30', 6, '', 0, 123, 1, '2021-01-22 03:17:24'),
(35, '2', '2020-07-31', 6, '', 0, 125, 1, '2021-01-22 03:18:24'),
(36, '3', '2020-08-31', 6, '', 0, 128, 1, '2021-01-22 03:20:10'),
(37, '4', '2020-09-30', 6, '', 0, 130, 1, '2021-01-22 03:21:37'),
(38, '6', '2020-10-31', 6, '', 0, 131, 1, '2021-01-22 03:22:32'),
(39, '6', '2020-11-30', 6, '', 0, 132, 1, '2021-01-22 03:23:02'),
(40, '7', '2020-12-31', 6, '', 0, 136, 1, '2021-01-22 03:28:20'),
(41, '1', '2020-06-30', 7, '', 0, 139, 1, '2021-01-22 03:33:01'),
(42, '2', '2020-07-31', 7, '', 0, 140, 1, '2021-01-22 03:34:18'),
(43, '3', '2020-08-31', 7, '', 0, 144, 1, '2021-01-22 03:36:39'),
(44, '4', '2020-09-30', 7, '', 0, 146, 1, '2021-01-22 03:38:39'),
(45, '5', '2020-10-31', 7, '', 0, 149, 1, '2021-01-22 03:41:38'),
(46, '6', '2020-11-30', 7, '', 0, 152, 1, '2021-01-22 03:43:55'),
(47, '7', '2020-12-31', 7, '', 0, 156, 1, '2021-01-22 03:48:18'),
(48, '1', '2020-06-30', 8, '', 0, 160, 1, '2021-01-22 03:56:48'),
(49, '2', '2020-07-31', 8, '', 0, 163, 1, '2021-01-22 03:58:28'),
(50, '3', '2020-08-31', 8, '', 0, 168, 1, '2021-01-22 04:01:32'),
(51, '4', '2020-09-30', 8, '', 0, 170, 1, '2021-01-22 04:04:16'),
(52, '5', '2020-10-31', 8, '', 0, 172, 1, '2021-01-22 04:08:19'),
(53, '6', '2020-11-30', 8, '', 0, 175, 1, '2021-01-22 04:10:14'),
(54, '7', '2020-12-30', 8, '', 0, 181, 1, '2021-01-22 04:14:03'),
(55, '1', '2020-06-30', 9, '', 0, 183, 1, '2021-01-22 04:18:14'),
(56, '2', '2020-07-29', 9, '', 0, 185, 1, '2021-01-25 18:47:50'),
(57, '3', '2020-08-31', 9, '', 0, 188, 1, '2021-01-22 04:28:13'),
(58, '4', '2020-09-29', 9, '', 0, 192, 1, '2021-01-22 04:30:49'),
(59, '5', '2020-10-30', 9, '', 0, 194, 1, '2021-01-22 04:32:49'),
(60, '6', '2020-11-29', 9, '', 0, 195, 1, '2021-01-22 04:33:44'),
(61, '7', '2020-12-30', 9, '', 0, 201, 1, '2021-01-22 04:37:15'),
(63, '1', '2020-06-29', 10, '', 0, 207, 1, '2021-01-22 04:59:19'),
(64, '2', '2020-07-29', 10, '', 0, 211, 1, '2021-01-22 05:01:32'),
(65, '3', '2020-08-30', 10, '', 0, 214, 1, '2021-01-22 05:03:35'),
(66, '4', '2020-09-29', 10, '', 0, 215, 1, '2021-01-22 05:05:32'),
(67, '5', '2020-10-29', 10, '', 0, 216, 1, '2021-01-22 05:06:14'),
(68, '6', '2020-11-29', 10, '', 0, 218, 1, '2021-01-22 05:08:02'),
(69, '7', '2020-12-30', 10, '', 0, 220, 1, '2021-01-22 05:10:03'),
(70, '1', '2020-06-29', 11, '', 0, 227, 1, '2021-01-22 05:29:12'),
(71, '2', '2020-07-29', 11, '', 0, 228, 1, '2021-01-22 05:32:37'),
(72, '3', '2020-08-30', 11, '', 0, 235, 1, '2021-01-22 05:38:22'),
(73, '4', '2020-09-29', 11, '', 0, 236, 1, '2021-01-22 05:49:20'),
(74, '5', '2020-10-29', 11, '', 0, 238, 1, '2021-01-22 06:25:17'),
(75, '6', '2020-11-30', 11, '', 0, 242, 1, '2021-01-22 06:56:16'),
(76, '7', '2020-12-30', 11, '', 0, 244, 1, '2021-01-22 07:00:11'),
(77, '1', '2020-07-30', 12, '', 0, 245, 1, '2021-01-22 07:04:09'),
(78, '2', '2020-09-29', 12, '', 0, 246, 1, '2021-01-22 07:04:53'),
(79, '3', '2020-10-30', 12, '', 0, 247, 1, '2021-01-22 07:05:21'),
(80, '4', '2020-08-29', 12, '', 0, 251, 1, '2021-01-22 07:11:47'),
(81, '1', '2020-07-30', 13, '', 0, 255, 1, '2021-01-22 07:14:20'),
(82, '2', '2020-09-29', 13, '', 0, 256, 1, '2021-01-22 07:14:56'),
(83, '3', '2020-10-30', 13, '', 0, 258, 1, '2021-01-22 07:16:45'),
(84, '4', '2020-11-29', 13, '', 0, 259, 1, '2021-01-22 07:17:15'),
(85, '4', '2020-12-30', 13, '', 0, 261, 1, '2021-01-22 07:18:31'),
(86, '1', '2020-06-29', 14, '', 0, 262, 1, '2021-01-22 07:20:33'),
(87, '2', '2020-07-30', 14, '', 0, 263, 1, '2021-01-22 07:21:15'),
(88, '3', '2020-09-29', 14, '', 0, 264, 1, '2021-01-22 07:21:42'),
(89, '4', '2020-11-29', 14, '', 0, 265, 1, '2021-01-22 07:22:19'),
(90, '5', '2020-12-30', 14, '', 0, 266, 1, '2021-01-22 07:22:57'),
(91, '1', '2020-07-29', 90, '', 0, 289, 1, '2021-01-22 07:48:45'),
(92, '1', '2020-06-28', 15, '', 0, 290, 1, '2021-01-22 07:56:18'),
(93, '2', '2020-07-29', 15, '', 0, 291, 1, '2021-01-22 09:40:05'),
(94, '3', '2020-08-29', 15, '', 0, 292, 1, '2021-01-22 09:40:50'),
(95, '4', '2020-09-29', 15, '', 0, 293, 1, '2021-01-22 09:41:19'),
(96, '5', '2020-10-29', 15, '', 0, 294, 1, '2021-01-22 09:41:59'),
(97, '6', '2020-11-29', 15, '', 0, 295, 1, '2021-01-22 09:42:31'),
(98, '7', '2020-12-29', 15, '', 0, 296, 1, '2021-01-22 09:43:07'),
(99, '1', '2020-06-24', 16, '', 0, 307, 1, '2021-01-22 09:52:21'),
(100, '2', '2020-07-29', 16, '', 0, 308, 1, '2021-01-22 09:53:21'),
(101, '3', '2020-09-29', 16, '', 0, 309, 1, '2021-01-22 09:54:03'),
(102, '4', '2020-10-28', 16, '', 0, 310, 1, '2021-01-22 09:55:14'),
(103, '5', '2020-11-29', 16, '', 0, 311, 1, '2021-01-22 09:56:11'),
(104, '6', '2020-12-29', 16, '', 0, 312, 1, '2021-01-22 09:56:55'),
(105, '1', '2020-06-28', 17, '', 0, 325, 1, '2021-01-22 10:11:38'),
(106, '2', '2020-07-27', 17, '', 0, 326, 1, '2021-01-22 10:12:38'),
(107, '3', '2020-08-28', 17, '', 0, 327, 1, '2021-01-22 10:13:08'),
(108, '4', '2020-09-29', 17, '', 0, 328, 1, '2021-01-22 10:13:43'),
(109, '5', '2020-12-29', 17, '', 0, 329, 1, '2021-01-22 10:14:11'),
(110, '1', '2020-12-29', 18, '', 0, 335, 1, '2021-01-22 10:20:59'),
(111, '1', '2020-06-28', 19, '', 0, 340, 1, '2021-01-22 10:33:16'),
(112, '2', '2020-07-26', 19, '', 0, 341, 1, '2021-01-22 10:34:12'),
(113, '3', '2020-09-28', 19, '', 0, 342, 1, '2021-01-22 10:42:11'),
(114, '4', '2020-10-28', 19, '', 0, 343, 1, '2021-01-22 10:48:08'),
(115, '5', '2020-11-28', 19, '', 0, 344, 1, '2021-01-22 10:48:51'),
(116, '6', '2020-12-30', 19, '', 0, 345, 1, '2021-01-22 10:49:38'),
(117, '1', '2020-07-28', 20, '', 0, 358, 1, '2021-01-22 10:59:01'),
(118, '2', '2020-08-29', 20, '', 0, 359, 1, '2021-01-22 10:59:29'),
(119, '3', '2020-09-29', 20, '', 0, 360, 1, '2021-01-22 11:00:12'),
(120, '1', '2020-07-29', 21, '', 0, 370, 1, '2021-01-22 12:50:59'),
(121, '2', '2020-11-28', 21, '', 0, 371, 1, '2021-01-22 12:51:23'),
(122, '1', '2020-09-28', 22, '', 0, 378, 1, '2021-01-22 12:58:29'),
(123, '2', '2020-10-30', 22, '', 0, 379, 1, '2021-01-22 12:58:58'),
(124, '3', '2020-11-28', 22, '', 0, 380, 1, '2021-01-22 12:59:32'),
(125, '1', '2020-06-29', 24, '', 0, 398, 1, '2021-01-22 13:56:14'),
(126, '2', '2020-07-29', 24, '', 0, 399, 1, '2021-01-22 13:57:00'),
(127, '3', '2020-09-29', 24, '', 0, 400, 1, '2021-01-22 13:58:01'),
(128, '4', '2020-10-29', 24, '', 0, 401, 1, '2021-01-22 13:58:32'),
(129, '5', '2020-11-29', 24, '', 0, 402, 1, '2021-01-22 13:59:28'),
(130, '6', '2020-11-29', 24, '', 0, 403, 1, '2021-01-22 14:00:18'),
(131, '1', '2020-06-29', 25, '', 0, 410, 1, '2021-01-22 14:16:27'),
(132, '2', '2020-07-27', 25, '', 0, 411, 1, '2021-01-22 14:17:06'),
(133, '3', '2020-09-28', 25, '', 0, 412, 1, '2021-01-22 14:17:45'),
(134, '4', '2020-10-28', 25, '', 0, 413, 1, '2021-01-22 14:18:18'),
(135, '5', '2020-11-29', 25, '', 0, 414, 1, '2021-01-22 14:18:48'),
(136, '6', '2020-12-29', 25, '', 0, 415, 1, '2021-01-22 14:19:37'),
(137, '1', '2020-07-30', 26, '', 0, 420, 1, '2021-01-22 14:28:34'),
(138, '2', '2020-09-29', 26, '', 0, 421, 1, '2021-01-22 14:29:00'),
(139, '3', '2020-11-29', 26, '', 0, 422, 1, '2021-01-22 14:29:31'),
(140, '4', '2020-12-29', 26, '', 0, 423, 1, '2021-01-22 14:30:05'),
(141, '1', '2020-06-29', 27, '', 0, 431, 1, '2021-01-22 14:37:40'),
(142, '2', '2020-07-29', 27, '', 0, 432, 1, '2021-01-22 14:38:19'),
(143, '3', '2020-08-30', 27, '', 0, 433, 1, '2021-01-22 14:38:50'),
(144, '1', '2020-07-29', 29, '', 0, 438, 1, '2021-01-23 01:39:41'),
(145, '2', '2020-09-29', 29, '', 0, 439, 1, '2021-01-23 01:41:39'),
(146, '3', '2020-10-30', 29, '', 0, 440, 1, '2021-01-23 01:42:47'),
(147, '4', '2020-11-29', 29, '', 0, 441, 1, '2021-01-23 01:43:51'),
(148, '5', '2020-12-30', 29, '', 0, 442, 1, '2021-01-23 01:44:41'),
(150, '1', '2020-06-29', 30, '', 0, 451, 1, '2021-01-23 01:58:30'),
(151, '2', '2020-07-03', 30, '', 0, 452, 1, '2021-01-23 02:38:01'),
(152, '3', '2020-08-30', 30, '', 0, 453, 1, '2021-01-23 02:00:18'),
(153, '4', '2020-09-29', 30, '', 0, 454, 1, '2021-01-23 02:01:08'),
(154, '5', '2020-10-29', 30, '', 0, 455, 1, '2021-01-23 02:01:47'),
(155, '6', '2020-11-29', 30, '', 0, 456, 1, '2021-01-23 02:02:19'),
(156, '7', '2020-12-30', 30, '', 0, 457, 1, '2021-01-23 02:02:45'),
(158, '1', '2020-06-01', 48, '', 0, 0, 1, '2021-01-27 01:54:01'),
(159, '2', '2020-09-30', 48, '', 0, 0, 1, '2021-01-27 01:55:18'),
(160, '3', '2020-10-30', 48, '', 0, 0, 1, '2021-01-27 01:56:50'),
(161, '4', '2020-11-30', 48, '', 0, 0, 1, '2021-01-27 01:57:42'),
(162, '5', '2020-12-30', 48, '', 0, 0, 1, '2021-01-27 01:59:43'),
(163, '1', '2020-10-28', 102, '', 0, 0, 1, '2021-01-27 02:22:54'),
(164, '1', '2020-07-30', 61, '', 0, 0, 1, '2021-01-27 12:27:58'),
(165, '2', '2020-09-30', 61, '', 0, 0, 1, '2021-01-27 12:29:03'),
(166, '3', '2020-10-30', 61, '', 0, 0, 1, '2021-01-27 12:29:40'),
(167, '4', '2020-11-30', 61, '', 0, 0, 1, '2021-01-27 12:30:15'),
(168, '1', '2020-06-03', 46, '', 0, 0, 1, '2021-01-27 12:41:03'),
(169, '2', '2020-07-29', 46, '', 0, 0, 1, '2021-01-27 12:41:51'),
(170, '3', '2020-08-27', 46, '', 0, 0, 1, '2021-01-27 15:19:11'),
(171, '4', '2020-09-29', 46, '', 0, 0, 1, '2021-01-27 12:44:23'),
(172, '5', '2020-10-30', 46, '', 0, 0, 1, '2021-01-27 12:44:56'),
(173, '6', '2020-11-26', 46, '', 0, 0, 1, '2021-01-27 12:45:25'),
(174, '7', '2020-12-30', 46, '', 0, 0, 1, '2021-01-27 12:45:51'),
(175, '1', '2020-06-29', 47, '', 0, 0, 1, '2021-01-27 12:47:40'),
(176, '1', '2020-12-27', 77, '', 0, 0, 1, '2021-02-15 03:38:59'),
(177, '1', '2020-11-06', 76, '', 0, 0, 1, '2021-01-27 13:16:03'),
(178, '1', '2020-11-07', 75, '', 0, 0, 1, '2021-01-27 13:18:34'),
(179, '2', '2020-12-30', 75, '', 0, 0, 1, '2021-01-27 13:19:32'),
(180, '1', '2020-06-03', 57, '', 0, 0, 1, '2021-01-27 13:38:12'),
(181, '2', '2020-09-29', 57, '', 0, 0, 1, '2021-01-27 13:38:47'),
(182, '1', '2020-11-04', 116, '', 0, 0, 1, '2021-01-27 09:39:09'),
(183, '2', '2020-12-05', 116, '', 0, 0, 1, '2021-01-27 09:39:25'),
(184, '1', '2020-06-27', 104, '', 0, 0, 1, '2021-01-27 13:56:13'),
(185, '2', '2020-07-27', 104, '', 0, 0, 1, '2021-01-27 13:57:39'),
(186, '1', '2020-10-29', 72, '', 0, 0, 1, '2021-01-27 14:02:18'),
(187, '2', '2020-11-27', 72, '', 0, 0, 1, '2021-01-27 14:03:10'),
(188, '3', '2020-12-30', 72, '', 0, 0, 1, '2021-01-27 14:03:46'),
(189, '1', '2020-07-29', 59, '', 0, 0, 1, '2021-01-27 14:05:47'),
(190, '1', '2020-10-29', 71, '', 0, 0, 1, '2021-01-27 14:07:06'),
(191, '2', '2020-11-07', 71, '', 0, 0, 1, '2021-01-27 14:08:16'),
(192, '3', '2020-12-30', 71, '', 0, 0, 1, '2021-01-27 14:08:46'),
(193, '1', '2020-10-28', 70, '', 0, 0, 1, '2021-01-27 14:11:09'),
(194, '1', '2020-07-14', 60, '', 0, 0, 1, '2021-01-27 14:14:49'),
(195, '2', '2020-09-22', 60, '', 0, 0, 1, '2021-01-27 14:15:19'),
(196, '3', '2020-10-27', 60, '', 0, 0, 1, '2021-01-27 14:15:45'),
(197, '4', '2020-11-23', 60, '', 0, 0, 1, '2021-01-27 14:16:17'),
(198, '5', '2020-12-30', 60, '', 0, 0, 1, '2021-01-27 14:16:52'),
(199, '1', '2020-09-29', 69, '', 0, 0, 1, '2021-01-27 14:20:43'),
(200, '2', '2020-10-27', 69, '', 0, 0, 1, '2021-01-27 14:21:12'),
(201, '3', '2020-12-28', 69, '', 0, 0, 1, '2021-01-27 14:21:30'),
(202, '1', '2020-07-13', 62, '', 0, 0, 1, '2021-01-27 14:22:52'),
(203, '2', '2020-09-27', 62, '', 0, 0, 1, '2021-01-27 14:23:34'),
(204, '3', '2020-11-24', 62, '', 0, 0, 1, '2021-01-27 14:24:02'),
(205, '4', '2020-12-29', 62, '', 0, 0, 1, '2021-01-27 14:24:23'),
(206, '1', '2020-07-14', 63, '', 0, 0, 1, '2021-01-27 14:28:01'),
(207, '1', '2020-09-27', 68, '', 0, 0, 1, '2021-01-27 14:29:21'),
(208, '2', '2020-12-28', 68, '', 0, 0, 1, '2021-01-27 14:30:06'),
(209, '1', '2020-07-19', 66, '', 0, 0, 1, '2021-01-27 14:36:14'),
(210, '1', '2020-09-27', 65, '', 0, 0, 1, '2021-01-27 14:38:32'),
(211, '2', '2020-10-27', 65, '', 0, 0, 1, '2021-01-27 14:39:06'),
(212, '3', '2020-11-23', 65, '', 0, 0, 1, '2021-01-27 14:39:40'),
(213, '1', '2020-07-30', 105, '', 0, 0, 1, '2021-01-27 14:44:05'),
(214, '1', '2020-07-29', 55, '', 0, 0, 1, '2021-01-27 15:04:59'),
(215, '2', '2020-10-13', 55, '', 0, 0, 1, '2021-01-27 15:05:26'),
(216, '1', '2020-12-29', 39, '', 0, 0, 1, '2021-01-27 15:14:03'),
(217, '1', '2020-12-29', 45, '', 0, 0, 1, '2021-01-27 15:15:26'),
(218, '1', '2020-11-27', 73, '', 0, 0, 1, '2021-01-27 15:24:41'),
(219, '2', '2020-12-29', 73, '', 0, 0, 1, '2021-01-27 15:25:11'),
(220, '1', '2020-09-29', 64, '', 0, 0, 1, '2021-01-27 15:27:38'),
(221, '2', '2020-12-29', 64, '', 0, 0, 1, '2021-01-27 15:28:19'),
(222, '1', '2020-09-28', 67, '', 0, 0, 1, '2021-01-28 00:25:31'),
(223, '2', '2020-10-29', 67, '', 0, 0, 1, '2021-01-28 00:27:15'),
(224, '3', '2020-11-29', 67, '', 0, 0, 1, '2021-01-28 00:27:54'),
(225, '4', '2020-12-29', 67, '', 0, 0, 1, '2021-01-28 00:28:23'),
(226, '1', '2020-07-30', 50, '', 0, 0, 1, '2021-01-28 00:31:36'),
(227, '2', '2020-09-29', 50, '', 0, 0, 1, '2021-01-28 00:32:06'),
(228, '3', '2020-10-30', 50, '', 0, 0, 1, '2021-01-28 00:32:28'),
(229, '1', '2020-06-30', 31, '', 0, 0, 1, '2021-01-28 00:37:51'),
(230, '2', '2020-07-31', 31, '', 0, 0, 1, '2021-01-28 00:38:18'),
(231, '1', '2020-06-30', 95, '', 0, 0, 1, '2021-01-28 00:42:13'),
(232, '2', '2020-09-30', 95, '', 0, 0, 1, '2021-01-28 00:42:39'),
(233, '3', '2020-10-31', 95, '', 0, 0, 1, '2021-01-28 00:43:28'),
(234, '4', '2020-11-30', 95, '', 0, 0, 1, '2021-01-28 00:44:11'),
(235, '5', '2020-12-31', 95, '', 0, 0, 1, '2021-01-28 00:44:46'),
(236, '1', '2020-07-31', 110, '', 0, 0, 1, '2021-01-28 00:46:22'),
(237, '2', '2020-10-31', 110, '', 0, 0, 1, '2021-01-28 00:46:50'),
(238, '3', '2020-11-30', 110, '', 0, 0, 1, '2021-01-28 00:47:16'),
(239, '4', '2020-12-31', 110, '', 0, 0, 1, '2021-01-28 00:47:36'),
(240, '2', '2020-07-31', 47, '', 0, 0, 1, '2021-01-28 00:52:23'),
(241, '3', '2020-08-31', 47, '', 0, 0, 1, '2021-01-28 00:53:02'),
(242, '4', '2020-09-30', 47, '', 0, 0, 1, '2021-01-28 00:53:47'),
(243, '5', '2020-10-31', 47, '', 0, 0, 1, '2021-01-28 00:54:31'),
(244, '6', '2020-11-30', 47, '', 0, 0, 1, '2021-01-28 00:55:14'),
(245, '7', '2020-12-31', 47, '', 0, 0, 1, '2021-01-28 00:55:44'),
(246, '1', '2020-06-30', 49, '', 0, 0, 1, '2021-01-28 01:02:20'),
(247, '2', '2020-07-31', 49, '', 0, 0, 1, '2021-01-28 01:03:04'),
(248, '3', '2020-09-30', 49, '', 0, 0, 1, '2021-01-28 01:03:32'),
(249, '4', '2020-10-31', 49, '', 0, 0, 1, '2021-01-28 01:04:04'),
(250, '5', '2020-11-30', 49, '', 0, 0, 1, '2021-01-28 01:04:53'),
(251, '6', '2020-12-31', 49, '', 0, 0, 1, '2021-01-28 01:05:14'),
(252, '1', '2020-07-31', 43, '', 0, 0, 1, '2021-01-28 01:12:28'),
(253, '2', '2020-09-30', 43, '', 0, 0, 1, '2021-01-28 01:13:30'),
(254, '3', '2020-11-30', 43, '', 0, 0, 1, '2021-01-28 01:14:53'),
(255, '1', '2020-07-31', 36, '', 0, 0, 1, '2021-01-28 01:21:32'),
(256, '2', '2020-09-30', 36, '', 0, 0, 1, '2021-01-28 01:22:10'),
(257, '3', '2020-10-31', 36, '', 0, 0, 1, '2021-01-28 01:22:38'),
(258, '4', '2020-12-31', 36, '', 0, 0, 1, '2021-01-28 01:23:05'),
(259, '1', '2020-06-30', 42, '', 0, 0, 1, '2021-01-28 01:55:11'),
(260, '2', '2020-07-31', 42, '', 0, 0, 1, '2021-01-28 01:55:34'),
(261, '3', '2020-11-30', 42, '', 0, 0, 1, '2021-01-28 01:56:24'),
(262, '4', '2020-12-31', 42, '', 0, 0, 1, '2021-01-28 01:56:51'),
(263, '1', '2020-06-30', 33, '', 0, 0, 1, '2021-01-28 02:03:33'),
(264, '2', '2020-07-31', 33, '', 0, 0, 1, '2021-01-28 02:05:14'),
(265, '3', '2020-08-31', 33, '', 0, 0, 1, '2021-01-28 02:05:50'),
(266, '4', '2020-09-30', 33, '', 0, 0, 1, '2021-01-28 02:06:43'),
(267, '5', '2020-10-31', 89, '', 0, 0, 1, '2021-01-28 02:08:00'),
(268, '6', '2020-11-30', 33, '', 0, 0, 1, '2021-01-28 02:09:30'),
(269, '7', '2020-12-31', 33, '', 0, 0, 1, '2021-01-28 02:10:38'),
(270, '5', '2020-10-31', 33, '', 0, 0, 1, '2021-01-28 02:21:07'),
(271, '1', '2020-11-30', 41, '', 0, 0, 1, '2021-01-28 02:23:51'),
(272, '2', '2020-12-31', 41, '', 0, 0, 1, '2021-01-28 02:24:44'),
(273, '1', '2020-09-30', 40, '', 0, 0, 1, '2021-01-28 02:28:05'),
(274, '2', '2020-10-31', 40, '', 0, 0, 1, '2021-01-28 02:28:33'),
(275, '3', '2020-11-30', 40, '', 0, 0, 1, '2021-01-28 02:29:19'),
(276, '4', '2020-12-31', 40, '', 0, 0, 1, '2021-01-28 02:29:43'),
(277, '1', '2020-10-31', 44, '', 0, 0, 1, '2021-01-28 02:37:40'),
(278, '2', '2020-11-30', 44, '', 0, 0, 1, '2021-01-28 02:38:44'),
(279, '2', '2020-11-30', 44, '', 0, 0, 1, '2021-01-28 02:42:01'),
(280, '1', '2020-06-30', 38, '', 0, 0, 1, '2021-01-28 02:44:12'),
(281, '2', '2020-07-31', 38, '', 0, 0, 1, '2021-01-28 02:44:53'),
(282, '3', '2020-08-31', 38, '', 0, 0, 1, '2021-01-28 02:45:22'),
(283, '4', '2020-10-31', 38, '', 0, 0, 1, '2021-01-28 02:45:59'),
(285, '6', '2020-12-31', 38, '', 0, 0, 1, '2021-01-28 02:48:10'),
(286, '7', '2020-11-30', 38, '', 0, 0, 1, '2021-01-28 02:53:01'),
(287, '1', '2020-07-31', 34, '', 0, 0, 1, '2021-01-28 02:57:53'),
(288, '2', '2020-08-31', 34, '', 0, 0, 1, '2021-01-28 02:58:20'),
(289, '3', '2020-09-30', 34, '', 0, 0, 1, '2021-01-28 02:59:04'),
(290, '4', '2020-10-31', 34, '', 0, 0, 1, '2021-01-28 02:59:36'),
(291, '5', '2020-11-30', 34, '', 0, 0, 1, '2021-01-28 03:00:05'),
(292, '6', '2020-12-31', 34, '', 0, 0, 1, '2021-01-28 03:00:32'),
(293, '1', '2020-07-31', 32, '', 0, 0, 1, '2021-01-28 04:34:43'),
(294, '2', '2020-09-30', 32, '', 0, 0, 1, '2021-01-28 04:35:15'),
(295, '3', '2020-10-31', 32, '', 0, 0, 1, '2021-01-28 04:36:02'),
(296, '4', '2020-11-30', 32, '', 0, 0, 1, '2021-01-28 04:36:54'),
(297, '5', '2020-12-31', 32, '', 0, 0, 1, '2021-01-28 04:38:04'),
(298, '1', '2020-06-30', 35, '', 0, 0, 1, '2021-01-28 04:46:23'),
(299, '2', '2020-07-31', 35, '', 0, 0, 1, '2021-01-28 04:46:48'),
(300, '3', '2020-08-31', 35, '', 0, 0, 1, '2021-01-28 04:47:15'),
(301, '4', '2020-09-30', 35, '', 0, 0, 1, '2021-01-28 04:47:47'),
(302, '5', '2020-10-31', 35, '', 0, 0, 1, '2021-01-28 04:48:21'),
(303, '6', '2020-11-30', 35, '', 0, 0, 1, '2021-01-28 04:49:03'),
(304, '7', '2020-12-31', 35, '', 0, 0, 1, '2021-01-28 04:49:36'),
(305, '1', '2020-06-30', 37, '', 0, 0, 1, '2021-01-28 05:01:51'),
(306, '2', '2020-07-31', 37, '', 0, 0, 1, '2021-01-28 05:26:32'),
(307, '3', '2020-08-31', 37, '', 0, 0, 1, '2021-01-28 05:27:28'),
(308, '4', '2020-09-30', 37, '', 0, 0, 1, '2021-01-28 05:28:03'),
(309, '5', '2020-10-31', 37, '', 0, 0, 1, '2021-01-28 05:29:10'),
(310, '6', '2020-11-30', 37, '', 0, 0, 1, '2021-01-28 05:29:39'),
(311, '7', '2020-12-31', 37, '', 0, 0, 1, '2021-01-28 05:30:04'),
(313, '4036', '2021-01-02', 30, '', 0, 0, 1, '2021-01-02 01:30:04'),
(314, '4037', '2021-01-02', 45, '', 0, 0, 1, '2021-01-02 01:30:38'),
(315, '4038', '2021-01-02', 75, '', 0, 0, 1, '2021-01-02 01:34:43'),
(316, '4039', '2021-01-02', 113, '', 0, 0, 1, '2021-01-02 01:35:33'),
(317, '4040', '2021-01-02', 71, '', 0, 0, 1, '2021-01-02 01:36:10'),
(318, '4041', '2021-01-02', 39, '', 0, 0, 1, '2021-01-02 01:37:23'),
(319, '4042', '2021-01-02', 13, '', 0, 0, 1, '2021-01-02 01:38:42'),
(320, '4043', '2021-01-02', 75, '', 0, 0, 1, '2021-01-02 01:39:20'),
(321, '4044', '2021-01-02', 16, '', 0, 0, 1, '2021-01-02 01:39:47'),
(322, '4045', '2021-01-02', 49, '', 0, 0, 1, '2021-01-02 01:40:31'),
(323, '4046', '2021-01-02', 17, '', 0, 0, 1, '2021-01-02 01:41:15'),
(324, '4047', '2021-01-02', 5, '', 0, 0, 1, '2021-01-02 01:43:07'),
(325, '4048', '2021-01-02', 14, '', 0, 0, 1, '2021-01-02 01:43:42'),
(326, '4049', '2021-01-02', 11, '', 0, 0, 1, '2021-01-02 01:45:14'),
(327, '4050', '2021-01-03', 7, '', 0, 0, 1, '2021-01-03 01:47:04'),
(328, '4051', '2021-01-03', 8, '', 0, 0, 1, '2021-01-03 01:47:26'),
(329, '4052', '2021-01-03', 2, '', 0, 0, 1, '2021-01-03 01:47:53'),
(330, '4053', '2021-01-03', 62, '', 0, 0, 1, '2021-01-03 01:48:17'),
(331, '4054', '2021-01-03', 13, '', 0, 0, 1, '2021-01-03 01:48:39'),
(332, '4055', '2021-01-03', 47, '', 0, 0, 1, '2021-01-03 01:49:10'),
(333, '4056', '2021-01-03', 46, '', 0, 0, 1, '2021-01-03 01:49:35'),
(334, '4057', '2021-01-03', 19, '', 0, 0, 1, '2021-01-03 01:50:27'),
(335, '4058', '2021-01-03', 30, '', 0, 0, 1, '2021-01-03 01:51:03'),
(336, '4059', '2021-01-03', 64, '', 0, 0, 1, '2021-01-03 01:52:09'),
(337, '4060', '2021-01-03', 64, '', 0, 0, 1, '2021-01-03 01:52:39'),
(338, '4061', '2021-01-03', 116, '', 0, 0, 1, '2021-01-27 09:39:40'),
(339, '4062', '2021-01-03', 6, '', 0, 0, 1, '2021-01-03 01:53:55'),
(340, '4063', '2021-01-03', 6, '', 0, 0, 1, '2021-01-03 01:55:40'),
(341, '4064', '2021-01-03', 7, '', 0, 0, 1, '2021-01-03 01:56:23'),
(342, '4065', '2021-01-04', 49, '', 0, 0, 1, '2021-01-04 01:57:49'),
(343, '4066', '2021-01-04', 60, '', 0, 0, 1, '2021-01-04 01:58:15'),
(344, '4067', '2021-01-04', 48, '', 0, 0, 1, '2021-01-04 01:58:41'),
(345, '4068', '2021-01-04', 33, '', 0, 0, 1, '2021-01-04 01:59:42'),
(346, '4069', '2021-01-04', 35, '', 0, 0, 1, '2021-02-02 10:36:19'),
(347, '4070', '2021-01-04', 32, '', 0, 0, 1, '2021-01-04 02:01:32'),
(348, '4072', '2021-01-04', 64, '', 0, 0, 1, '2021-02-02 11:01:10'),
(349, '4073', '2021-01-04', 38, '', 0, 0, 1, '2021-01-04 02:06:57'),
(350, '4074', '2021-01-04', 15, '', 0, 0, 1, '2021-01-04 02:07:24'),
(351, '4075', '2021-01-04', 75, '', 0, 0, 1, '2021-01-04 02:08:02'),
(352, '4076', '2021-01-04', 75, '', 0, 0, 1, '2021-01-04 02:08:29'),
(353, '4077', '2021-01-04', 82, '', 0, 0, 1, '2021-02-02 11:13:02'),
(354, '4078', '2021-01-04', 47, '', 0, 0, 1, '2021-01-04 02:10:01'),
(355, '4078', '2021-01-05', 73, '', 0, 0, 1, '2021-01-05 02:11:25'),
(356, '4080', '2021-01-05', 7, '', 0, 0, 1, '2021-01-05 02:11:58'),
(357, '4081', '2021-01-05', 8, '', 0, 0, 1, '2021-01-05 02:12:27'),
(358, '4082', '2021-01-05', 11, '', 0, 0, 1, '2021-01-05 02:12:56'),
(359, '4083', '2021-01-05', 67, '', 0, 0, 1, '2021-01-05 02:13:31'),
(360, '4084', '2021-01-05', 6, '', 0, 0, 1, '2021-01-05 02:14:04'),
(361, '4085', '2021-01-05', 33, '', 0, 0, 1, '2021-01-05 02:14:43'),
(362, '4086', '2021-01-05', 115, '', 0, 0, 1, '2021-01-05 02:15:57'),
(363, '4087', '2021-01-05', 3, '', 0, 0, 1, '2021-01-05 02:16:26'),
(364, '4088', '2021-01-05', 107, '', 0, 0, 1, '2021-01-05 02:17:53'),
(365, '4089', '2021-01-05', 29, '', 0, 0, 1, '2021-01-05 02:21:00'),
(366, '4090', '2021-01-05', 19, '', 0, 0, 1, '2021-01-05 02:22:40'),
(367, '4091', '2021-01-05', 15, '', 0, 0, 1, '2021-01-05 02:23:30'),
(368, '4092', '2021-01-05', 36, '', 0, 0, 1, '2021-01-05 02:24:28'),
(369, '4093', '2021-01-05', 26, '', 0, 0, 1, '2021-01-05 02:24:57'),
(370, '4094', '2021-01-06', 8, '', 0, 0, 1, '2021-02-03 15:26:25'),
(371, '4095', '2021-01-06', 70, '', 0, 0, 1, '2021-02-03 15:19:44'),
(372, '4096', '2021-01-06', 5, '', 0, 0, 1, '2021-02-03 15:18:59'),
(373, '4097', '2021-01-06', 4, '', 0, 0, 1, '2021-02-03 15:20:21'),
(374, '4098', '2021-01-06', 4, '', 0, 0, 1, '2021-02-03 15:20:48'),
(375, '4099', '2021-01-06', 6, '', 0, 0, 1, '2021-02-03 15:21:08'),
(376, '4100', '2021-01-06', 26, '', 0, 0, 1, '2021-02-03 15:21:25'),
(377, '4101', '2021-01-06', 35, '', 0, 0, 1, '2021-02-02 10:36:46'),
(378, '4102', '2021-01-06', 68, '', 0, 0, 1, '2021-01-06 02:33:44'),
(379, '4103', '2021-01-06', 8, '', 0, 0, 1, '2021-01-06 02:34:18'),
(380, '4104', '2021-01-06', 35, '', 0, 0, 1, '2021-02-02 10:37:11'),
(381, '4105', '2021-01-06', 64, '', 0, 0, 1, '2021-01-06 02:36:39'),
(382, '4106', '2021-01-06', 2, '', 0, 0, 1, '2021-01-06 02:37:27'),
(383, '4107', '2021-01-07', 29, '', 0, 0, 1, '2021-01-07 02:39:00'),
(384, '4108', '2021-01-07', 14, '', 0, 0, 1, '2021-01-07 02:39:28'),
(385, '4109', '2021-01-07', 9, '', 0, 0, 1, '2021-01-07 02:39:56'),
(386, '4110', '2021-01-07', 7, '', 0, 0, 1, '2021-01-07 02:40:27'),
(387, '4111', '2021-01-07', 5, '', 0, 0, 1, '2021-01-07 02:40:51'),
(388, '4112', '2021-01-07', 5, '', 0, 0, 1, '2021-01-07 02:41:39'),
(389, '4113', '2021-01-07', 2, '', 0, 0, 1, '2021-01-07 02:42:21'),
(390, '4114', '2021-01-07', 33, '', 0, 0, 1, '2021-01-07 02:42:55'),
(391, '4115', '2021-01-07', 38, '', 0, 0, 1, '2021-01-07 02:43:20'),
(392, '4116', '2021-01-07', 40, '', 0, 0, 1, '2021-01-07 02:43:43'),
(393, '4117', '2021-01-07', 41, '', 0, 0, 1, '2021-01-07 02:44:50'),
(394, '4118', '2021-01-07', 29, '', 0, 0, 1, '2021-01-07 02:45:19'),
(395, '4119', '2021-01-07', 38, '', 0, 0, 1, '2021-01-07 02:45:49'),
(396, '4120', '2021-01-07', 47, '', 0, 0, 1, '2021-01-07 02:46:46'),
(397, '4121', '2021-01-09', 102, '', 0, 0, 1, '2021-01-07 02:49:01'),
(398, '4122', '2021-01-09', 15, '', 0, 0, 1, '2021-01-07 02:48:25'),
(399, '4123', '2021-01-09', 13, '', 0, 0, 1, '2021-01-09 02:50:23'),
(400, '4124', '2021-01-09', 47, '', 0, 0, 1, '2021-01-09 02:50:47'),
(401, '4125', '2021-01-09', 11, '', 0, 0, 1, '2021-01-09 02:51:11'),
(402, '4126', '2021-01-09', 75, '', 0, 0, 1, '2021-01-09 02:51:59'),
(403, '4127', '2021-01-09', 5, '', 0, 0, 1, '2021-01-09 02:53:45'),
(405, '4129', '2021-01-09', 7, '', 0, 0, 1, '2021-01-09 01:29:06'),
(406, '41230', '2021-01-09', 16, '', 0, 0, 1, '2021-01-09 01:29:49'),
(407, '4131', '2021-01-09', 73, '', 0, 0, 1, '2021-01-09 01:30:14'),
(408, '4132', '2021-01-09', 29, '', 0, 0, 1, '2021-01-09 01:30:45'),
(409, '4133', '2021-01-10', 49, '', 0, 0, 1, '2021-01-10 01:32:27'),
(410, '4134', '2021-01-10', 75, '', 0, 0, 1, '2021-01-10 01:32:56'),
(411, '4135', '2021-01-10', 34, '', 0, 0, 1, '2021-01-10 01:33:41'),
(412, '4136', '2021-01-10', 37, '', 0, 0, 1, '2021-01-10 01:34:08'),
(413, '4137', '2021-01-10', 47, '', 0, 0, 1, '2021-01-10 01:34:39'),
(414, '4138', '2021-01-10', 46, '', 0, 0, 1, '2021-01-10 01:35:07'),
(415, '4139', '2021-01-10', 48, '', 0, 0, 1, '2021-01-10 01:36:01'),
(416, '4140', '2021-01-11', 7, '', 0, 0, 1, '2021-01-11 01:36:58'),
(417, '4141', '2021-01-11', 46, '', 0, 0, 1, '2021-01-11 01:37:26'),
(418, '4142', '2021-01-11', 25, '', 0, 0, 1, '2021-01-11 01:37:55'),
(419, '4143', '2021-01-11', 37, '', 0, 0, 1, '2021-01-11 01:38:41'),
(420, '4144', '2021-01-11', 107, '', 0, 0, 1, '2021-01-11 01:40:23'),
(421, '4145', '2021-01-11', 11, '', 0, 0, 1, '2021-01-11 01:42:09'),
(422, '4146', '2021-01-11', 19, '', 0, 0, 1, '2021-01-11 01:42:49'),
(423, '4147', '2021-01-11', 35, '', 0, 0, 1, '2021-01-11 01:44:23'),
(424, '4148', '2021-01-12', 40, '', 0, 0, 1, '2021-01-12 01:45:50'),
(425, '4149', '2021-01-12', 34, '', 0, 0, 1, '2021-01-12 01:46:17'),
(426, '4150', '2021-01-12', 2, '', 0, 0, 1, '2021-01-12 01:47:14'),
(427, '4151', '2021-01-12', 33, '', 0, 0, 1, '2021-01-12 01:47:41'),
(428, '4152', '2021-01-12', 7, '', 0, 0, 1, '2021-01-12 01:48:14'),
(429, '4153', '2021-01-12', 49, '', 0, 0, 1, '2021-01-12 01:49:30'),
(430, '4154', '2021-01-12', 75, '', 0, 0, 1, '2021-01-12 01:50:04'),
(431, '4155', '2021-01-12', 29, '', 0, 0, 1, '2021-01-12 01:50:30'),
(432, '4156', '2021-01-12', 32, '', 0, 0, 1, '2021-01-12 01:50:57'),
(433, '4157', '2021-01-12', 11, '', 0, 0, 1, '2021-01-12 01:51:21'),
(434, '4158', '2021-01-12', 34, '', 0, 0, 1, '2021-01-12 01:52:16'),
(435, '4159', '2021-01-12', 60, '', 0, 0, 1, '2021-01-12 01:52:41'),
(436, '4160', '2021-01-12', 19, '', 0, 0, 1, '2021-01-12 01:53:28'),
(437, '4161', '2021-01-12', 8, '', 0, 0, 1, '2021-01-12 01:53:59'),
(438, '4162', '2021-01-12', 14, '', 0, 0, 1, '2021-01-12 01:54:41'),
(439, '4163', '2021-01-12', 29, '', 0, 0, 1, '2021-01-12 01:55:22'),
(440, '4164', '2021-01-12', 84, '', 0, 0, 1, '2021-01-12 01:57:05'),
(441, '4165', '2021-01-13', 33, '', 0, 0, 1, '2021-01-13 01:58:05'),
(442, '4166', '2021-01-13', 41, '', 0, 0, 1, '2021-01-13 01:58:36'),
(443, '4167', '2021-01-13', 6, '', 0, 0, 1, '2021-01-13 02:00:16'),
(444, '4168', '2021-01-13', 19, '', 0, 0, 1, '2021-01-13 02:00:47'),
(445, '4169', '2021-01-13', 116, '', 0, 0, 1, '2021-01-13 02:01:40'),
(446, '4170', '2021-01-13', 75, '', 0, 0, 1, '2021-01-13 02:02:30'),
(447, '4171', '2021-01-13', 5, '', 0, 0, 1, '2021-01-13 02:02:53'),
(448, '4172', '2021-01-13', 84, '', 0, 0, 1, '2021-01-13 02:03:14'),
(449, '4173', '2021-01-13', 41, '', 0, 0, 1, '2021-01-13 02:03:46'),
(450, '4174', '2021-01-13', 64, '', 0, 0, 1, '2021-01-13 02:04:38'),
(451, '4175', '2021-01-13', 32, '', 0, 0, 1, '2021-01-13 02:05:25'),
(452, '4176', '2021-01-13', 2, '', 0, 0, 1, '2021-01-13 02:06:30'),
(453, '4177', '2021-01-13', 75, '', 0, 0, 1, '2021-01-13 02:07:12'),
(454, '4178', '2021-01-13', 4, '', 0, 0, 1, '2021-01-13 02:07:37'),
(455, '4179', '2021-01-13', 36, '', 0, 0, 1, '2021-01-13 02:08:14'),
(456, '4180', '2021-01-13', 16, '', 0, 0, 1, '2021-01-13 02:08:43'),
(457, '4181', '2021-01-13', 29, '', 0, 0, 1, '2021-01-13 02:09:10'),
(458, '4182', '2021-01-13', 32, '', 0, 0, 1, '2021-01-13 02:09:34'),
(459, '4183', '2021-01-14', 11, '', 0, 0, 1, '2021-01-13 02:10:37'),
(460, '4184', '2021-01-14', 50, '', 0, 0, 1, '2021-01-14 02:12:25'),
(461, '4185', '2021-01-14', 73, '', 0, 0, 1, '2021-01-14 02:12:48'),
(462, '4186', '2021-01-14', 84, '', 0, 0, 1, '2021-01-14 02:13:11'),
(463, '4187', '2021-01-14', 5, '', 0, 0, 1, '2021-01-14 02:13:38'),
(464, '4188', '2021-01-14', 5, '', 0, 0, 1, '2021-01-14 02:14:27'),
(465, '4189', '2021-01-14', 14, '', 0, 0, 1, '2021-01-14 02:15:08'),
(466, '4190', '2021-01-14', 75, '', 0, 0, 1, '2021-01-14 02:15:49'),
(467, '4191', '2021-01-14', 8, '', 0, 0, 1, '2021-01-14 02:17:24'),
(468, '4192', '2021-01-14', 26, '', 0, 0, 1, '2021-01-14 02:17:49'),
(469, '4193', '2021-01-14', 75, '', 0, 0, 1, '2021-01-14 02:18:20'),
(470, '4194', '2021-01-14', 9, '', 0, 0, 1, '2021-01-14 02:18:49'),
(471, '4195', '2021-01-14', 36, '', 0, 0, 1, '2021-01-14 02:19:22'),
(472, '4196', '2021-01-14', 83, '', 0, 0, 1, '2021-01-14 02:19:50'),
(473, '4197', '2021-01-16', 11, '', 0, 0, 1, '2021-01-16 02:21:22'),
(474, '4198', '2021-01-16', 3, '', 0, 0, 1, '2021-01-16 02:21:57'),
(475, '4199', '2021-01-16', 29, '', 0, 0, 1, '2021-01-16 02:22:45'),
(476, '4200', '2021-01-16', 8, '', 0, 0, 1, '2021-01-16 02:23:11'),
(477, '4201', '2021-01-16', 2, '', 0, 0, 1, '2021-01-16 02:26:00'),
(478, '4202', '2021-01-16', 84, '', 0, 0, 1, '2021-01-16 02:26:40'),
(479, '4203', '2021-01-16', 7, '', 0, 0, 1, '2021-01-16 02:27:07'),
(480, '4204', '2021-01-16', 34, '', 0, 0, 1, '2021-01-16 02:27:29'),
(481, '4205', '2021-01-16', 44, '', 0, 0, 1, '2021-01-16 02:28:08'),
(482, '4206', '2021-01-16', 9, '', 0, 0, 1, '2021-01-16 02:28:58'),
(483, '4207', '2021-01-16', 15, '', 0, 0, 1, '2021-01-16 02:29:34'),
(484, '4208', '2021-01-16', 3, '', 0, 0, 1, '2021-01-16 02:30:24'),
(485, '4209', '2021-01-16', 82, '', 0, 0, 1, '2021-01-16 02:31:25'),
(486, '4210', '2021-01-17', 30, '', 0, 0, 1, '2021-01-17 02:33:18'),
(487, '4211', '2021-01-17', 61, '', 0, 0, 1, '2021-01-17 02:33:44'),
(488, '4212', '2021-01-17', 116, '', 0, 0, 1, '2021-01-27 09:40:54'),
(489, '4213', '2021-01-17', 11, '', 0, 0, 1, '2021-01-17 02:34:33'),
(490, '4214', '2021-01-17', 9, '', 0, 0, 1, '2021-01-17 02:35:08'),
(491, '4215', '2021-01-17', 84, '', 0, 0, 1, '2021-01-17 02:35:49'),
(492, '4216', '2021-01-17', 2, '', 0, 0, 1, '2021-01-17 02:36:15'),
(493, '4217', '2021-01-17', 34, '', 0, 0, 1, '2021-01-17 02:37:02'),
(494, '4218', '2021-01-17', 62, '', 0, 0, 1, '2021-01-17 02:37:51'),
(495, '4219', '2021-01-17', 33, '', 0, 0, 1, '2021-01-17 02:39:03'),
(496, '4220', '2021-01-17', 75, '', 0, 0, 1, '2021-01-17 02:40:36'),
(497, '4221', '2021-01-17', 64, '', 0, 0, 1, '2021-01-17 02:41:50'),
(498, '4222', '2021-01-17', 64, '', 0, 0, 1, '2021-01-17 02:42:18'),
(499, '4223', '2021-01-17', 11, '', 0, 0, 1, '2021-01-17 02:42:49'),
(500, '4224', '2021-01-17', 16, '', 0, 0, 1, '2021-01-17 02:43:38'),
(501, '4225', '2021-01-17', 37, '', 0, 0, 1, '2021-01-17 02:44:10'),
(502, '4226', '2021-01-18', 7, '', 0, 0, 1, '2021-01-18 02:45:51'),
(503, '4227', '2021-01-18', 11, '', 0, 0, 1, '2021-01-18 02:46:36'),
(504, '4228', '2021-01-18', 9, '', 0, 0, 1, '2021-01-18 02:47:50'),
(505, '4229', '2021-01-18', 116, '', 0, 0, 1, '2021-01-18 02:48:25'),
(506, '4230', '2021-01-18', 29, '', 0, 0, 1, '2021-01-18 02:48:54'),
(507, '4231', '2021-01-18', 3, '', 0, 0, 1, '2021-01-18 02:49:19'),
(508, '4232', '2021-01-18', 47, '', 0, 0, 1, '2021-01-18 02:50:01'),
(509, '4233', '2021-01-18', 9, '', 0, 0, 1, '2021-01-18 02:50:25'),
(510, '4234', '2021-01-18', 122, '', 0, 0, 1, '2021-02-02 10:52:53'),
(511, '4351', '2021-01-28', 30, '', 0, 0, 1, '2021-01-28 07:09:03'),
(512, '4352', '2021-01-28', 37, '', 0, 0, 1, '2021-01-28 07:09:27'),
(513, '4353', '2021-01-28', 11, '', 0, 0, 1, '2021-01-28 07:09:55'),
(514, '4354', '2021-01-28', 5, '', 0, 0, 1, '2021-01-28 07:29:43'),
(515, '4355', '2021-01-28', 4, '', 0, 0, 1, '2021-01-28 07:11:30'),
(516, '4356', '2021-01-28', 11, '', 0, 0, 1, '2021-01-28 07:12:01'),
(517, '4357', '2021-01-28', 60, '', 0, 0, 1, '2021-01-28 07:12:33'),
(518, '4358', '2021-01-28', 70, '', 0, 0, 1, '2021-01-28 07:13:07'),
(519, '4359', '2021-01-28', 9, '', 0, 0, 1, '2021-01-28 07:13:45'),
(520, '4360', '2021-01-28', 64, '', 0, 0, 1, '2021-01-28 07:14:13'),
(521, '4361', '2021-01-28', 19, '', 0, 0, 1, '2021-01-28 07:23:38'),
(522, '4362', '2021-01-28', 11, '', 0, 0, 1, '2021-01-28 07:24:04'),
(523, '4363', '2021-01-28', 4, '', 0, 0, 1, '2021-01-28 07:24:45'),
(524, '4364', '2021-01-28', 117, '', 0, 0, 1, '2021-01-28 07:25:53'),
(525, '4365', '2021-01-28', 38, '', 0, 0, 1, '2021-01-28 07:26:24'),
(526, '4366', '2021-01-28', 9, '', 0, 0, 1, '2021-01-28 07:27:36'),
(527, '4367', '2021-01-28', 117, '', 0, 0, 1, '2021-01-28 07:28:02'),
(528, '4368', '2021-01-30', 116, '', 0, 0, 1, '2021-01-30 09:28:17'),
(529, '4369', '2021-01-30', 10, '', 0, 0, 1, '2021-01-30 09:28:43'),
(530, '4370', '2021-01-30', 4, '', 0, 0, 1, '2021-01-30 09:29:50'),
(531, '4371', '2021-01-30', 8, '', 0, 0, 1, '2021-01-31 09:30:45'),
(532, '4372', '2021-01-30', 118, '', 0, 0, 1, '2021-01-31 09:33:04'),
(533, '4373', '2021-01-30', 3, '', 0, 0, 1, '2021-01-30 09:34:30'),
(534, '4374', '2021-01-30', 5, '', 0, 0, 1, '2021-01-30 09:35:09'),
(535, '4375', '2021-01-30', 2, '', 0, 0, 1, '2021-01-30 09:35:31'),
(536, '4376', '2021-01-30', 16, '', 0, 0, 1, '2021-01-30 09:36:04'),
(537, '4377', '2021-01-30', 4, '', 0, 0, 1, '2021-01-30 09:37:02'),
(538, '4378', '2021-01-30', 9, '', 0, 0, 1, '2021-01-30 09:37:52'),
(539, '4379', '2021-01-30', 38, '', 0, 0, 1, '2021-01-30 09:38:17'),
(540, '4380', '2021-01-30', 84, '', 0, 0, 1, '2021-01-30 09:38:52'),
(541, '4381', '2021-01-31', 67, '', 0, 0, 1, '2021-01-30 09:43:16'),
(542, '4382', '2021-01-31', 75, '', 0, 0, 1, '2021-01-30 09:43:30'),
(543, '4383', '2021-01-31', 119, '', 0, 0, 1, '2021-01-30 09:43:57'),
(544, '4384', '2021-01-31', 48, '', 0, 0, 1, '2021-01-30 09:44:23'),
(545, '4385', '2021-01-31', 4, '', 0, 0, 1, '2021-01-31 09:45:03'),
(546, '4386', '2021-01-31', 9, '', 0, 0, 1, '2021-01-31 09:45:59'),
(547, '4387', '2021-01-31', 116, '', 0, 0, 1, '2021-01-31 09:46:25'),
(548, '4235', '2021-01-18', 2, '', 0, 0, 1, '2021-01-31 11:38:42'),
(550, '4238', '2021-01-19', 3, '', 0, 0, 1, '2021-01-19 11:41:27'),
(551, '4239', '2021-01-19', 9, '', 0, 0, 1, '2021-01-19 11:42:15'),
(552, '4240', '2021-01-19', 33, '', 0, 0, 1, '2021-01-19 11:42:42'),
(553, '4241', '2021-01-19', 6, '', 0, 0, 1, '2021-01-19 11:43:05'),
(554, '4242', '2021-01-19', 30, '', 0, 0, 1, '2021-01-19 11:43:37'),
(555, '4243', '2021-01-19', 11, '', 0, 0, 1, '2021-01-19 11:44:15'),
(556, '4244', '2021-01-19', 38, '', 0, 0, 1, '2021-01-19 11:44:40'),
(557, '4245', '2021-01-19', 113, '', 0, 0, 1, '2021-01-19 11:45:05'),
(558, '4246', '2021-01-19', 33, '', 0, 0, 1, '2021-01-19 11:46:02'),
(559, '4247', '2021-01-19', 9, '', 0, 0, 1, '2021-01-19 11:46:27'),
(560, '4248', '2021-01-19', 2, '', 0, 0, 1, '2021-01-19 11:46:53'),
(561, '4249', '2021-01-19', 9, '', 0, 0, 1, '2021-01-19 11:48:10'),
(562, '4250', '2021-01-20', 6, '', 0, 0, 1, '2021-01-20 11:49:09'),
(563, '4251', '2021-01-20', 11, '', 0, 0, 1, '2021-01-20 11:49:33'),
(564, '4252', '2021-01-20', 71, '', 0, 0, 1, '2021-01-20 11:50:19'),
(565, '4253', '2021-01-20', 5, '', 0, 0, 1, '2021-01-20 11:50:51'),
(566, '4254', '2021-01-20', 9, '', 0, 0, 1, '2021-01-20 11:51:22'),
(567, '4255', '2021-01-20', 13, '', 0, 0, 1, '2021-01-20 11:51:43'),
(568, '4256', '2021-01-20', 9, '', 0, 0, 1, '2021-01-20 11:52:09'),
(569, '4257', '2021-01-20', 9, '', 0, 0, 1, '2021-01-20 11:52:29'),
(570, '4258', '2021-01-20', 19, '', 0, 0, 1, '2021-01-20 11:53:04'),
(571, '4259', '2021-01-20', 7, '', 0, 0, 1, '2021-01-20 11:53:26'),
(572, '4260', '2021-01-20', 29, '', 0, 0, 1, '2021-01-20 11:54:07'),
(573, '4261', '2021-01-20', 22, '', 0, 0, 1, '2021-01-20 11:54:55'),
(574, '4262', '2021-01-20', 10, '', 0, 0, 1, '2021-01-20 11:55:19'),
(575, '4263', '2021-01-20', 36, '', 0, 0, 1, '2021-01-20 11:56:01'),
(576, '4264', '2021-01-21', 30, '', 0, 0, 1, '2021-01-21 11:56:56'),
(577, '4265', '2021-01-21', 48, '', 0, 0, 1, '2021-01-21 11:58:08'),
(579, '4266', '2021-01-21', 47, '', 0, 0, 1, '2021-01-21 12:00:37'),
(580, '4267', '2021-01-21', 9, '', 0, 0, 1, '2021-01-21 12:01:01'),
(581, '4268', '2021-01-21', 84, '', 0, 0, 1, '2021-01-21 12:01:43'),
(582, '4269', '2021-01-21', 36, '', 0, 0, 1, '2021-01-21 12:03:49'),
(583, '4270', '2021-01-21', 13, '', 0, 0, 1, '2021-01-21 12:04:19'),
(584, '4271', '2021-01-21', 83, '', 0, 0, 1, '2021-01-21 12:05:15'),
(585, '4272', '2021-01-21', 5, '', 0, 0, 1, '2021-01-21 12:05:56'),
(586, '4273', '2021-01-21', 30, '', 0, 0, 1, '2021-01-21 12:07:07'),
(587, '4274', '2021-01-21', 33, '', 0, 0, 1, '2021-01-21 12:07:30'),
(588, '4275', '2021-01-21', 60, '', 0, 0, 1, '2021-01-21 12:07:53'),
(589, '4276', '2021-01-21', 71, '', 0, 0, 1, '2021-01-21 12:08:30'),
(590, '4277', '2021-01-23', 25, '', 0, 0, 1, '2021-01-23 12:09:47'),
(591, '4278', '2021-01-23', 9, '', 0, 0, 1, '2021-01-23 12:10:28'),
(592, '4279', '2021-01-23', 46, '', 0, 0, 1, '2021-01-23 12:10:54'),
(593, '4280', '2021-01-23', 11, '', 0, 0, 1, '2021-01-23 12:11:18'),
(594, '4281', '2021-01-23', 44, '', 0, 0, 1, '2021-01-23 12:11:58'),
(595, '4282', '2021-01-23', 30, '', 0, 0, 1, '2021-01-23 12:12:40'),
(596, '4283', '2021-01-23', 2, '', 0, 0, 1, '2021-01-23 12:13:00'),
(597, '4284', '2021-01-23', 1, '', 0, 0, 1, '2021-01-23 12:13:26'),
(598, '4285', '2021-01-23', 4, '', 0, 0, 1, '2021-01-23 12:14:43'),
(599, '4286', '2021-01-23', 19, '', 0, 0, 1, '2021-01-23 12:15:12'),
(600, '4287', '2021-01-23', 3, '', 0, 0, 1, '2021-01-23 12:15:38'),
(601, '4288', '2021-01-23', 121, '', 0, 0, 1, '2021-01-23 12:16:24'),
(602, '4289', '2021-01-23', 5, '', 0, 0, 1, '2021-01-23 12:16:47'),
(603, '4290', '2021-01-23', 69, '', 0, 0, 1, '2021-01-23 12:17:17'),
(604, '4291', '2021-01-24', 7, '', 0, 0, 1, '2021-01-24 12:18:09'),
(605, '4292', '2021-01-24', 48, '', 0, 0, 1, '2021-01-24 12:18:30'),
(606, '4293', '2021-01-24', 19, '', 0, 0, 1, '2021-01-24 12:18:57'),
(607, '4294', '2021-01-24', 2, '', 0, 0, 1, '2021-01-24 12:19:52'),
(608, '4295', '2021-01-24', 4, '', 0, 0, 1, '2021-01-24 12:20:34'),
(609, '4296', '2021-01-24', 8, '', 0, 0, 1, '2021-01-24 12:21:16'),
(610, '4297', '2021-01-24', 9, '', 0, 0, 1, '2021-01-24 12:21:53'),
(611, '4298', '2021-01-24', 1, '', 0, 0, 1, '2021-01-24 12:22:14'),
(612, '4299', '2021-01-24', 11, '', 0, 0, 1, '2021-01-24 12:22:44'),
(613, '4300', '2021-01-24', 75, '', 0, 0, 1, '2021-01-24 12:23:13'),
(614, '4388', '2021-01-31', 19, '', 0, 0, 1, '2021-01-24 12:38:28'),
(615, '4389', '2021-01-31', 10, '', 0, 0, 1, '2021-01-24 12:39:02'),
(616, '4390', '2021-01-31', 4, '', 0, 0, 1, '2021-01-24 12:46:41'),
(617, '4391', '2021-01-31', 119, '', 0, 0, 1, '2021-01-24 12:45:15'),
(618, '4392', '2021-01-31', 10, '', 0, 0, 1, '2021-01-24 12:46:11'),
(619, '4393', '2021-01-31', 2, '', 0, 0, 1, '2021-01-24 12:43:12'),
(620, '4394', '2021-01-31', 83, '', 0, 0, 1, '2021-01-24 12:43:44'),
(621, '1', '2020-06-30', 122, '', 0, 0, 1, '2021-01-31 19:41:43'),
(622, '2', '2020-09-30', 122, '', 0, 0, 1, '2021-01-31 19:42:34'),
(623, '3', '2020-11-30', 122, '', 0, 0, 1, '2021-01-31 19:44:25'),
(624, '4', '2020-12-31', 122, '', 0, 0, 1, '2021-01-31 19:54:36'),
(625, '4322', '2021-01-26', 14, '', 0, 0, 1, '2021-02-01 08:47:21'),
(626, '4301', '2021-01-24', 33, '', 0, 0, 1, '2021-01-24 08:54:47'),
(627, '4302', '2021-01-24', 11, '', 0, 0, 1, '2021-01-24 08:55:22'),
(628, '4303', '2021-01-24', 84, '', 0, 0, 1, '2021-01-24 08:57:02'),
(629, '4304', '2021-01-24', 16, '', 0, 0, 1, '2021-01-24 08:57:30'),
(630, '4305', '2021-01-24', 36, '', 0, 0, 1, '2021-01-24 08:57:58'),
(631, '4306', '2021-01-24', 33, '', 0, 0, 1, '2021-01-24 08:58:33'),
(632, '4307', '2021-01-25', 118, '', 0, 0, 1, '2021-01-25 09:00:01'),
(633, '4308', '2021-01-25', 2, '', 0, 0, 1, '2021-01-25 09:01:20'),
(634, '4309', '2021-01-25', 15, '', 0, 0, 1, '2021-01-25 09:01:48'),
(635, '4310', '2021-01-25', 75, '', 0, 0, 1, '2021-01-25 09:03:17'),
(636, '4311', '2021-01-25', 11, '', 0, 0, 1, '2021-01-25 09:03:50'),
(637, '4312', '2021-01-25', 37, '', 0, 0, 1, '2021-01-25 09:04:20'),
(638, '4313', '2021-01-25', 9, '', 0, 0, 1, '2021-01-25 09:04:49'),
(639, '4314', '2021-01-25', 37, '', 0, 0, 1, '2021-01-25 09:05:13'),
(640, '4315', '2021-01-25', 9, '', 0, 0, 1, '2021-01-25 09:05:38'),
(641, '4316', '2021-01-25', 73, '', 0, 0, 1, '2021-01-25 09:06:12'),
(642, '4317', '2021-01-25', 4, '', 0, 0, 1, '2021-02-02 10:29:47'),
(643, '4318', '2021-01-25', 2, '', 0, 0, 1, '2021-01-25 09:09:51'),
(644, '4319', '2021-01-25', 11, '', 0, 0, 1, '2021-01-25 09:10:50'),
(645, '4320', '2021-01-25', 2, '', 0, 0, 1, '2021-01-25 09:11:17'),
(646, '4321', '2021-01-25', 3, '', 0, 0, 1, '2021-01-25 09:11:40'),
(647, '4323', '2021-01-26', 9, '', 0, 0, 1, '2021-01-26 09:12:52'),
(648, '4324', '2021-01-26', 3, '', 0, 0, 1, '2021-01-26 09:13:19'),
(649, '4325', '2021-01-26', 4, '', 0, 0, 1, '2021-01-26 09:13:48'),
(650, '4326', '2021-01-26', 7, '', 0, 0, 1, '2021-01-26 09:15:00'),
(651, '4327', '2021-01-26', 8, '', 0, 0, 1, '2021-01-26 09:15:27'),
(652, '4328', '2021-01-26', 13, '', 0, 0, 1, '2021-01-26 09:15:49'),
(653, '4329', '2021-01-26', 84, '', 0, 0, 1, '2021-01-26 09:16:33'),
(654, '4330', '2021-01-26', 11, '', 0, 0, 1, '2021-01-26 09:16:58'),
(655, '4331', '2021-01-26', 30, '', 0, 0, 1, '2021-01-26 09:17:27'),
(656, '4332', '2021-01-26', 5, '', 0, 0, 1, '2021-01-26 09:17:54'),
(657, '4333', '2021-01-26', 33, '', 0, 0, 1, '2021-01-26 09:18:41'),
(658, '4334', '2021-01-26', 69, '', 0, 0, 1, '2021-01-26 09:19:13'),
(659, '4335', '2021-01-26', 33, '', 0, 0, 1, '2021-01-26 09:19:42'),
(660, '4336', '2021-01-27', 124, '', 0, 0, 1, '2021-02-14 14:12:46'),
(661, '4337', '2021-01-27', 8, '', 0, 0, 1, '2021-01-27 09:21:58'),
(662, '4338', '2021-01-27', 9, '', 0, 0, 1, '2021-01-27 09:22:22'),
(663, '4339', '2021-01-27', 4, '', 0, 0, 1, '2021-01-27 09:23:16'),
(664, '4340', '2021-01-27', 11, '', 0, 0, 1, '2021-01-27 09:23:41'),
(665, '4341', '2021-01-27', 75, '', 0, 0, 1, '2021-01-27 09:24:06'),
(666, '4342', '2021-01-27', 122, '', 0, 0, 1, '2021-01-27 09:29:15'),
(667, '4343', '2021-01-27', 50, '', 0, 0, 1, '2021-01-27 09:30:33'),
(668, '4344', '2021-01-27', 64, '', 0, 0, 1, '2021-01-27 09:31:01'),
(669, '4345', '2021-01-27', 75, '', 0, 0, 1, '2021-01-27 09:31:30'),
(670, '4346', '2021-01-27', 119, '', 0, 0, 1, '2021-01-27 09:32:02'),
(671, '4347', '2021-01-27', 29, '', 0, 0, 1, '2021-01-27 09:32:44'),
(672, '4348', '2021-01-27', 30, '', 0, 0, 1, '2021-01-27 09:33:12'),
(673, '4349', '2021-01-27', 119, '', 0, 0, 1, '2021-01-27 09:33:39'),
(674, '4350', '2021-01-27', 47, '', 0, 0, 1, '2021-01-27 09:34:09'),
(675, '4395', '2021-01-31', 75, '', 0, 0, 1, '2021-01-27 09:47:41'),
(676, '4396', '2021-01-27', 3, '', 0, 0, 1, '2021-01-27 09:48:07'),
(677, '4397', '2021-01-31', 37, '', 0, 0, 1, '2021-01-27 09:49:17'),
(678, '4398', '2021-02-01', 14, '', 0, 0, 1, '2021-02-10 16:06:46'),
(679, '4399', '2021-02-01', 84, '', 0, 0, 1, '2021-02-10 16:06:46'),
(680, '4237', '2021-01-18', 16, '', 0, 0, 1, '2021-02-02 10:25:00'),
(681, '4071', '2021-01-04', 41, '', 0, 0, 1, '2021-02-03 14:45:10'),
(683, '4401', '2021-02-01', 36, '', 0, 0, 1, '2021-02-10 16:06:46'),
(684, '4403', '2021-02-01', 9, '', 0, 0, 1, '2021-02-10 16:06:46'),
(685, '4404', '2021-02-01', 75, '', 0, 0, 1, '2021-02-10 16:06:46'),
(686, '4405', '2021-02-01', 3, '', 0, 0, 1, '2021-02-10 16:06:46'),
(687, '4406', '2021-02-01', 113, '', 0, 0, 1, '2021-02-10 16:06:46'),
(688, '4407', '2021-02-01', 15, '', 0, 0, 1, '2021-02-10 16:06:46'),
(689, '4408', '2021-02-01', 4, '', 0, 0, 1, '2021-02-10 16:06:46'),
(690, '4409', '2021-02-01', 4, '', 0, 0, 1, '2021-02-10 16:06:46'),
(691, '4410', '2021-02-01', 11, '', 0, 0, 1, '2021-02-10 16:06:46'),
(692, '4411', '2021-02-01', 118, '', 0, 0, 1, '2021-02-10 16:06:46'),
(693, '4412', '2021-02-02', 5, '', 0, 0, 1, '2021-02-10 16:06:45'),
(694, '4413', '2021-02-02', 2, '', 0, 0, 1, '2021-02-10 16:06:45'),
(695, '4414', '2021-02-02', 31, '', 0, 0, 1, '2021-02-10 16:06:46'),
(696, '4415', '2021-02-02', 32, '', 0, 0, 1, '2021-02-10 16:06:45'),
(697, '4416', '2021-02-02', 49, '', 0, 0, 1, '2021-02-10 16:06:46'),
(698, '4417', '2021-02-02', 29, '', 0, 0, 1, '2021-02-10 16:06:45'),
(699, '4418', '2021-02-02', 10, '', 0, 0, 1, '2021-02-10 16:06:45'),
(700, '4419', '2021-02-02', 6, '', 0, 0, 1, '2021-02-10 16:06:45'),
(701, '4420', '2021-02-02', 119, '', 0, 0, 1, '2021-02-10 16:06:45'),
(702, '4421', '2021-02-02', 4, '', 0, 0, 1, '2021-02-10 16:06:46'),
(703, '4422', '2021-02-02', 33, '', 0, 0, 1, '2021-02-10 16:06:45'),
(704, '4423', '2021-02-02', 32, '', 0, 0, 1, '2021-02-10 16:06:46'),
(705, '4424', '2021-02-02', 83, '', 0, 0, 1, '2021-02-10 16:06:45'),
(706, '4425', '2021-02-02', 8, '', 0, 0, 1, '2021-02-10 16:06:46'),
(707, '4426', '2021-02-02', 2, '', 0, 0, 1, '2021-02-10 16:06:45'),
(708, '4427', '2021-02-02', 29, '', 0, 0, 1, '2021-02-10 16:06:45'),
(709, '4428', '2021-02-02', 11, '', 0, 0, 1, '2021-02-10 16:06:45'),
(710, '4429', '2021-02-02', 7, '', 0, 0, 1, '2021-02-10 16:06:45'),
(711, '4430', '2021-02-03', 4, '', 0, 0, 1, '2021-02-10 16:06:45'),
(712, '4431', '2021-02-03', 30, '', 0, 0, 1, '2021-02-10 16:06:45'),
(713, '4432', '2021-02-03', 5, '', 0, 0, 1, '2021-02-10 16:06:45'),
(714, '4433', '2021-02-03', 84, '', 0, 0, 1, '2021-02-10 16:06:44'),
(715, '4434', '2021-02-03', 15, '', 0, 0, 1, '2021-02-10 16:06:45'),
(716, '4435', '2021-02-03', 47, '', 0, 0, 1, '2021-02-10 16:06:44'),
(717, '4436', '2021-02-03', 30, '', 0, 0, 1, '2021-02-10 16:06:45'),
(718, '4437', '2021-02-03', 4, '', 0, 0, 1, '2021-02-10 16:06:45'),
(719, '4438', '2021-02-03', 73, '', 0, 0, 1, '2021-02-10 16:06:45'),
(720, '4439', '2021-02-03', 2, '', 0, 0, 1, '2021-02-10 16:06:45'),
(721, '4440', '2021-02-03', 2, '', 0, 0, 1, '2021-02-10 16:06:44'),
(722, '4441', '2021-02-03', 47, '', 0, 0, 1, '2021-02-10 16:06:45'),
(723, '4442', '2021-02-03', 33, '', 0, 0, 1, '2021-02-10 16:06:44'),
(724, '4443', '2021-02-04', 11, '', 0, 0, 1, '2021-02-10 16:06:44'),
(725, '4444', '2021-02-04', 38, '', 0, 0, 1, '2021-02-10 16:06:44'),
(726, '4445', '2021-02-04', 2, '', 0, 0, 1, '2021-02-10 16:06:44'),
(727, '4446', '2021-02-04', 45, '', 0, 0, 1, '2021-02-10 16:06:44'),
(728, '4447', '2021-02-04', 47, '', 0, 0, 1, '2021-02-10 16:06:44'),
(729, '4448', '2021-02-04', 75, '', 0, 0, 1, '2021-02-10 16:06:44'),
(730, '4449', '2021-02-04', 104, '', 0, 0, 1, '2021-02-10 16:06:44'),
(731, '4450', '2021-02-04', 11, '', 0, 0, 1, '2021-02-10 16:06:44'),
(732, '4451', '2021-02-04', 33, '', 0, 0, 1, '2021-02-10 16:06:44'),
(733, '4452', '2021-02-04', 116, '', 0, 0, 1, '2021-02-10 16:06:44'),
(734, '4453', '2021-02-04', 11, '', 0, 0, 1, '2021-02-10 16:06:44'),
(735, '4454', '2021-02-04', 83, '', 0, 0, 1, '2021-02-10 16:06:44'),
(736, '4455', '2021-02-04', 35, '', 0, 0, 1, '2021-02-10 16:06:44'),
(737, '4456', '2021-02-04', 8, '', 0, 0, 1, '2021-02-10 16:06:44'),
(738, '4457', '2021-02-06', 49, '', 0, 0, 1, '2021-02-10 16:06:43'),
(739, '4458', '2021-02-06', 5, '', 0, 0, 1, '2021-02-20 16:48:36'),
(740, '4459', '2021-02-06', 33, '', 0, 0, 1, '2021-02-10 16:06:43'),
(741, '4460', '2021-02-06', 38, '', 0, 0, 1, '2021-02-10 16:06:43'),
(742, '4461', '2021-02-06', 11, '', 0, 0, 1, '2021-02-10 16:06:43'),
(743, '4462', '2021-02-06', 115, '', 0, 0, 1, '2021-02-10 16:06:44'),
(744, '4463', '2021-02-06', 15, '', 0, 0, 1, '2021-02-10 16:06:43'),
(745, '4464', '2021-02-06', 33, '', 0, 0, 1, '2021-02-10 16:06:44'),
(746, '4465', '2021-02-06', 64, '', 0, 0, 1, '2021-02-10 16:06:43'),
(747, '4466', '2021-02-06', 2, '', 0, 0, 1, '2021-02-10 16:06:43'),
(748, '4467', '2021-02-06', 49, '', 0, 0, 1, '2021-02-10 16:06:43'),
(749, '4468', '2021-02-06', 120, '', 0, 0, 1, '2021-02-10 16:06:43'),
(750, '4469', '2021-02-07', 73, '', 0, 0, 1, '2021-02-10 16:06:43'),
(751, '4470', '2021-02-07', 49, '', 0, 0, 1, '2021-02-10 16:06:42'),
(752, '4471', '2021-02-07', 7, '', 0, 0, 1, '2021-02-10 16:06:43'),
(753, '4472', '2021-02-07', 104, '', 0, 0, 1, '2021-02-10 16:06:42'),
(754, '4473', '2021-02-07', 115, '', 0, 0, 1, '2021-02-10 16:06:43'),
(755, '4474', '2021-02-07', 11, '', 0, 0, 1, '2021-02-10 16:06:42'),
(756, '4475', '2021-02-07', 41, '', 0, 0, 1, '2021-02-10 16:06:42'),
(757, '4476', '2021-02-07', 36, '', 0, 0, 1, '2021-02-10 16:06:42'),
(758, '4477', '2021-02-08', 48, '', 0, 0, 1, '2021-02-10 16:06:42'),
(759, '4478', '2021-02-08', 10, '', 0, 0, 1, '2021-02-10 16:06:42'),
(760, '4479', '2021-02-08', 35, '', 0, 0, 1, '2021-02-10 16:06:42'),
(761, '4480', '2021-02-08', 7, '', 0, 0, 1, '2021-02-10 16:06:42'),
(762, '4481', '2021-02-08', 123, '', 0, 0, 1, '2021-02-10 16:06:42'),
(763, '4482', '2021-02-08', 3, '', 0, 0, 1, '2021-02-10 16:06:42'),
(764, '4483', '2021-02-08', 119, '', 0, 0, 1, '2021-02-10 16:06:42'),
(766, 'XXX', '2021-01-31', 12, '', 0, 0, 1, '2021-02-16 21:47:10'),
(767, 'XXX', '2021-01-31', 18, '', 0, 0, 1, '2021-02-16 22:21:19'),
(768, 'XXX', '2021-01-31', 110, '', 0, 0, 1, '2021-02-16 22:50:58');
INSERT INTO `delivery` (`id`, `gatepass_id`, `date`, `customer_id`, `claim`, `labour_id`, `customer_payment_id`, `status`, `ts`) VALUES
(769, 'XXX', '2021-01-31', 21, '', 0, 0, 1, '2021-02-16 22:52:14'),
(770, 'XXX', '2021-01-31', 23, '', 0, 0, 1, '2021-02-16 22:53:14'),
(771, 'XXX', '2021-01-31', 20, '', 0, 0, 1, '2021-02-16 22:53:59'),
(772, 'XXX', '2021-01-31', 24, '', 0, 0, 1, '2021-02-16 22:55:27'),
(773, 'XXX', '2021-01-31', 27, '', 0, 0, 1, '2021-02-16 22:56:34'),
(774, 'XXX', '2021-01-31', 28, '', 0, 0, 1, '2021-02-16 22:57:14'),
(775, 'XXX', '2021-01-31', 31, '', 0, 0, 1, '2021-02-16 22:57:49'),
(776, 'XXX', '2021-01-31', 57, '', 0, 0, 1, '2021-02-16 23:00:16'),
(777, 'XXX', '2021-01-31', 59, '', 0, 0, 1, '2021-02-16 23:01:07'),
(778, 'XXX', '2021-01-31', 55, '', 0, 0, 1, '2021-02-16 23:02:00'),
(779, 'XXX', '2021-01-31', 63, '', 0, 0, 1, '2021-02-16 23:03:14'),
(780, 'XXX', '2021-01-31', 65, '', 0, 0, 1, '2021-02-16 23:03:57'),
(781, 'XXX', '2021-01-31', 66, '', 0, 0, 1, '2021-02-16 23:04:34'),
(782, 'XXX', '2021-01-31', 72, '', 0, 0, 1, '2021-02-16 23:05:09'),
(783, 'XXX', '2021-01-31', 76, '', 0, 0, 1, '2021-02-16 23:05:49'),
(784, 'XXX', '2021-01-31', 78, '', 0, 0, 1, '2021-02-16 23:06:33'),
(785, 'XXX', '2021-01-31', 51, '', 0, 0, 1, '2021-02-16 23:07:33'),
(786, 'XXX', '2021-01-31', 79, '', 0, 0, 1, '2021-02-16 23:08:03'),
(787, 'XXX', '2021-01-31', 80, '', 0, 0, 1, '2021-02-16 23:08:41'),
(788, 'XXX', '2021-01-31', 81, '', 0, 0, 1, '2021-02-16 23:09:17'),
(789, 'XXX', '2021-01-31', 42, '', 0, 0, 1, '2021-02-16 23:10:16'),
(790, 'XXX', '2021-01-31', 53, '', 0, 0, 1, '2021-02-16 23:10:55'),
(791, '056', '2021-02-16', 15, '', 0, 0, 1, '2021-02-17 13:21:18'),
(792, '057', '2021-02-16', 84, '', 0, 0, 1, '2021-02-17 13:21:45'),
(793, '058', '2021-02-16', 8, '', 0, 0, 1, '2021-02-17 13:22:54'),
(794, '059', '2021-02-16', 127, '', 0, 0, 1, '2021-02-17 13:24:54'),
(795, '060', '2021-02-16', 10, '', 0, 0, 1, '2021-02-17 13:25:25'),
(796, '061', '2021-02-16', 30, '', 0, 0, 1, '2021-02-17 13:26:02'),
(797, '062', '2021-02-16', 7, '', 0, 0, 1, '2021-02-17 13:26:25'),
(798, '063', '2021-02-16', 2, '', 0, 0, 1, '2021-02-17 13:26:49'),
(799, '064', '2021-02-16', 32, '', 0, 0, 1, '2021-02-17 13:27:29'),
(800, '065', '2021-02-16', 33, '', 0, 0, 1, '2021-02-17 13:27:54'),
(801, '066', '2021-02-16', 2, '', 0, 0, 1, '2021-02-17 13:28:19'),
(802, '067', '2021-02-16', 72, '', 0, 0, 1, '2021-02-17 13:29:00'),
(803, '068', '2021-02-16', 16, '', 0, 0, 1, '2021-02-17 13:29:28'),
(804, '069', '2021-02-16', 34, '', 0, 0, 1, '2021-02-17 13:30:24'),
(805, '070', '2021-02-16', 11, '', 0, 0, 1, '2021-02-17 13:30:51'),
(806, '71', '2021-02-17', 5, '', 0, 0, 1, '2021-02-20 11:28:55'),
(807, '72', '2021-02-17', 75, '', 0, 0, 1, '2021-02-20 11:30:34'),
(808, '73', '2021-02-17', 4, '', 0, 0, 1, '2021-02-20 11:31:05'),
(809, '74', '2021-02-17', 33, '', 0, 0, 1, '2021-02-20 11:31:31'),
(810, '75', '2021-02-17', 32, '', 0, 0, 1, '2021-02-20 11:32:28'),
(811, '76', '2021-02-17', 4, '', 0, 0, 1, '2021-02-20 11:33:19'),
(812, '77', '2021-02-17', 5, '', 0, 0, 1, '2021-02-20 11:34:01'),
(813, '78', '2021-02-17', 118, '', 0, 0, 1, '2021-02-20 11:34:51'),
(814, '79', '2021-02-17', 7, '', 0, 0, 1, '2021-02-20 11:35:25'),
(815, '80', '2021-02-17', 9, '', 0, 0, 1, '2021-02-20 11:36:42'),
(816, '81', '2021-02-17', 41, '', 0, 0, 1, '2021-02-20 11:37:25'),
(817, '82', '2021-02-17', 113, '', 0, 0, 1, '2021-02-20 11:37:58'),
(818, '83', '2021-02-17', 8, '', 0, 0, 1, '2021-02-20 11:38:23'),
(819, '84', '2021-02-17', 3, '', 0, 0, 1, '2021-02-20 11:39:27'),
(820, '85', '2021-02-17', 84, '', 0, 0, 1, '2021-02-20 11:39:52'),
(821, '86', '2021-02-17', 75, '', 0, 0, 1, '2021-02-20 11:40:12'),
(822, '87', '2021-02-18', 15, '', 0, 0, 1, '2021-02-20 11:43:47'),
(823, '88', '2021-02-18', 118, '', 0, 0, 1, '2021-02-20 11:44:08'),
(824, '89', '2021-02-18', 16, '', 0, 0, 1, '2021-02-20 11:44:28'),
(825, '89', '2021-02-18', 16, '', 0, 0, 1, '2021-02-20 11:45:03'),
(826, '90', '2021-02-18', 4, '', 0, 0, 1, '2021-02-20 11:45:47'),
(827, '91', '2021-02-18', 71, '', 0, 0, 1, '2021-02-21 09:31:46'),
(828, '92', '2021-02-18', 47, '', 0, 0, 1, '2021-02-20 11:48:57'),
(829, '93', '2021-02-18', 11, '', 0, 0, 1, '2021-02-20 11:49:55'),
(830, '95', '2021-02-18', 83, '', 0, 0, 1, '2021-02-20 11:50:25'),
(831, '94', '2021-02-18', 9, '', 0, 0, 1, '2021-02-20 11:50:55'),
(832, '96', '2021-02-18', 2, '', 0, 0, 1, '2021-02-20 11:52:49'),
(833, '97', '2021-02-18', 49, '', 0, 0, 1, '2021-02-20 11:53:18'),
(834, '98', '2021-02-18', 104, '', 0, 0, 1, '2021-02-20 11:57:49'),
(835, '99', '2021-02-18', 37, '', 0, 0, 1, '2021-02-20 11:58:16'),
(836, '100', '2021-02-18', 119, '', 0, 0, 1, '2021-02-20 11:59:33'),
(837, '101', '2021-02-18', 128, '', 0, 0, 1, '2021-02-20 12:05:05'),
(838, '101', '2021-02-18', 5, '', 0, 0, 1, '2021-02-20 12:05:28'),
(839, '102', '2021-02-18', 5, '', 0, 0, 1, '2021-02-20 12:06:40'),
(840, '103', '2021-02-18', 4, '', 0, 0, 1, '2021-02-20 12:07:11'),
(841, '104', '2021-02-18', 19, '', 0, 0, 1, '2021-02-20 12:07:35'),
(842, '105', '2021-02-18', 7, '', 0, 0, 1, '2021-02-20 12:08:02'),
(843, '34', '2021-02-15', 36, '', 0, 0, 1, '2021-02-20 12:11:11'),
(844, '35', '2021-02-15', 48, '', 0, 0, 1, '2021-02-20 12:11:37'),
(845, '36', '2021-02-15', 46, '', 0, 0, 1, '2021-02-20 12:12:06'),
(846, '37', '2021-02-15', 75, '', 0, 0, 1, '2021-02-20 12:12:30'),
(847, '38', '2021-02-15', 10, '', 0, 0, 1, '2021-02-20 12:13:09'),
(848, '39', '2021-02-15', 118, '', 0, 0, 1, '2021-02-20 12:13:34'),
(849, '40', '2021-02-15', 11, '', 0, 0, 1, '2021-02-20 12:15:21'),
(850, '41', '2021-02-15', 119, '', 0, 0, 1, '2021-02-20 12:16:00'),
(851, '42', '2021-02-15', 1, '', 0, 0, 1, '2021-02-20 12:16:28'),
(852, '43', '2021-02-15', 129, '', 0, 0, 1, '2021-02-20 12:17:23'),
(853, '44', '2021-02-15', 2, '', 0, 0, 1, '2021-02-20 12:18:07'),
(854, '45', '2021-02-15', 31, '', 0, 0, 1, '2021-02-20 12:20:34'),
(855, '46', '2021-02-15', 47, '', 0, 0, 1, '2021-02-20 12:21:16'),
(856, '47', '2021-02-15', 3, '', 0, 0, 1, '2021-02-20 12:21:53'),
(857, '48', '2021-02-15', 11, '', 0, 0, 1, '2021-02-20 12:22:56'),
(858, '49', '2021-02-15', 3, '', 0, 0, 1, '2021-02-20 12:23:30'),
(859, '50', '2021-02-15', 5, '', 0, 0, 1, '2021-02-20 12:24:12'),
(860, '51', '2021-02-15', 37, '', 0, 0, 1, '2021-02-20 12:24:39'),
(861, '52', '2021-02-15', 4, '', 0, 0, 1, '2021-02-20 12:25:07'),
(862, '53', '2021-02-15', 9, '', 0, 0, 1, '2021-02-20 12:25:47'),
(863, '54', '2021-02-15', 2, '', 0, 0, 1, '2021-02-20 12:26:13'),
(864, '55', '2021-02-15', 18, '', 0, 0, 1, '2021-02-20 12:26:42'),
(865, '16', '2021-02-14', 2, '', 0, 0, 1, '2021-02-20 12:47:42'),
(866, '17', '2021-02-14', 37, '', 0, 0, 1, '2021-02-20 12:48:32'),
(867, '18', '2021-02-14', 5, '', 0, 0, 1, '2021-02-20 12:49:09'),
(868, '19', '2021-02-14', 64, '', 0, 0, 1, '2021-02-20 12:49:45'),
(869, '20', '2021-02-14', 33, '', 0, 0, 1, '2021-02-20 12:50:12'),
(870, '21', '2021-02-14', 84, '', 0, 0, 1, '2021-02-20 12:51:03'),
(871, '22', '2021-02-14', 118, '', 0, 0, 1, '2021-02-20 12:52:30'),
(872, '23', '2021-02-14', 36, '', 0, 0, 1, '2021-02-20 12:53:59'),
(873, '24', '2021-02-14', 61, '', 0, 0, 1, '2021-02-20 12:54:23'),
(874, '25', '2021-02-14', 9, '', 0, 0, 1, '2021-02-20 12:54:49'),
(875, '26', '2021-02-14', 5, '', 0, 0, 1, '2021-02-20 12:55:20'),
(876, '27', '2021-02-14', 11, '', 0, 0, 1, '2021-02-20 12:57:18'),
(877, '28', '2021-02-14', 19, '', 0, 0, 1, '2021-02-20 12:57:54'),
(878, '29', '2021-02-14', 3, '', 0, 0, 1, '2021-02-20 12:58:20'),
(879, '30', '2021-02-14', 9, '', 0, 0, 1, '2021-02-20 12:58:46'),
(880, '31', '2021-02-14', 4, '', 0, 0, 1, '2021-02-20 12:59:27'),
(881, '32', '2021-02-14', 4, '', 0, 0, 1, '2021-02-20 13:00:07'),
(882, '33', '2021-02-14', 10, '', 0, 0, 1, '2021-02-20 13:00:36'),
(883, '001', '2021-02-13', 30, '', 0, 0, 1, '2021-02-20 13:19:36'),
(884, '002', '2021-02-13', 4, '', 0, 0, 1, '2021-02-20 13:20:07'),
(885, '003', '2021-02-13', 1, '', 0, 0, 1, '2021-02-20 13:20:36'),
(886, '004', '2021-02-13', 5, '', 0, 0, 1, '2021-02-20 13:21:12'),
(887, '005', '2021-02-13', 3, '', 0, 0, 1, '2021-02-20 13:21:39'),
(888, '006', '2021-02-13', 5, '', 0, 0, 1, '2021-02-20 13:22:02'),
(889, '007', '2021-02-13', 11, '', 0, 0, 1, '2021-02-20 13:22:36'),
(890, '008', '2021-02-13', 8, '', 0, 0, 1, '2021-02-20 13:23:14'),
(891, '009', '2021-02-13', 116, '', 0, 0, 1, '2021-02-20 13:23:56'),
(892, '010', '2021-02-13', 11, '', 0, 0, 1, '2021-02-20 13:24:24'),
(893, '011', '2021-02-13', 36, '', 0, 0, 1, '2021-02-20 13:24:52'),
(894, '012', '2021-02-13', 123, '', 0, 0, 1, '2021-02-20 13:25:32'),
(895, '013', '2021-02-13', 11, '', 0, 0, 1, '2021-02-20 13:25:59'),
(896, '014', '2021-02-13', 47, '', 0, 0, 1, '2021-02-20 13:26:23'),
(897, '015', '2021-02-13', 9, '', 0, 0, 1, '2021-02-20 13:27:12'),
(898, '3868', '2021-02-11', 118, '', 0, 0, 1, '2021-02-20 13:40:24'),
(899, '3869', '2021-02-11', 47, '', 0, 0, 1, '2021-02-20 13:40:55'),
(900, '3870', '2021-02-11', 4, '', 0, 0, 1, '2021-02-20 13:41:24'),
(901, '3871', '2021-02-11', 38, '', 0, 0, 1, '2021-02-20 13:50:30'),
(902, '3872', '2021-02-11', 7, '', 0, 0, 1, '2021-02-20 13:51:06'),
(903, '3873', '2021-02-11', 10, '', 0, 0, 1, '2021-02-20 13:51:37'),
(904, '3874', '2021-02-11', 4, '', 0, 0, 1, '2021-02-20 13:52:06'),
(905, '3875', '2021-02-11', 10, '', 0, 0, 1, '2021-02-20 13:52:40'),
(906, '3856', '2021-02-10', 30, '', 0, 0, 1, '2021-02-20 13:55:06'),
(907, '3857', '2021-02-10', 73, '', 0, 0, 1, '2021-02-20 13:55:38'),
(908, '3858', '2021-02-10', 2, '', 0, 0, 1, '2021-02-20 13:56:06'),
(909, '3859', '2021-02-10', 75, '', 0, 0, 1, '2021-02-20 13:57:10'),
(910, '3859', '2021-02-10', 75, '', 0, 0, 1, '2021-02-20 13:57:52'),
(911, '3860', '2021-02-10', 75, '', 0, 0, 1, '2021-02-20 13:58:26'),
(912, '3861', '2021-02-10', 5, '', 0, 0, 1, '2021-02-20 13:58:53'),
(913, '3862', '2021-02-10', 35, '', 0, 0, 1, '2021-02-20 14:06:21'),
(914, '3863', '2021-02-10', 83, '', 0, 0, 1, '2021-02-20 14:01:11'),
(915, '3864', '2021-02-10', 116, '', 0, 0, 1, '2021-02-20 14:01:40'),
(916, '3865', '2021-02-10', 14, '', 0, 0, 1, '2021-02-20 14:02:04'),
(917, '3866', '2021-02-10', 37, '', 0, 0, 1, '2021-02-20 14:02:35'),
(918, '3867', '2021-02-10', 16, '', 0, 0, 1, '2021-02-20 14:03:32'),
(919, '3851', '2021-02-09', 84, '', 0, 0, 1, '2021-02-20 14:10:14'),
(920, '3852', '2021-02-09', 37, '', 0, 0, 1, '2021-02-20 14:10:45'),
(921, '3853', '2021-02-09', 32, '', 0, 0, 1, '2021-02-20 14:11:20'),
(922, '3854', '2021-02-09', 46, '', 0, 0, 1, '2021-02-20 14:11:58'),
(923, '3854', '2021-02-09', 4, '', 0, 0, 1, '2021-02-20 14:12:36'),
(924, '4490', '2021-02-09', 2, '', 0, 0, 1, '2021-02-20 14:14:18'),
(925, '4491', '2021-02-09', 9, '', 0, 0, 1, '2021-02-20 14:14:42'),
(926, '4492', '2021-02-09', 67, '', 0, 0, 1, '2021-02-20 14:15:06'),
(927, '4493', '2021-02-09', 119, '', 0, 0, 1, '2021-02-20 14:15:33'),
(928, '4494', '2021-02-09', 130, '', 0, 0, 1, '2021-02-20 14:16:22'),
(929, '4495', '2021-02-09', 2, '', 0, 0, 1, '2021-02-20 14:16:45'),
(930, '4496', '2021-02-09', 72, '', 0, 0, 1, '2021-02-20 14:17:13'),
(931, '4497', '2021-02-09', 16, '', 0, 0, 1, '2021-02-20 14:17:41'),
(932, '4498', '2021-02-09', 19, '', 0, 0, 1, '2021-02-20 14:18:06'),
(933, '4499', '2021-02-09', 3, '', 0, 0, 1, '2021-02-20 14:18:32'),
(934, '4500', '2021-02-09', 36, '', 0, 0, 1, '2021-02-20 14:18:53'),
(935, '4484', '2021-02-08', 15, '', 0, 0, 1, '2021-02-20 16:30:43'),
(936, '4485', '2021-02-08', 118, '', 0, 0, 1, '2021-02-20 16:31:10'),
(937, '4486', '2021-02-08', 32, '', 0, 0, 1, '2021-02-20 16:33:29'),
(938, '4487', '2021-02-08', 11, '', 0, 0, 1, '2021-02-20 16:33:52'),
(939, '4488', '2021-02-08', 38, '', 0, 0, 1, '2021-02-20 16:34:23'),
(940, '4489', '2021-02-08', 11, '', 0, 0, 1, '2021-02-20 16:34:48'),
(941, '106', '2021-02-20', 131, '', 0, 0, 1, '2021-02-20 17:38:21'),
(942, '107', '2021-02-20', 9, '', 0, 0, 1, '2021-02-20 17:38:45'),
(943, '108', '2021-02-20', 47, '', 0, 0, 1, '2021-02-20 17:39:09'),
(944, '109', '2021-02-20', 118, '', 0, 0, 1, '2021-02-20 17:40:44'),
(945, '110', '2021-02-20', 11, '', 0, 0, 1, '2021-02-20 17:43:17'),
(946, '111', '2021-02-20', 11, '', 0, 0, 1, '2021-02-20 17:44:10'),
(947, '112', '2021-02-20', 5, '', 0, 0, 1, '2021-02-20 17:45:41'),
(948, '113', '2021-02-20', 82, '', 0, 0, 1, '2021-02-20 17:49:37'),
(949, '115', '2021-02-20', 5, '', 0, 0, 1, '2021-02-20 17:50:47'),
(950, '114', '2021-02-20', 4, '', 0, 0, 1, '2021-02-21 09:32:40'),
(951, '116', '2021-02-21', 4, '', 0, 0, 1, '2021-02-22 05:40:12'),
(952, '117', '2021-02-22', 4, '', 0, 0, 1, '2021-02-22 16:30:49'),
(953, '118', '2021-02-22', 116, '', 0, 0, 1, '2021-02-22 16:31:40'),
(954, '119', '2021-02-22', 31, '', 0, 0, 1, '2021-02-22 16:32:25'),
(955, '120', '2021-02-22', 115, '', 0, 0, 1, '2021-02-22 16:41:49'),
(956, '121', '2021-02-22', 61, '', 0, 0, 1, '2021-02-22 16:42:28'),
(957, '122', '2021-02-22', 75, '', 0, 0, 1, '2021-02-22 16:42:55'),
(958, '123', '2021-02-22', 75, '', 0, 0, 1, '2021-02-22 16:43:18'),
(959, '124', '2021-02-22', 62, '', 0, 0, 1, '2021-02-22 16:44:02'),
(960, '125', '2021-02-22', 33, '', 0, 0, 1, '2021-02-22 16:44:29'),
(961, '126', '2021-02-22', 5, '', 0, 0, 1, '2021-02-22 16:45:03'),
(962, '127', '2021-02-23', 11, '', 0, 0, 1, '2021-02-24 07:42:33'),
(963, '128', '2021-02-23', 116, '', 0, 0, 1, '2021-02-24 07:43:04'),
(964, '129', '2021-02-23', 5, '', 0, 0, 1, '2021-02-24 07:43:49'),
(965, '130', '2021-02-23', 37, '', 0, 0, 1, '2021-02-24 07:44:14'),
(966, '131', '2021-02-23', 32, '', 0, 0, 1, '2021-02-24 07:44:41'),
(967, '132', '2021-02-23', 24, '', 0, 0, 1, '2021-02-24 07:45:03'),
(968, '133', '2021-02-23', 8, '', 0, 0, 1, '2021-02-24 07:45:24'),
(969, '134', '2021-02-23', 11, '', 0, 0, 1, '2021-02-24 07:45:50'),
(970, '135', '2021-02-23', 9, '', 0, 0, 1, '2021-02-24 07:46:14'),
(971, '136', '2021-02-23', 33, '', 0, 0, 1, '2021-02-24 07:46:42'),
(972, '137', '2021-02-23', 48, '', 0, 0, 1, '2021-02-24 07:47:06'),
(973, '138', '2021-02-23', 3, '', 0, 0, 1, '2021-02-24 07:47:58'),
(974, '139', '2021-02-23', 11, '', 0, 0, 1, '2021-02-24 07:48:26'),
(975, '140', '2021-02-24', 75, '', 0, 0, 1, '2021-02-25 09:12:35'),
(976, '141', '2021-02-24', 13, '', 0, 0, 1, '2021-02-25 09:13:06'),
(977, '142', '2021-02-24', 24, '', 0, 0, 1, '2021-02-25 09:13:46'),
(978, '143', '2021-02-24', 26, '', 0, 0, 1, '2021-02-25 09:14:26'),
(979, '144', '2021-02-24', 10, '', 0, 0, 1, '2021-02-25 09:14:59'),
(980, '145', '2021-02-24', 11, '', 0, 0, 1, '2021-02-25 09:16:08'),
(981, '146', '2021-02-24', 30, '', 0, 0, 1, '2021-02-25 09:17:25'),
(982, '147', '2021-02-24', 6, '', 0, 0, 1, '2021-02-25 09:18:07'),
(983, '153', '2021-02-24', 132, '', 0, 0, 1, '2021-02-25 10:09:56'),
(984, '154', '2021-02-24', 8, '', 0, 0, 1, '2021-02-25 10:10:10'),
(985, '148', '2021-02-25', 6, '', 0, 0, 1, '2021-02-27 07:48:28'),
(986, '149', '2021-02-25', 34, '', 0, 0, 1, '2021-02-27 07:49:21'),
(987, '150', '2021-02-25', 43, '', 0, 0, 1, '2021-02-27 07:49:55'),
(988, '152', '2021-02-25', 118, '', 0, 0, 1, '2021-02-27 08:00:34'),
(989, '153', '2021-02-25', 132, '', 0, 0, 1, '2021-02-27 07:52:44'),
(990, '154', '2021-02-25', 8, '', 0, 0, 1, '2021-02-27 07:53:12'),
(991, '155', '2021-02-25', 32, '', 0, 0, 1, '2021-02-27 07:53:43'),
(992, '156', '2021-02-25', 11, '', 0, 0, 1, '2021-02-27 07:54:07'),
(993, '157', '2021-02-25', 32, '', 0, 0, 1, '2021-02-27 07:54:46'),
(994, '158', '2021-02-25', 115, '', 0, 0, 1, '2021-02-27 07:55:18'),
(995, '159', '2021-02-25', 35, '', 0, 0, 1, '2021-02-27 07:55:45'),
(996, '160', '2021-02-25', 70, '', 0, 0, 1, '2021-02-27 07:56:31'),
(997, '161', '2021-02-25', 2, '', 0, 0, 1, '2021-02-27 07:56:55'),
(998, '162', '2021-02-25', 7, '', 0, 0, 1, '2021-02-27 07:57:17'),
(999, '163', '2021-02-25', 9, '', 0, 0, 1, '2021-02-27 07:57:49'),
(1000, '164', '2021-02-25', 44, '', 0, 0, 1, '2021-02-27 07:58:17');

-- --------------------------------------------------------

--
-- Table structure for table `delivery_items`
--

CREATE TABLE `delivery_items` (
  `id` int(11) NOT NULL,
  `delivery_id` int(11) NOT NULL,
  `machine_id` int(11) NOT NULL,
  `color_id` int(11) NOT NULL,
  `size_id` int(11) NOT NULL,
  `design_id` int(11) NOT NULL,
  `quantity` int(11) NOT NULL,
  `extra` int(11) NOT NULL,
  `unit_price` decimal(10,2) NOT NULL,
  `ts` timestamp NOT NULL DEFAULT current_timestamp() ON UPDATE current_timestamp()
) ENGINE=InnoDB DEFAULT CHARSET=latin1;

--
-- Dumping data for table `delivery_items`
--

INSERT INTO `delivery_items` (`id`, `delivery_id`, `machine_id`, `color_id`, `size_id`, `design_id`, `quantity`, `extra`, `unit_price`, `ts`) VALUES
(1, 1, 16, 13, 11, 154, 100, 0, '105.00', '2021-01-16 10:20:51'),
(2, 2, 16, 15, 11, 154, 300, 0, '50.00', '2021-01-16 10:27:12'),
(3, 3, 16, 14, 11, 154, 300, 0, '135.00', '2021-01-16 10:28:40'),
(4, 4, 16, 14, 11, 154, 300, 0, '135.00', '2021-01-16 10:30:10'),
(5, 5, 16, 37, 11, 154, 290, 0, '80.00', '2021-01-16 10:32:34'),
(6, 6, 16, 14, 11, 154, 699, 0, '135.00', '2021-01-16 10:33:17'),
(8, 8, 0, 16, 11, 154, 550, 0, '50.00', '2021-01-16 10:48:52'),
(9, 9, 7, 14, 11, 154, 1286, 0, '135.00', '2021-01-21 20:43:40'),
(10, 10, 7, 13, 11, 154, 2720, 0, '105.00', '2021-01-21 20:51:10'),
(11, 10, 7, 16, 11, 154, 300, 0, '50.00', '2021-01-21 20:51:10'),
(12, 11, 7, 13, 11, 154, 3915, 0, '105.00', '2021-01-21 21:22:32'),
(13, 11, 7, 16, 11, 154, 585, 0, '50.00', '2021-01-21 20:56:05'),
(15, 12, 7, 14, 11, 154, 2902, 0, '135.00', '2021-01-21 21:24:00'),
(16, 13, 7, 14, 11, 154, 3347, 0, '135.00', '2021-01-21 21:25:41'),
(17, 13, 7, 16, 11, 154, 1015, 0, '50.00', '2021-01-21 20:59:13'),
(18, 14, 7, 14, 11, 154, 9744, 0, '135.00', '2021-01-21 21:29:12'),
(19, 14, 7, 16, 11, 154, 1400, 0, '50.00', '2021-01-21 21:00:45'),
(20, 15, 7, 14, 11, 154, 5964, 0, '135.00', '2021-01-21 21:45:48'),
(21, 15, 7, 16, 11, 154, 880, 0, '50.00', '2021-01-21 21:45:48'),
(22, 11, 7, 39, 11, 154, 169, 0, '160.00', '2021-01-21 21:22:32'),
(23, 11, 7, 38, 11, 154, 52, 0, '180.00', '2021-01-21 21:22:32'),
(24, 12, 7, 40, 11, 154, 140, 0, '220.00', '2021-01-21 21:24:00'),
(25, 13, 7, 40, 11, 154, 180, 0, '220.00', '2021-01-21 21:25:41'),
(26, 14, 7, 40, 11, 154, 529, 0, '220.00', '2021-01-21 21:29:12'),
(27, 14, 7, 43, 11, 154, 380, 0, '200.00', '2021-01-21 21:29:12'),
(28, 15, 7, 42, 11, 154, 859, 0, '240.00', '2021-01-21 21:45:48'),
(29, 15, 7, 41, 11, 154, 126, 0, '120.00', '2021-01-21 21:45:48'),
(30, 16, 7, 13, 11, 154, 2140, 0, '105.00', '2021-01-21 21:59:34'),
(31, 16, 7, 38, 11, 154, 100, 0, '180.00', '2021-01-21 21:59:34'),
(32, 16, 7, 16, 11, 154, 630, 0, '50.00', '2021-01-21 21:59:34'),
(33, 16, 7, 44, 11, 154, 100, 0, '100.00', '2021-01-21 21:59:34'),
(34, 17, 7, 13, 11, 154, 3504, 0, '105.00', '2021-01-21 22:03:13'),
(35, 17, 7, 38, 11, 154, 255, 0, '180.00', '2021-01-21 22:03:13'),
(36, 17, 7, 16, 11, 154, 630, 0, '50.00', '2021-01-21 22:03:13'),
(37, 18, 7, 14, 11, 154, 2130, 0, '135.00', '2021-01-21 22:05:52'),
(38, 18, 7, 40, 11, 154, 156, 0, '220.00', '2021-01-21 22:05:52'),
(39, 19, 7, 14, 11, 154, 2640, 0, '135.00', '2021-01-21 22:08:27'),
(40, 19, 7, 16, 11, 154, 390, 0, '50.00', '2021-01-21 22:08:27'),
(41, 20, 7, 14, 11, 154, 4743, 0, '135.00', '2021-01-21 22:10:19'),
(42, 20, 7, 40, 11, 154, 120, 0, '220.00', '2021-01-21 22:10:19'),
(43, 20, 7, 16, 11, 154, 1010, 0, '50.00', '2021-01-21 22:10:19'),
(44, 21, 7, 14, 11, 154, 3609, 0, '135.00', '2021-01-21 22:14:01'),
(45, 21, 7, 16, 11, 154, 530, 0, '50.00', '2021-01-21 22:14:01'),
(46, 22, 7, 13, 11, 154, 2100, 0, '105.00', '2021-01-21 22:17:31'),
(47, 22, 7, 16, 11, 154, 450, 0, '50.00', '2021-01-21 22:17:31'),
(48, 23, 7, 14, 11, 154, 4005, 0, '135.00', '2021-01-21 22:22:19'),
(49, 23, 7, 45, 11, 154, 280, 0, '25.00', '2021-01-21 22:22:19'),
(50, 24, 7, 14, 11, 154, 7714, 0, '135.00', '2021-01-22 02:40:29'),
(51, 24, 7, 40, 11, 154, 33, 0, '220.00', '2021-01-22 02:40:29'),
(52, 24, 7, 16, 11, 154, 3495, 0, '50.00', '2021-01-22 02:40:29'),
(53, 25, 7, 14, 11, 154, 2376, 0, '135.00', '2021-01-22 02:41:59'),
(54, 26, 7, 14, 11, 154, 914, 0, '135.00', '2021-01-22 02:47:26'),
(55, 26, 7, 40, 11, 154, 203, 0, '220.00', '2021-01-22 02:47:26'),
(56, 26, 7, 16, 11, 154, 850, 0, '50.00', '2021-01-22 02:47:26'),
(57, 26, 7, 46, 11, 154, 500, 0, '60.00', '2021-01-22 02:48:34'),
(58, 26, 7, 47, 11, 154, 500, 0, '50.00', '2021-01-22 02:48:34'),
(59, 27, 7, 16, 11, 154, 1020, 0, '50.00', '2021-01-22 03:02:43'),
(60, 28, 7, 13, 11, 154, 1902, 0, '105.00', '2021-01-22 03:03:27'),
(61, 28, 7, 16, 11, 154, 380, 0, '50.00', '2021-01-22 03:03:27'),
(62, 29, 7, 13, 11, 154, 300, 0, '105.00', '2021-01-22 03:05:51'),
(63, 30, 7, 14, 11, 154, 2000, 0, '135.00', '2021-01-22 03:06:27'),
(64, 31, 7, 14, 11, 154, 1980, 0, '135.00', '2021-01-22 03:07:17'),
(65, 31, 7, 16, 11, 154, 550, 0, '50.00', '2021-01-22 03:07:17'),
(66, 32, 7, 14, 11, 154, 4401, 0, '135.00', '2021-01-22 03:08:37'),
(67, 32, 7, 16, 11, 154, 300, 0, '50.00', '2021-01-22 03:08:37'),
(68, 33, 7, 14, 11, 154, 3990, 0, '135.00', '2021-01-22 03:12:45'),
(69, 33, 7, 42, 11, 154, 45, 0, '240.00', '2021-01-22 03:12:45'),
(70, 33, 7, 16, 11, 154, 860, 0, '50.00', '2021-01-22 03:12:45'),
(71, 33, 7, 48, 11, 154, 311, 0, '120.00', '2021-01-22 03:13:41'),
(72, 34, 7, 13, 11, 154, 899, 0, '105.00', '2021-01-22 03:17:24'),
(73, 35, 7, 13, 11, 154, 2384, 0, '105.00', '2021-01-22 03:18:24'),
(74, 36, 7, 16, 11, 154, 305, 0, '50.00', '2021-01-22 03:20:10'),
(75, 37, 7, 14, 11, 154, 1895, 0, '135.00', '2021-01-22 03:21:37'),
(76, 37, 7, 16, 11, 154, 240, 0, '50.00', '2021-01-22 03:21:37'),
(77, 38, 7, 40, 11, 154, 94, 0, '220.00', '2021-01-22 03:22:32'),
(78, 38, 7, 16, 11, 154, 150, 0, '50.00', '2021-01-22 03:22:33'),
(79, 39, 7, 14, 11, 154, 1486, 0, '135.00', '2021-01-22 03:23:02'),
(80, 40, 7, 14, 11, 154, 1892, 0, '135.00', '2021-01-22 03:28:20'),
(81, 40, 7, 40, 11, 154, 50, 0, '220.00', '2021-01-22 03:28:20'),
(82, 40, 7, 16, 11, 154, 860, 0, '50.00', '2021-01-22 03:28:20'),
(83, 41, 7, 13, 11, 154, 1690, 0, '105.00', '2021-01-22 03:33:01'),
(84, 41, 7, 38, 11, 154, 700, 0, '180.00', '2021-01-22 03:33:01'),
(85, 42, 7, 13, 11, 154, 2328, 0, '105.00', '2021-01-22 03:34:18'),
(86, 42, 7, 38, 11, 154, 472, 0, '180.00', '2021-01-22 03:34:18'),
(87, 42, 7, 16, 11, 154, 300, 0, '50.00', '2021-01-22 03:34:18'),
(88, 43, 7, 13, 11, 154, 300, 0, '105.00', '2021-01-22 03:36:39'),
(89, 43, 7, 38, 11, 154, 130, 0, '180.00', '2021-01-22 03:36:39'),
(90, 44, 7, 14, 11, 154, 3825, 0, '135.00', '2021-01-22 03:38:40'),
(91, 44, 7, 40, 11, 154, 339, 0, '220.00', '2021-01-22 03:38:40'),
(92, 45, 7, 14, 11, 154, 3118, 0, '135.00', '2021-01-22 03:41:38'),
(93, 45, 7, 40, 11, 154, 220, 0, '220.00', '2021-01-22 03:41:38'),
(94, 45, 7, 16, 11, 154, 1350, 0, '50.00', '2021-01-22 03:41:38'),
(95, 45, 7, 44, 11, 154, 24, 0, '100.00', '2021-01-22 03:41:38'),
(96, 46, 7, 14, 11, 154, 4007, 0, '135.00', '2021-01-22 03:43:55'),
(97, 46, 7, 40, 11, 154, 170, 0, '220.00', '2021-01-22 03:43:55'),
(98, 47, 7, 14, 11, 154, 2970, 0, '135.00', '2021-01-22 03:48:18'),
(99, 47, 7, 16, 11, 154, 730, 0, '50.00', '2021-01-22 03:48:18'),
(100, 47, 7, 49, 11, 154, 295, 0, '250.00', '2021-01-22 03:49:30'),
(101, 47, 7, 50, 11, 154, 155, 0, '100.00', '2021-01-22 03:49:30'),
(102, 48, 7, 13, 11, 154, 3200, 0, '105.00', '2021-01-22 03:56:48'),
(103, 48, 7, 38, 11, 154, 364, 0, '180.00', '2021-01-22 03:56:48'),
(104, 48, 7, 16, 11, 154, 200, 0, '50.00', '2021-01-22 03:56:48'),
(105, 48, 7, 50, 11, 154, 56, 0, '100.00', '2021-01-22 03:56:48'),
(106, 49, 7, 13, 11, 154, 5150, 0, '105.00', '2021-01-22 03:58:29'),
(107, 49, 7, 38, 11, 154, 1068, 0, '180.00', '2021-01-22 03:58:29'),
(108, 50, 7, 13, 11, 154, 300, 0, '105.00', '2021-01-22 04:01:32'),
(109, 51, 7, 14, 11, 154, 3540, 0, '135.00', '2021-01-22 04:04:17'),
(110, 51, 7, 47, 11, 154, 720, 0, '50.00', '2021-01-22 04:04:17'),
(111, 51, 7, 40, 11, 154, 249, 0, '220.00', '2021-01-22 04:04:17'),
(112, 51, 7, 51, 11, 154, 237, 0, '210.00', '2021-01-22 04:06:03'),
(113, 52, 7, 14, 11, 154, 3492, 0, '135.00', '2021-01-22 04:08:19'),
(114, 52, 7, 40, 11, 154, 425, 0, '220.00', '2021-01-22 04:08:19'),
(115, 52, 7, 16, 11, 154, 1191, 0, '50.00', '2021-01-22 04:08:19'),
(116, 52, 7, 50, 11, 154, 53, 0, '100.00', '2021-01-22 04:08:19'),
(117, 53, 7, 14, 11, 154, 1700, 0, '135.00', '2021-01-22 04:10:14'),
(118, 53, 7, 40, 11, 154, 404, 0, '220.00', '2021-01-22 04:10:14'),
(119, 54, 7, 14, 11, 154, 2650, 0, '135.00', '2021-01-22 04:14:03'),
(120, 54, 7, 49, 11, 154, 438, 0, '250.00', '2021-01-22 04:14:03'),
(121, 54, 7, 16, 11, 154, 800, 0, '50.00', '2021-01-22 04:14:04'),
(122, 54, 7, 50, 11, 154, 48, 0, '100.00', '2021-01-22 04:14:04'),
(123, 55, 7, 13, 11, 154, 1916, 0, '105.00', '2021-01-22 04:18:14'),
(124, 56, 7, 13, 11, 154, 3879, 0, '105.00', '2021-01-22 04:26:25'),
(125, 56, 7, 38, 11, 154, 27, 0, '180.00', '2021-01-22 04:26:25'),
(126, 56, 7, 16, 11, 154, 1260, 0, '50.00', '2021-01-22 04:26:25'),
(127, 57, 7, 13, 11, 154, 280, 0, '105.00', '2021-01-22 04:28:13'),
(128, 57, 7, 16, 11, 154, 1400, 0, '50.00', '2021-01-22 04:28:13'),
(129, 58, 7, 14, 11, 154, 3560, 0, '135.00', '2021-01-22 04:30:49'),
(130, 59, 7, 14, 11, 154, 6023, 0, '135.00', '2021-01-22 04:32:50'),
(131, 59, 7, 16, 11, 154, 2702, 0, '50.00', '2021-01-22 04:32:50'),
(132, 60, 7, 14, 11, 154, 7160, 0, '135.00', '2021-01-22 04:33:44'),
(133, 60, 7, 16, 11, 154, 1398, 0, '50.00', '2021-01-22 04:33:44'),
(134, 61, 7, 14, 11, 154, 6505, 0, '135.00', '2021-01-22 04:37:15'),
(135, 61, 7, 48, 11, 154, 110, 0, '120.00', '2021-01-22 04:37:15'),
(139, 63, 7, 13, 11, 154, 844, 0, '105.00', '2021-01-22 04:59:19'),
(140, 64, 7, 13, 11, 154, 2785, 0, '105.00', '2021-01-22 05:01:32'),
(141, 64, 7, 16, 11, 154, 300, 0, '50.00', '2021-01-22 05:01:33'),
(142, 65, 7, 13, 11, 154, 600, 0, '105.00', '2021-01-22 05:03:35'),
(143, 65, 7, 16, 11, 154, 1350, 0, '50.00', '2021-01-22 05:03:35'),
(144, 66, 7, 14, 11, 154, 2344, 0, '135.00', '2021-01-22 05:05:32'),
(145, 66, 7, 40, 11, 154, 30, 0, '220.00', '2021-01-22 05:05:32'),
(146, 67, 7, 14, 11, 154, 299, 0, '135.00', '2021-01-22 05:06:14'),
(147, 67, 7, 16, 11, 154, 600, 0, '50.00', '2021-01-22 05:06:14'),
(148, 68, 7, 14, 11, 154, 1806, 0, '135.00', '2021-01-22 05:08:02'),
(149, 69, 7, 16, 11, 154, 350, 0, '50.00', '2021-01-22 05:10:03'),
(150, 69, 7, 41, 11, 154, 90, 0, '120.00', '2021-01-22 05:10:03'),
(151, 70, 7, 13, 11, 154, 2008, 0, '105.00', '2021-01-22 05:29:12'),
(152, 70, 7, 38, 11, 154, 190, 0, '180.00', '2021-01-22 05:29:13'),
(153, 70, 7, 16, 11, 154, 2142, 0, '50.00', '2021-01-22 05:29:13'),
(154, 70, 7, 50, 11, 154, 205, 0, '100.00', '2021-01-22 05:29:13'),
(155, 71, 7, 13, 11, 154, 3755, 0, '105.00', '2021-01-22 05:32:37'),
(156, 71, 7, 47, 11, 154, 60, 0, '50.00', '2021-01-22 05:32:38'),
(157, 71, 7, 38, 11, 154, 494, 0, '180.00', '2021-01-22 05:32:38'),
(158, 71, 7, 16, 11, 154, 600, 0, '50.00', '2021-01-22 05:32:38'),
(159, 71, 7, 50, 11, 154, 94, 0, '100.00', '2021-01-22 05:32:38'),
(160, 71, 7, 52, 11, 154, 138, 0, '40.00', '2021-01-22 05:33:32'),
(161, 72, 7, 13, 11, 154, 942, 0, '105.00', '2021-01-22 05:38:22'),
(162, 72, 7, 52, 11, 154, 162, 0, '40.00', '2021-01-22 05:38:22'),
(163, 72, 7, 47, 11, 154, 300, 0, '50.00', '2021-01-22 05:38:22'),
(164, 72, 7, 16, 11, 154, 1400, 0, '50.00', '2021-01-22 05:38:22'),
(165, 72, 7, 50, 11, 154, 277, 0, '100.00', '2021-01-22 05:38:22'),
(166, 73, 7, 53, 11, 154, 760, 0, '35.00', '2021-01-22 05:49:20'),
(167, 73, 7, 14, 11, 154, 1460, 0, '135.00', '2021-01-22 05:49:20'),
(168, 73, 7, 47, 11, 154, 483, 0, '50.00', '2021-01-22 05:49:20'),
(169, 73, 7, 54, 11, 154, 40, 0, '68.00', '2021-01-22 05:49:20'),
(170, 73, 7, 37, 11, 154, 540, 0, '80.00', '2021-01-22 05:49:20'),
(171, 73, 7, 55, 11, 154, 235, 0, '90.00', '2021-01-22 05:49:20'),
(172, 73, 7, 40, 11, 154, 553, 0, '220.00', '2021-01-22 05:49:20'),
(173, 73, 7, 43, 11, 154, 122, 0, '200.00', '2021-01-22 05:49:20'),
(174, 73, 7, 16, 11, 154, 300, 0, '50.00', '2021-01-22 05:49:20'),
(175, 73, 7, 44, 11, 154, 525, 0, '100.00', '2021-01-22 05:49:21'),
(176, 74, 7, 14, 11, 154, 7218, 0, '135.00', '2021-01-22 06:25:17'),
(177, 74, 7, 37, 11, 154, 462, 0, '80.00', '2021-01-22 06:25:17'),
(178, 74, 7, 40, 11, 154, 485, 0, '220.00', '2021-01-22 06:25:17'),
(179, 74, 7, 16, 11, 154, 3305, 0, '50.00', '2021-01-22 06:25:17'),
(180, 74, 7, 44, 11, 154, 77, 0, '100.00', '2021-01-22 06:25:17'),
(181, 74, 7, 56, 11, 154, 243, 0, '65.00', '2021-01-22 06:53:07'),
(182, 75, 7, 14, 11, 154, 3915, 0, '135.00', '2021-01-22 06:56:16'),
(183, 75, 7, 40, 11, 154, 402, 0, '220.00', '2021-01-22 06:56:16'),
(184, 76, 7, 14, 11, 154, 4170, 0, '135.00', '2021-01-22 07:00:11'),
(185, 76, 7, 40, 11, 154, 289, 0, '220.00', '2021-01-22 07:00:11'),
(186, 76, 7, 16, 11, 154, 1894, 0, '50.00', '2021-01-22 07:00:11'),
(187, 77, 7, 38, 11, 154, 35, 0, '180.00', '2021-01-22 07:04:09'),
(188, 78, 7, 14, 11, 154, 1140, 0, '135.00', '2021-01-22 07:04:53'),
(189, 79, 7, 14, 11, 154, 168, 0, '135.00', '2021-01-22 07:05:21'),
(190, 80, 7, 47, 11, 154, 300, 0, '50.00', '2021-01-22 07:11:47'),
(191, 81, 7, 13, 11, 154, 300, 0, '105.00', '2021-01-22 07:14:20'),
(192, 82, 7, 14, 11, 154, 300, 0, '135.00', '2021-01-22 07:14:56'),
(193, 83, 7, 14, 11, 154, 2408, 0, '135.00', '2021-01-22 07:16:46'),
(194, 84, 7, 14, 11, 154, 4900, 0, '135.00', '2021-01-22 07:17:15'),
(195, 85, 7, 14, 11, 154, 2200, 0, '135.00', '2021-01-22 07:18:31'),
(196, 86, 7, 13, 11, 154, 401, 0, '105.00', '2021-01-22 07:20:33'),
(197, 86, 7, 38, 11, 154, 45, 0, '180.00', '2021-01-22 07:20:33'),
(198, 87, 7, 13, 11, 154, 840, 0, '105.00', '2021-01-22 07:21:15'),
(199, 87, 7, 16, 11, 154, 580, 0, '50.00', '2021-01-22 07:21:15'),
(200, 88, 7, 14, 11, 154, 310, 0, '135.00', '2021-01-22 07:21:42'),
(201, 89, 7, 14, 11, 154, 1320, 0, '135.00', '2021-01-22 07:22:19'),
(202, 90, 7, 14, 11, 154, 840, 0, '135.00', '2021-01-22 07:22:58'),
(203, 91, 7, 13, 11, 154, 150, 0, '105.00', '2021-01-22 07:48:45'),
(204, 92, 7, 13, 11, 154, 598, 0, '105.00', '2021-01-22 07:56:18'),
(205, 93, 7, 16, 11, 154, 300, 0, '50.00', '2021-01-22 09:40:05'),
(206, 94, 7, 16, 11, 154, 200, 0, '50.00', '2021-01-22 09:40:50'),
(207, 95, 7, 14, 11, 154, 280, 0, '135.00', '2021-01-22 09:41:19'),
(208, 96, 7, 14, 11, 154, 340, 0, '135.00', '2021-01-22 09:41:59'),
(209, 96, 7, 16, 11, 154, 250, 0, '50.00', '2021-01-22 09:41:59'),
(210, 97, 7, 14, 11, 154, 1370, 0, '135.00', '2021-01-22 09:42:31'),
(211, 98, 7, 14, 11, 154, 650, 0, '135.00', '2021-01-22 09:43:07'),
(212, 98, 7, 16, 11, 154, 370, 0, '50.00', '2021-01-22 09:43:07'),
(213, 98, 7, 57, 11, 154, 300, 0, '70.00', '2021-01-22 09:43:48'),
(214, 99, 7, 13, 11, 154, 935, 0, '105.00', '2021-01-22 09:52:21'),
(215, 99, 7, 38, 11, 154, 180, 0, '180.00', '2021-01-22 09:52:21'),
(216, 100, 7, 13, 11, 154, 1575, 0, '105.00', '2021-01-22 09:53:21'),
(217, 100, 7, 38, 11, 154, 223, 0, '180.00', '2021-01-22 09:53:21'),
(218, 100, 7, 16, 11, 154, 100, 0, '50.00', '2021-01-22 09:53:21'),
(219, 101, 7, 14, 11, 154, 440, 0, '135.00', '2021-01-22 09:54:04'),
(220, 101, 7, 16, 11, 154, 150, 0, '50.00', '2021-01-22 09:54:04'),
(221, 102, 7, 14, 11, 154, 700, 0, '135.00', '2021-01-22 09:55:14'),
(222, 102, 7, 40, 11, 154, 76, 0, '220.00', '2021-01-22 09:55:14'),
(223, 103, 7, 14, 11, 154, 1200, 0, '135.00', '2021-01-22 09:56:11'),
(224, 103, 7, 40, 11, 154, 151, 0, '220.00', '2021-01-22 09:56:11'),
(225, 104, 7, 14, 11, 154, 900, 0, '135.00', '2021-01-22 09:56:55'),
(226, 104, 7, 40, 11, 154, 225, 0, '220.00', '2021-01-22 09:56:56'),
(227, 104, 7, 16, 11, 154, 300, 0, '50.00', '2021-01-22 09:56:56'),
(228, 105, 7, 13, 11, 154, 250, 0, '105.00', '2021-01-22 10:11:39'),
(229, 106, 7, 13, 11, 154, 600, 0, '105.00', '2021-01-22 10:12:38'),
(230, 106, 7, 38, 11, 154, 120, 0, '180.00', '2021-01-22 10:12:38'),
(231, 106, 7, 16, 11, 154, 600, 0, '50.00', '2021-01-22 10:12:38'),
(232, 107, 7, 16, 11, 154, 600, 0, '50.00', '2021-01-22 10:13:08'),
(233, 108, 7, 14, 11, 154, 294, 0, '135.00', '2021-01-22 10:13:43'),
(234, 109, 7, 14, 11, 154, 400, 0, '135.00', '2021-01-22 10:14:11'),
(235, 110, 7, 14, 11, 154, 400, 0, '135.00', '2021-01-22 10:20:59'),
(236, 111, 7, 13, 11, 154, 840, 0, '105.00', '2021-01-22 10:33:16'),
(237, 111, 7, 38, 11, 154, 237, 0, '180.00', '2021-01-22 10:33:16'),
(238, 112, 7, 13, 11, 154, 1320, 0, '105.00', '2021-01-22 10:34:12'),
(239, 112, 7, 38, 11, 154, 228, 0, '180.00', '2021-01-22 10:34:12'),
(240, 113, 7, 14, 11, 154, 1320, 0, '135.00', '2021-01-22 10:42:11'),
(241, 113, 7, 40, 11, 154, 196, 0, '220.00', '2021-01-22 10:42:11'),
(242, 113, 7, 58, 11, 154, 57, 0, '110.00', '2021-01-22 10:43:20'),
(243, 114, 7, 14, 11, 154, 598, 0, '135.00', '2021-01-22 10:48:08'),
(244, 114, 7, 56, 11, 154, 240, 0, '65.00', '2021-01-22 10:48:09'),
(245, 114, 7, 40, 11, 154, 108, 0, '220.00', '2021-01-22 10:48:09'),
(246, 115, 7, 14, 11, 154, 1193, 0, '135.00', '2021-01-22 10:48:51'),
(247, 115, 7, 40, 11, 154, 244, 0, '220.00', '2021-01-22 10:48:52'),
(248, 116, 7, 14, 11, 154, 1229, 0, '135.00', '2021-01-22 10:49:38'),
(249, 116, 7, 40, 11, 154, 160, 0, '220.00', '2021-01-22 10:49:38'),
(250, 117, 7, 13, 11, 154, 760, 0, '105.00', '2021-01-22 10:59:02'),
(251, 118, 7, 16, 11, 154, 500, 0, '50.00', '2021-01-22 10:59:29'),
(252, 119, 7, 14, 11, 154, 900, 0, '135.00', '2021-01-22 11:00:12'),
(253, 120, 7, 13, 11, 154, 300, 0, '105.00', '2021-01-22 12:51:00'),
(254, 121, 7, 14, 11, 154, 100, 0, '135.00', '2021-01-22 12:51:23'),
(255, 122, 7, 43, 11, 154, 242, 0, '200.00', '2021-01-22 12:58:29'),
(256, 123, 7, 14, 11, 154, 1060, 0, '135.00', '2021-01-22 12:58:58'),
(257, 124, 7, 14, 11, 154, 570, 0, '135.00', '2021-01-22 12:59:32'),
(258, 125, 7, 13, 11, 154, 1050, 0, '105.00', '2021-01-22 13:56:15'),
(259, 125, 7, 16, 11, 154, 750, 0, '50.00', '2021-01-22 13:56:15'),
(260, 126, 7, 13, 11, 154, 1562, 0, '105.00', '2021-01-22 13:57:00'),
(261, 126, 7, 38, 11, 154, 240, 0, '180.00', '2021-01-22 13:57:00'),
(262, 127, 7, 14, 11, 154, 1175, 0, '135.00', '2021-01-22 13:58:01'),
(263, 128, 7, 14, 11, 154, 1120, 0, '135.00', '2021-01-22 13:58:32'),
(264, 129, 7, 14, 11, 154, 354, 0, '135.00', '2021-01-22 13:59:28'),
(265, 129, 7, 43, 11, 154, 587, 0, '200.00', '2021-01-22 13:59:28'),
(266, 130, 7, 14, 11, 154, 300, 0, '135.00', '2021-01-22 14:00:18'),
(267, 130, 7, 43, 11, 154, 400, 0, '200.00', '2021-01-22 14:00:18'),
(268, 131, 7, 13, 11, 154, 300, 0, '105.00', '2021-01-22 14:16:27'),
(269, 132, 7, 16, 11, 154, 300, 0, '50.00', '2021-01-22 14:17:06'),
(270, 133, 7, 14, 11, 154, 300, 0, '135.00', '2021-01-22 14:17:45'),
(271, 134, 7, 16, 11, 154, 300, 0, '50.00', '2021-01-22 14:18:18'),
(272, 135, 7, 14, 11, 154, 600, 0, '135.00', '2021-01-22 14:18:48'),
(273, 136, 7, 14, 11, 154, 450, 0, '135.00', '2021-01-22 14:19:37'),
(274, 136, 7, 16, 11, 154, 300, 0, '50.00', '2021-01-22 14:19:37'),
(275, 137, 7, 13, 11, 154, 250, 0, '105.00', '2021-01-22 14:28:34'),
(276, 138, 7, 14, 11, 154, 500, 0, '135.00', '2021-01-22 14:29:00'),
(277, 139, 7, 14, 11, 154, 450, 0, '135.00', '2021-01-22 14:29:31'),
(278, 140, 7, 14, 11, 154, 700, 0, '135.00', '2021-01-22 14:30:05'),
(279, 140, 7, 16, 11, 154, 700, 0, '50.00', '2021-01-22 14:30:05'),
(280, 141, 7, 13, 11, 154, 2689, 0, '105.00', '2021-01-22 14:37:40'),
(281, 141, 7, 16, 11, 154, 1800, 0, '50.00', '2021-01-22 14:37:40'),
(282, 142, 7, 13, 11, 154, 2670, 0, '105.00', '2021-01-22 14:38:19'),
(283, 142, 7, 16, 11, 154, 750, 0, '50.00', '2021-01-22 14:38:19'),
(284, 143, 7, 13, 11, 154, 600, 0, '105.00', '2021-01-22 14:38:50'),
(286, 144, 7, 59, 11, 154, 361, 0, '155.00', '2021-01-23 01:40:32'),
(287, 145, 7, 14, 11, 154, 260, 0, '135.00', '2021-01-23 01:41:39'),
(288, 145, 7, 43, 11, 154, 480, 0, '200.00', '2021-01-23 01:41:39'),
(289, 146, 7, 43, 11, 154, 1325, 0, '200.00', '2021-01-23 01:42:47'),
(290, 146, 7, 14, 11, 154, 301, 0, '135.00', '2021-01-23 01:42:47'),
(291, 147, 7, 14, 11, 154, 301, 0, '135.00', '2021-01-23 01:43:51'),
(292, 147, 7, 43, 11, 154, 1579, 0, '200.00', '2021-01-23 01:43:51'),
(293, 148, 7, 14, 11, 154, 1568, 0, '135.00', '2021-01-23 01:44:41'),
(294, 148, 7, 43, 11, 154, 265, 0, '200.00', '2021-01-23 01:44:42'),
(296, 150, 7, 59, 11, 154, 1663, 0, '155.00', '2021-01-23 01:58:30'),
(297, 151, 7, 59, 11, 154, 2889, 0, '155.00', '2021-01-23 01:59:16'),
(298, 152, 7, 59, 11, 154, 377, 0, '155.00', '2021-01-23 02:00:18'),
(299, 153, 7, 43, 11, 154, 1366, 0, '200.00', '2021-01-23 02:01:08'),
(300, 154, 7, 43, 11, 154, 1942, 0, '200.00', '2021-01-23 02:01:47'),
(301, 155, 7, 43, 11, 154, 2250, 0, '200.00', '2021-01-23 02:02:19'),
(302, 156, 7, 43, 11, 154, 1044, 0, '200.00', '2021-01-23 02:02:45'),
(303, 158, 7, 13, 11, 154, 390, 0, '105.00', '2021-01-27 01:54:01'),
(304, 158, 7, 38, 11, 154, 20, 0, '180.00', '2021-01-27 01:54:01'),
(305, 159, 7, 14, 11, 154, 1096, 0, '135.00', '2021-01-27 01:55:19'),
(306, 159, 7, 40, 11, 154, 60, 0, '220.00', '2021-01-27 01:55:19'),
(307, 160, 7, 14, 11, 154, 1043, 0, '135.00', '2021-01-27 01:56:50'),
(308, 160, 7, 40, 11, 154, 231, 0, '220.00', '2021-01-27 01:56:50'),
(309, 160, 7, 16, 11, 154, 300, 0, '50.00', '2021-01-27 01:56:50'),
(310, 160, 7, 44, 11, 154, 51, 0, '100.00', '2021-01-27 01:56:50'),
(311, 161, 7, 14, 11, 154, 1644, 0, '135.00', '2021-01-27 01:57:42'),
(312, 161, 7, 40, 11, 154, 98, 0, '220.00', '2021-01-27 01:57:42'),
(313, 162, 7, 14, 11, 154, 1800, 0, '135.00', '2021-01-27 01:59:43'),
(314, 162, 7, 49, 11, 154, 70, 0, '250.00', '2021-01-27 01:59:43'),
(315, 162, 7, 40, 11, 154, 45, 0, '220.00', '2021-01-27 01:59:43'),
(316, 162, 7, 16, 11, 154, 600, 0, '50.00', '2021-01-27 01:59:43'),
(317, 162, 7, 44, 11, 154, 45, 0, '100.00', '2021-01-27 01:59:43'),
(318, 163, 7, 14, 11, 154, 295, 0, '135.00', '2021-01-27 02:22:54'),
(319, 164, 7, 13, 11, 154, 600, 0, '105.00', '2021-01-27 12:27:58'),
(320, 164, 7, 38, 11, 154, 46, 0, '180.00', '2021-01-27 12:27:58'),
(321, 165, 7, 14, 11, 154, 977, 0, '135.00', '2021-01-27 12:29:03'),
(322, 165, 7, 40, 11, 154, 10, 0, '220.00', '2021-01-27 12:29:03'),
(323, 166, 7, 14, 11, 154, 600, 0, '135.00', '2021-01-27 12:29:40'),
(324, 167, 7, 14, 11, 154, 300, 0, '135.00', '2021-01-27 12:30:15'),
(325, 168, 7, 13, 11, 154, 450, 0, '105.00', '2021-01-27 12:41:03'),
(326, 169, 7, 13, 11, 154, 1065, 0, '105.00', '2021-01-27 12:41:52'),
(327, 169, 7, 16, 11, 154, 65, 0, '50.00', '2021-01-27 12:41:52'),
(328, 170, 7, 16, 11, 154, 100, 0, '50.00', '2021-01-27 12:43:51'),
(329, 171, 7, 14, 11, 154, 1471, 0, '135.00', '2021-01-27 12:44:23'),
(330, 172, 7, 14, 11, 154, 1500, 0, '135.00', '2021-01-27 12:44:56'),
(331, 173, 7, 14, 11, 154, 1600, 0, '135.00', '2021-01-27 12:45:25'),
(332, 174, 7, 14, 11, 154, 350, 0, '135.00', '2021-01-27 12:45:51'),
(333, 175, 7, 13, 11, 154, 500, 0, '105.00', '2021-01-27 12:47:40'),
(334, 176, 7, 14, 11, 154, 500, 0, '135.00', '2021-01-27 13:09:22'),
(335, 177, 7, 14, 11, 154, 300, 0, '135.00', '2021-01-27 13:16:03'),
(336, 178, 7, 14, 11, 155, 1510, 0, '135.00', '2021-01-27 13:18:34'),
(337, 179, 7, 14, 11, 154, 2395, 0, '135.00', '2021-01-27 13:19:32'),
(338, 179, 7, 40, 11, 154, 32, 0, '220.00', '2021-01-27 13:19:32'),
(339, 179, 7, 16, 11, 154, 350, 0, '50.00', '2021-01-27 13:19:32'),
(340, 180, 7, 13, 11, 154, 850, 0, '105.00', '2021-01-27 13:38:12'),
(341, 181, 7, 14, 11, 154, 475, 0, '135.00', '2021-01-27 13:38:47'),
(342, 182, 7, 14, 11, 154, 1250, 0, '135.00', '2021-01-27 13:47:12'),
(343, 183, 7, 14, 11, 154, 1790, 0, '135.00', '2021-01-27 13:48:14'),
(344, 183, 7, 44, 11, 154, 5, 0, '100.00', '2021-01-27 13:52:34'),
(345, 184, 7, 13, 11, 154, 87, 0, '105.00', '2021-01-27 13:56:13'),
(346, 184, 7, 16, 11, 155, 243, 0, '50.00', '2021-01-27 13:56:13'),
(347, 185, 7, 13, 11, 154, 49, 0, '105.00', '2021-01-27 13:57:39'),
(348, 186, 7, 14, 11, 154, 240, 0, '135.00', '2021-01-27 14:02:18'),
(349, 187, 7, 14, 11, 154, 300, 0, '135.00', '2021-01-27 14:03:10'),
(350, 187, 7, 40, 11, 154, 100, 0, '220.00', '2021-01-27 14:03:11'),
(351, 188, 7, 40, 11, 154, 33, 0, '220.00', '2021-01-27 14:03:46'),
(352, 189, 7, 13, 11, 154, 462, 0, '105.00', '2021-01-27 14:05:47'),
(353, 189, 7, 38, 11, 154, 93, 0, '180.00', '2021-01-27 14:05:47'),
(354, 190, 7, 14, 11, 154, 1102, 0, '135.00', '2021-01-27 14:07:06'),
(355, 191, 7, 14, 11, 154, 1070, 0, '135.00', '2021-01-27 14:08:16'),
(356, 191, 7, 40, 11, 154, 25, 0, '220.00', '2021-01-27 14:08:16'),
(357, 192, 7, 14, 11, 154, 2645, 0, '135.00', '2021-01-27 14:08:46'),
(358, 193, 7, 14, 11, 154, 240, 0, '135.00', '2021-01-27 14:11:09'),
(359, 194, 7, 13, 11, 154, 600, 0, '105.00', '2021-01-27 14:14:49'),
(360, 195, 7, 14, 11, 154, 200, 0, '135.00', '2021-01-27 14:15:19'),
(361, 196, 7, 14, 11, 154, 795, 0, '135.00', '2021-01-27 14:15:45'),
(362, 197, 7, 16, 11, 154, 280, 0, '50.00', '2021-01-27 14:16:17'),
(363, 198, 7, 14, 11, 154, 658, 0, '135.00', '2021-01-27 14:16:52'),
(364, 199, 7, 14, 11, 154, 300, 0, '135.00', '2021-01-27 14:20:43'),
(365, 200, 7, 14, 11, 154, 300, 0, '135.00', '2021-01-27 14:21:12'),
(366, 201, 7, 14, 11, 154, 300, 0, '135.00', '2021-01-27 14:21:30'),
(367, 202, 7, 13, 11, 154, 242, 0, '105.00', '2021-01-27 14:22:52'),
(368, 202, 7, 38, 11, 154, 44, 0, '180.00', '2021-01-27 14:22:52'),
(369, 203, 7, 14, 11, 154, 132, 0, '135.00', '2021-01-27 14:23:35'),
(370, 203, 7, 40, 11, 154, 24, 0, '220.00', '2021-01-27 14:23:35'),
(371, 204, 7, 14, 11, 154, 120, 0, '135.00', '2021-01-27 14:24:02'),
(372, 205, 7, 14, 11, 154, 200, 0, '135.00', '2021-01-27 14:24:23'),
(373, 206, 7, 13, 11, 154, 450, 0, '105.00', '2021-01-27 14:28:01'),
(374, 207, 7, 14, 11, 154, 300, 0, '135.00', '2021-01-27 14:29:21'),
(375, 208, 7, 14, 11, 154, 150, 0, '135.00', '2021-01-27 14:30:07'),
(376, 209, 7, 14, 11, 154, 297, 0, '135.00', '2021-01-27 14:36:14'),
(377, 210, 7, 43, 11, 154, 697, 0, '200.00', '2021-01-27 14:38:32'),
(378, 211, 7, 43, 11, 154, 145, 0, '200.00', '2021-01-27 14:39:06'),
(379, 212, 7, 43, 11, 154, 96, 0, '200.00', '2021-01-27 14:39:40'),
(380, 213, 7, 13, 11, 154, 100, 0, '105.00', '2021-01-27 14:44:05'),
(381, 214, 7, 13, 11, 154, 300, 0, '105.00', '2021-01-27 15:04:59'),
(382, 215, 7, 14, 11, 154, 300, 0, '135.00', '2021-01-27 15:05:26'),
(383, 216, 7, 48, 11, 154, 784, 0, '120.00', '2021-01-27 15:14:03'),
(384, 217, 7, 14, 11, 154, 725, 0, '135.00', '2021-01-27 15:15:26'),
(385, 218, 7, 14, 11, 154, 600, 0, '135.00', '2021-01-27 15:24:41'),
(386, 219, 7, 14, 11, 154, 1790, 0, '135.00', '2021-01-27 15:25:11'),
(387, 220, 7, 14, 11, 154, 657, 0, '135.00', '2021-01-27 15:27:38'),
(388, 220, 7, 40, 11, 154, 70, 0, '220.00', '2021-01-27 15:27:38'),
(389, 221, 7, 14, 11, 154, 966, 0, '135.00', '2021-01-27 15:28:19'),
(390, 221, 7, 40, 11, 154, 145, 0, '220.00', '2021-01-27 15:28:19'),
(391, 222, 7, 14, 11, 154, 200, 0, '135.00', '2021-01-28 00:25:31'),
(392, 223, 7, 14, 11, 154, 492, 0, '135.00', '2021-01-28 00:27:15'),
(393, 224, 7, 14, 11, 154, 440, 0, '135.00', '2021-01-28 00:27:55'),
(394, 225, 7, 14, 11, 154, 625, 0, '135.00', '2021-01-28 00:28:24'),
(395, 226, 7, 13, 11, 154, 250, 0, '105.00', '2021-01-28 00:31:36'),
(396, 226, 7, 38, 11, 154, 50, 0, '180.00', '2021-01-28 00:31:36'),
(397, 227, 7, 14, 11, 154, 300, 0, '135.00', '2021-01-28 00:32:06'),
(398, 228, 7, 14, 11, 154, 300, 0, '135.00', '2021-01-28 00:32:28'),
(399, 229, 7, 13, 11, 154, 503, 0, '105.00', '2021-01-28 00:37:51'),
(400, 230, 7, 13, 11, 154, 587, 0, '105.00', '2021-01-28 00:38:18'),
(401, 231, 7, 38, 11, 154, 30, 0, '180.00', '2021-01-28 00:42:13'),
(402, 232, 7, 14, 11, 154, 300, 0, '135.00', '2021-01-28 00:42:39'),
(403, 233, 7, 14, 11, 154, 650, 0, '135.00', '2021-01-28 00:43:29'),
(404, 233, 7, 40, 11, 154, 24, 0, '220.00', '2021-01-28 00:43:29'),
(405, 234, 7, 40, 11, 154, 60, 0, '220.00', '2021-01-28 00:44:11'),
(406, 234, 7, 16, 11, 154, 300, 0, '50.00', '2021-01-28 00:44:11'),
(407, 235, 7, 48, 11, 154, 40, 0, '120.00', '2021-01-28 00:44:46'),
(408, 236, 7, 13, 11, 154, 250, 0, '105.00', '2021-01-28 00:46:22'),
(409, 237, 7, 14, 11, 154, 300, 0, '135.00', '2021-01-28 00:46:50'),
(410, 238, 7, 14, 11, 154, 1000, 0, '135.00', '2021-01-28 00:47:16'),
(411, 239, 7, 14, 11, 154, 575, 0, '135.00', '2021-01-28 00:47:37'),
(412, 240, 7, 13, 11, 154, 402, 0, '105.00', '2021-01-28 00:52:23'),
(413, 241, 7, 16, 11, 154, 250, 0, '50.00', '2021-01-28 00:53:02'),
(414, 242, 7, 14, 11, 154, 770, 0, '135.00', '2021-01-28 00:53:47'),
(415, 242, 7, 16, 11, 154, 250, 0, '50.00', '2021-01-28 00:53:47'),
(416, 243, 7, 14, 11, 154, 250, 0, '135.00', '2021-01-28 00:54:31'),
(417, 243, 7, 16, 11, 154, 500, 0, '50.00', '2021-01-28 00:54:31'),
(418, 244, 7, 14, 11, 154, 940, 0, '135.00', '2021-01-28 00:55:14'),
(419, 244, 7, 16, 11, 154, 250, 0, '50.00', '2021-01-28 00:55:14'),
(420, 245, 7, 14, 11, 154, 1708, 0, '135.00', '2021-01-28 00:55:44'),
(421, 246, 7, 13, 11, 154, 600, 0, '105.00', '2021-01-28 01:02:20'),
(422, 246, 7, 38, 11, 154, 150, 0, '180.00', '2021-01-28 01:02:20'),
(423, 247, 7, 13, 11, 154, 1042, 0, '105.00', '2021-01-28 01:03:04'),
(424, 247, 7, 38, 11, 154, 112, 0, '180.00', '2021-01-28 01:03:04'),
(425, 248, 7, 14, 11, 154, 250, 0, '135.00', '2021-01-28 01:03:32'),
(426, 249, 7, 14, 11, 154, 750, 0, '135.00', '2021-01-28 01:04:04'),
(427, 250, 7, 14, 11, 154, 1730, 0, '135.00', '2021-01-28 01:04:53'),
(428, 250, 7, 40, 11, 154, 76, 0, '220.00', '2021-01-28 01:04:53'),
(429, 251, 7, 14, 11, 154, 1305, 0, '135.00', '2021-01-28 01:05:14'),
(430, 252, 7, 13, 11, 154, 145, 0, '105.00', '2021-01-28 01:12:28'),
(431, 252, 7, 38, 11, 154, 60, 0, '180.00', '2021-01-28 01:12:28'),
(432, 253, 7, 14, 11, 154, 230, 0, '135.00', '2021-01-28 01:13:30'),
(433, 253, 7, 40, 11, 154, 56, 0, '220.00', '2021-01-28 01:13:30'),
(434, 254, 7, 14, 11, 154, 350, 0, '135.00', '2021-01-28 01:14:53'),
(435, 254, 7, 40, 11, 154, 82, 0, '220.00', '2021-01-28 01:14:53'),
(436, 255, 7, 13, 11, 154, 609, 0, '105.00', '2021-01-28 01:21:32'),
(437, 256, 7, 14, 11, 154, 372, 0, '135.00', '2021-01-28 01:22:10'),
(438, 257, 7, 14, 11, 154, 1250, 0, '135.00', '2021-01-28 01:22:38'),
(439, 258, 7, 14, 11, 154, 550, 0, '135.00', '2021-01-28 01:23:05'),
(440, 259, 7, 13, 11, 154, 220, 0, '105.00', '2021-01-28 01:55:11'),
(441, 260, 7, 13, 11, 154, 560, 0, '105.00', '2021-01-28 01:55:34'),
(442, 261, 7, 14, 11, 154, 630, 0, '135.00', '2021-01-28 01:56:25'),
(443, 261, 7, 56, 11, 154, 480, 0, '65.00', '2021-01-28 01:56:25'),
(444, 262, 7, 14, 11, 154, 120, 0, '135.00', '2021-01-28 01:56:52'),
(445, 263, 7, 13, 11, 154, 1650, 0, '105.00', '2021-01-28 02:03:33'),
(446, 263, 7, 16, 11, 154, 1800, 0, '50.00', '2021-01-28 02:03:33'),
(447, 263, 7, 44, 11, 154, 71, 0, '100.00', '2021-01-28 02:03:33'),
(448, 264, 7, 13, 11, 154, 2000, 0, '105.00', '2021-01-28 02:05:14'),
(449, 264, 7, 38, 11, 154, 233, 0, '180.00', '2021-01-28 02:05:14'),
(450, 264, 7, 16, 11, 154, 600, 0, '50.00', '2021-01-28 02:05:15'),
(451, 264, 7, 50, 11, 154, 34, 0, '100.00', '2021-01-28 02:05:15'),
(452, 265, 7, 16, 11, 154, 950, 0, '50.00', '2021-01-28 02:05:50'),
(453, 266, 7, 14, 11, 154, 1802, 0, '135.00', '2021-01-28 02:06:43'),
(454, 266, 7, 40, 11, 154, 60, 0, '220.00', '2021-01-28 02:06:43'),
(455, 267, 7, 14, 11, 154, 1450, 0, '135.00', '2021-01-28 02:08:00'),
(456, 267, 7, 40, 11, 154, 71, 0, '220.00', '2021-01-28 02:08:01'),
(457, 267, 7, 16, 11, 154, 600, 0, '50.00', '2021-01-28 02:08:01'),
(458, 267, 7, 44, 11, 154, 60, 0, '100.00', '2021-01-28 02:08:01'),
(459, 268, 7, 14, 11, 154, 937, 0, '135.00', '2021-01-28 02:08:59'),
(460, 268, 7, 40, 11, 154, 101, 0, '220.00', '2021-01-28 02:08:59'),
(461, 268, 7, 16, 11, 154, 863, 0, '50.00', '2021-01-28 02:08:59'),
(462, 269, 7, 14, 11, 154, 300, 0, '135.00', '2021-01-28 02:10:38'),
(463, 269, 7, 40, 11, 154, 117, 0, '220.00', '2021-01-28 02:10:38'),
(464, 269, 7, 16, 11, 154, 700, 0, '50.00', '2021-01-28 02:10:38'),
(465, 269, 7, 44, 11, 154, 60, 0, '100.00', '2021-01-28 02:10:38'),
(466, 270, 7, 14, 11, 154, 1450, 0, '135.00', '2021-01-28 02:21:07'),
(467, 270, 7, 40, 11, 154, 71, 0, '220.00', '2021-01-28 02:21:07'),
(468, 270, 7, 16, 11, 154, 600, 0, '50.00', '2021-01-28 02:21:07'),
(469, 270, 7, 44, 11, 154, 60, 0, '100.00', '2021-01-28 02:21:08'),
(470, 271, 7, 14, 11, 154, 991, 0, '135.00', '2021-01-28 02:23:51'),
(471, 271, 7, 40, 11, 154, 138, 0, '220.00', '2021-01-28 02:23:51'),
(472, 272, 7, 14, 11, 154, 1581, 0, '135.00', '2021-01-28 02:24:44'),
(473, 272, 7, 40, 11, 154, 134, 0, '220.00', '2021-01-28 02:24:44'),
(474, 272, 7, 44, 11, 154, 24, 0, '100.00', '2021-01-28 02:24:44'),
(475, 273, 7, 14, 11, 154, 210, 0, '135.00', '2021-01-28 02:28:05'),
(476, 274, 7, 14, 11, 154, 600, 0, '135.00', '2021-01-28 02:28:33'),
(477, 275, 7, 14, 11, 154, 600, 0, '135.00', '2021-01-28 02:29:20'),
(478, 275, 7, 56, 11, 154, 350, 0, '65.00', '2021-01-28 02:29:20'),
(479, 276, 7, 14, 11, 154, 800, 0, '135.00', '2021-01-28 02:29:43'),
(480, 277, 7, 14, 11, 154, 622, 0, '135.00', '2021-01-28 02:37:40'),
(481, 278, 7, 14, 11, 154, 360, 0, '135.00', '2021-01-28 02:38:44'),
(482, 278, 7, 40, 11, 154, 30, 0, '220.00', '2021-01-28 02:38:45'),
(483, 278, 7, 16, 11, 154, 480, 0, '50.00', '2021-01-28 02:38:45'),
(484, 278, 7, 44, 11, 154, 45, 0, '100.00', '2021-01-28 02:38:45'),
(485, 279, 7, 14, 11, 154, 300, 0, '135.00', '2021-01-28 02:42:01'),
(486, 280, 7, 13, 11, 154, 630, 0, '105.00', '2021-01-28 02:44:12'),
(487, 280, 7, 16, 11, 154, 550, 0, '50.00', '2021-01-28 02:44:12'),
(488, 281, 7, 13, 11, 154, 200, 0, '105.00', '2021-01-28 02:44:53'),
(489, 281, 7, 16, 11, 154, 200, 0, '50.00', '2021-01-28 02:44:53'),
(490, 282, 7, 16, 11, 154, 780, 0, '50.00', '2021-01-28 02:45:22'),
(491, 283, 7, 14, 11, 154, 1500, 0, '135.00', '2021-01-28 02:46:00'),
(492, 283, 7, 16, 11, 154, 1200, 0, '50.00', '2021-01-28 02:46:00'),
(495, 285, 7, 14, 11, 154, 1465, 0, '135.00', '2021-01-28 02:48:11'),
(496, 286, 7, 14, 11, 154, 1565, 0, '135.00', '2021-01-28 02:53:01'),
(497, 286, 7, 16, 11, 154, 250, 0, '50.00', '2021-01-28 02:53:01'),
(498, 287, 7, 13, 11, 154, 450, 0, '105.00', '2021-01-28 02:57:54'),
(499, 288, 7, 16, 11, 154, 340, 0, '50.00', '2021-01-28 02:58:20'),
(500, 289, 7, 14, 11, 154, 280, 0, '135.00', '2021-01-28 02:59:04'),
(501, 290, 7, 14, 11, 154, 250, 0, '135.00', '2021-01-28 02:59:36'),
(502, 291, 7, 14, 11, 154, 1408, 0, '135.00', '2021-01-28 03:00:05'),
(503, 292, 7, 14, 11, 154, 1000, 0, '135.00', '2021-01-28 03:00:32'),
(504, 293, 7, 13, 11, 154, 3098, 0, '105.00', '2021-01-28 04:34:43'),
(505, 293, 7, 16, 11, 154, 320, 0, '50.00', '2021-01-28 04:34:43'),
(506, 294, 7, 14, 11, 154, 3459, 0, '135.00', '2021-01-28 04:35:15'),
(507, 295, 7, 14, 11, 154, 2420, 0, '135.00', '2021-01-28 04:36:02'),
(508, 295, 7, 16, 11, 154, 151, 0, '50.00', '2021-01-28 04:36:02'),
(509, 296, 7, 14, 11, 154, 4285, 0, '135.00', '2021-01-28 04:36:55'),
(510, 296, 7, 40, 11, 154, 307, 0, '220.00', '2021-01-28 04:36:55'),
(511, 297, 7, 14, 11, 154, 3507, 0, '135.00', '2021-01-28 04:38:04'),
(512, 297, 7, 48, 11, 154, 460, 0, '120.00', '2021-01-28 04:38:04'),
(513, 297, 7, 16, 11, 154, 300, 0, '50.00', '2021-01-28 04:38:04'),
(514, 298, 7, 13, 11, 154, 500, 0, '105.00', '2021-01-28 04:46:23'),
(515, 299, 7, 13, 11, 154, 1500, 0, '105.00', '2021-01-28 04:46:48'),
(516, 300, 7, 16, 11, 154, 200, 0, '50.00', '2021-01-28 04:47:15'),
(517, 301, 7, 14, 11, 154, 850, 0, '135.00', '2021-01-28 04:47:48'),
(518, 302, 7, 14, 11, 154, 160, 0, '135.00', '2021-01-28 04:48:21'),
(519, 302, 7, 16, 11, 154, 470, 0, '50.00', '2021-01-28 04:48:21'),
(520, 303, 7, 14, 11, 154, 1480, 0, '135.00', '2021-01-28 04:49:03'),
(521, 303, 7, 16, 11, 154, 270, 0, '50.00', '2021-01-28 04:49:03'),
(522, 304, 7, 14, 11, 154, 825, 0, '135.00', '2021-01-28 04:49:36'),
(523, 305, 7, 13, 11, 154, 800, 0, '105.00', '2021-01-28 05:01:51'),
(524, 305, 7, 16, 11, 154, 250, 0, '50.00', '2021-01-28 05:01:52'),
(525, 306, 7, 13, 11, 154, 1650, 0, '105.00', '2021-01-28 05:26:32'),
(526, 306, 7, 16, 11, 154, 500, 0, '50.00', '2021-01-28 05:26:32'),
(527, 307, 7, 13, 11, 154, 423, 0, '105.00', '2021-01-28 05:27:28'),
(528, 307, 7, 38, 11, 154, 60, 0, '180.00', '2021-01-28 05:27:28'),
(529, 308, 7, 14, 11, 154, 841, 0, '135.00', '2021-01-28 05:28:03'),
(530, 309, 7, 14, 11, 154, 1550, 0, '135.00', '2021-01-28 05:29:11'),
(531, 309, 7, 40, 11, 154, 12, 0, '220.00', '2021-01-28 05:29:11'),
(532, 310, 7, 14, 11, 154, 600, 0, '135.00', '2021-01-28 05:29:39'),
(533, 311, 7, 14, 11, 154, 325, 0, '135.00', '2021-01-28 05:30:04'),
(535, 313, 7, 43, 11, 173, 300, 0, '200.00', '2021-01-02 01:30:04'),
(536, 314, 7, 14, 11, 155, 350, 0, '135.00', '2021-01-02 01:30:38'),
(537, 315, 7, 14, 11, 163, 300, 0, '135.00', '2021-01-02 01:34:43'),
(538, 316, 7, 14, 11, 166, 280, 0, '135.00', '2021-01-02 01:35:33'),
(539, 317, 7, 14, 11, 154, 250, 0, '135.00', '2021-01-02 01:36:10'),
(540, 318, 7, 44, 11, 154, 263, 0, '120.00', '2021-01-02 01:37:23'),
(541, 319, 7, 14, 11, 170, 300, 0, '135.00', '2021-01-02 01:38:42'),
(542, 320, 7, 14, 11, 187, 351, 0, '135.00', '2021-01-02 01:39:20'),
(543, 321, 7, 14, 11, 161, 300, 0, '135.00', '2021-01-02 01:39:47'),
(544, 322, 7, 40, 11, 180, 59, 0, '220.00', '2021-01-02 01:40:31'),
(545, 323, 7, 14, 11, 155, 347, 0, '135.00', '2021-01-02 01:41:15'),
(546, 323, 7, 63, 11, 155, 3, 0, '0.00', '2021-01-02 01:42:16'),
(547, 324, 7, 14, 11, 163, 300, 0, '135.00', '2021-01-02 01:43:07'),
(548, 325, 7, 14, 11, 161, 200, 0, '135.00', '2021-01-02 01:43:42'),
(549, 326, 7, 14, 11, 170, 300, 0, '135.00', '2021-01-02 01:45:14'),
(550, 327, 7, 14, 11, 172, 300, 0, '135.00', '2021-01-03 01:47:04'),
(551, 328, 7, 14, 11, 161, 300, 0, '135.00', '2021-01-03 01:47:26'),
(552, 329, 7, 14, 11, 161, 375, 0, '135.00', '2021-01-03 01:47:53'),
(553, 330, 7, 14, 11, 155, 150, 0, '135.00', '2021-01-03 01:48:17'),
(554, 331, 7, 14, 11, 170, 300, 0, '135.00', '2021-01-03 01:48:39'),
(555, 332, 7, 14, 11, 155, 290, 0, '135.00', '2021-01-03 01:49:10'),
(556, 333, 7, 14, 11, 161, 120, 0, '135.00', '2021-01-03 01:49:35'),
(557, 334, 7, 14, 11, 163, 120, 0, '135.00', '2021-01-03 01:50:27'),
(558, 334, 7, 14, 11, 188, 45, 0, '135.00', '2021-01-03 01:50:27'),
(559, 335, 7, 43, 11, 154, 300, 0, '200.00', '2021-01-03 01:51:03'),
(560, 336, 7, 16, 11, 189, 300, 0, '50.00', '2021-01-03 01:52:09'),
(561, 336, 7, 44, 11, 180, 81, 0, '100.00', '2021-01-03 01:52:09'),
(562, 337, 7, 16, 11, 161, 300, 0, '50.00', '2021-01-03 01:52:39'),
(563, 338, 7, 16, 11, 155, 100, 0, '50.00', '2021-01-03 01:53:25'),
(564, 339, 7, 16, 11, 185, 340, 0, '50.00', '2021-01-03 01:53:55'),
(565, 340, 7, 16, 5, 161, 83, 0, '50.00', '2021-01-03 01:55:41'),
(566, 340, 7, 16, 12, 171, 100, 0, '50.00', '2021-01-03 01:55:41'),
(567, 340, 7, 16, 12, 161, 200, 0, '50.00', '2021-01-03 01:55:41'),
(568, 341, 7, 16, 11, 176, 300, 0, '50.00', '2021-01-03 01:56:23'),
(569, 341, 7, 16, 11, 155, 100, 0, '50.00', '2021-01-03 01:56:23'),
(570, 342, 7, 16, 11, 155, 600, 0, '50.00', '2021-01-04 01:57:50'),
(571, 343, 7, 16, 11, 161, 330, 0, '50.00', '2021-01-04 01:58:15'),
(572, 344, 7, 16, 11, 171, 300, 0, '50.00', '2021-01-04 01:58:41'),
(573, 345, 7, 16, 11, 161, 320, 0, '50.00', '2021-01-04 01:59:42'),
(574, 345, 7, 44, 11, 180, 42, 0, '100.00', '2021-01-04 01:59:42'),
(575, 346, 7, 16, 11, 161, 300, 0, '50.00', '2021-01-04 02:00:39'),
(576, 346, 7, 16, 11, 155, 200, 0, '50.00', '2021-01-04 02:00:39'),
(577, 347, 7, 16, 11, 155, 141, 0, '50.00', '2021-01-04 02:01:32'),
(578, 347, 7, 16, 11, 154, 278, 0, '120.00', '2021-01-04 02:01:32'),
(579, 348, 7, 16, 11, 155, 300, 0, '50.00', '2021-01-04 02:06:30'),
(580, 349, 7, 16, 11, 161, 300, 0, '50.00', '2021-01-04 02:06:57'),
(581, 350, 7, 16, 11, 160, 270, 0, '50.00', '2021-01-04 02:07:24'),
(582, 351, 7, 16, 11, 154, 100, 0, '50.00', '2021-01-04 02:08:02'),
(583, 352, 7, 16, 11, 181, 500, 0, '50.00', '2021-01-04 02:08:29'),
(585, 354, 7, 16, 11, 155, 500, 0, '50.00', '2021-01-04 02:10:01'),
(586, 355, 7, 16, 11, 155, 300, 0, '50.00', '2021-01-05 02:11:25'),
(587, 356, 7, 16, 11, 176, 300, 0, '50.00', '2021-01-05 02:11:58'),
(588, 357, 7, 16, 11, 161, 300, 0, '50.00', '2021-01-05 02:12:27'),
(589, 358, 7, 16, 12, 155, 600, 0, '50.00', '2021-01-05 02:12:56'),
(590, 359, 7, 16, 12, 155, 355, 0, '50.00', '2021-01-05 02:13:31'),
(591, 360, 7, 16, 11, 155, 190, 0, '50.00', '2021-01-05 02:14:04'),
(592, 361, 7, 16, 12, 155, 200, 0, '50.00', '2021-01-05 02:14:44'),
(593, 361, 7, 16, 11, 161, 30, 0, '50.00', '2021-01-05 02:14:44'),
(594, 362, 7, 16, 11, 154, 300, 0, '50.00', '2021-01-05 02:15:57'),
(595, 362, 7, 16, 12, 155, 100, 0, '50.00', '2021-01-05 02:15:57'),
(596, 363, 7, 16, 11, 161, 455, 0, '50.00', '2021-01-05 02:16:26'),
(597, 364, 7, 14, 11, 154, 59, 0, '130.00', '2021-01-05 02:17:53'),
(599, 365, 7, 14, 11, 154, 300, 0, '135.00', '2021-01-05 02:21:00'),
(600, 366, 7, 14, 11, 169, 120, 0, '135.00', '2021-01-05 02:22:40'),
(601, 366, 7, 14, 11, 188, 76, 0, '135.00', '2021-01-05 02:22:40'),
(602, 366, 7, 40, 11, 180, 85, 0, '220.00', '2021-01-05 02:22:40'),
(603, 367, 7, 14, 11, 155, 350, 0, '135.00', '2021-01-05 02:23:30'),
(604, 367, 7, 16, 11, 161, 50, 0, '50.00', '2021-01-05 02:23:30'),
(606, 368, 7, 14, 11, 155, 550, 0, '135.00', '2021-02-14 15:00:59'),
(608, 369, 7, 16, 12, 155, 50, 0, '50.00', '2021-01-05 02:24:57'),
(609, 370, 7, 14, 11, 161, 764, 0, '135.00', '2021-01-05 02:25:40'),
(610, 371, 7, 14, 11, 160, 180, 0, '135.00', '2021-01-05 02:26:11'),
(611, 372, 7, 14, 11, 170, 300, 0, '135.00', '2021-01-05 02:26:39'),
(612, 373, 7, 16, 11, 155, 600, 0, '50.00', '2021-01-05 02:27:14'),
(613, 374, 7, 14, 11, 174, 600, 0, '135.00', '2021-01-05 02:27:43'),
(614, 375, 7, 14, 11, 166, 290, 0, '135.00', '2021-01-05 02:29:53'),
(617, 375, 7, 14, 4, 160, 150, 0, '135.00', '2021-02-14 14:57:47'),
(618, 376, 7, 14, 11, 161, 300, 0, '135.00', '2021-01-05 02:30:26'),
(619, 377, 7, 14, 11, 162, 300, 0, '135.00', '2021-01-06 02:33:14'),
(620, 378, 7, 14, 11, 154, 230, 0, '135.00', '2021-01-06 02:33:44'),
(621, 379, 7, 14, 11, 180, 92, 0, '250.00', '2021-01-06 02:34:18'),
(622, 380, 7, 14, 4, 154, 220, 0, '135.00', '2021-01-06 02:35:16'),
(625, 381, 7, 14, 11, 161, 560, 0, '135.00', '2021-02-14 15:10:31'),
(626, 382, 7, 14, 11, 161, 270, 0, '135.00', '2021-01-06 02:37:27'),
(627, 382, 7, 14, 11, 167, 150, 0, '135.00', '2021-01-06 02:37:27'),
(628, 383, 7, 14, 11, 168, 282, 0, '135.00', '2021-01-07 02:39:00'),
(629, 384, 7, 14, 11, 155, 270, 0, '135.00', '2021-01-07 02:39:28'),
(630, 385, 7, 14, 11, 161, 550, 0, '135.00', '2021-01-07 02:39:56'),
(631, 386, 7, 14, 11, 176, 300, 0, '135.00', '2021-01-07 02:40:27'),
(632, 387, 7, 14, 11, 170, 300, 0, '135.00', '2021-01-07 02:40:51'),
(633, 388, 7, 14, 11, 154, 103, 0, '120.00', '2021-01-07 02:41:39'),
(634, 389, 7, 14, 11, 154, 239, 0, '240.00', '2021-01-07 02:42:21'),
(635, 390, 7, 40, 11, 180, 80, 0, '220.00', '2021-01-07 02:42:55'),
(636, 391, 7, 14, 11, 155, 420, 0, '135.00', '2021-01-07 02:43:20'),
(637, 392, 7, 14, 11, 155, 300, 0, '135.00', '2021-01-07 02:43:43'),
(638, 393, 7, 14, 11, 161, 596, 0, '135.00', '2021-01-07 02:44:51'),
(639, 393, 7, 63, 11, 161, 4, 0, '0.00', '2021-01-07 02:44:51'),
(640, 394, 7, 14, 11, 168, 400, 0, '135.00', '2021-01-07 02:45:19'),
(641, 395, 7, 14, 11, 161, 200, 0, '135.00', '2021-01-07 02:45:49'),
(642, 396, 7, 14, 11, 191, 263, 0, '135.00', '2021-01-07 02:46:47'),
(643, 397, 7, 14, 4, 155, 100, 0, '135.00', '2021-01-07 02:47:13'),
(644, 398, 7, 14, 11, 161, 300, 0, '135.00', '2021-01-07 02:48:25'),
(645, 399, 7, 14, 11, 170, 300, 0, '135.00', '2021-01-09 02:50:23'),
(646, 400, 7, 14, 11, 160, 250, 0, '135.00', '2021-01-09 02:50:47'),
(647, 401, 7, 14, 11, 155, 450, 0, '135.00', '2021-01-09 02:51:11'),
(648, 402, 7, 14, 4, 181, 400, 0, '135.00', '2021-01-09 02:51:59'),
(649, 403, 7, 14, 11, 161, 169, 0, '135.00', '2021-01-09 02:53:45'),
(650, 403, 7, 14, 11, 177, 95, 0, '135.00', '2021-01-09 02:53:45'),
(651, 403, 7, 14, 11, 154, 27, 0, '120.00', '2021-01-09 02:53:45'),
(654, 405, 7, 14, 11, 172, 300, 0, '135.00', '2021-01-09 01:29:06'),
(655, 406, 7, 14, 11, 161, 300, 0, '135.00', '2021-01-09 01:29:49'),
(656, 406, 7, 40, 11, 180, 25, 0, '220.00', '2021-01-09 01:29:49'),
(657, 407, 7, 14, 11, 155, 300, 0, '135.00', '2021-01-09 01:30:14'),
(658, 408, 7, 14, 11, 168, 400, 0, '135.00', '2021-01-09 01:30:45'),
(659, 409, 7, 14, 11, 161, 300, 0, '135.00', '2021-01-10 01:32:27'),
(660, 410, 7, 14, 11, 164, 300, 0, '135.00', '2021-01-10 01:32:56'),
(661, 411, 7, 14, 11, 166, 270, 0, '135.00', '2021-01-10 01:33:41'),
(662, 411, 7, 14, 11, 155, 50, 0, '135.00', '2021-01-10 01:33:41'),
(663, 412, 7, 14, 11, 170, 300, 0, '135.00', '2021-01-10 01:34:08'),
(664, 413, 7, 14, 4, 191, 100, 0, '135.00', '2021-01-10 01:34:39'),
(665, 414, 7, 14, 11, 167, 200, 0, '135.00', '2021-01-10 01:35:07'),
(666, 415, 7, 14, 11, 174, 286, 0, '135.00', '2021-02-02 10:50:32'),
(667, 416, 7, 14, 11, 161, 600, 0, '135.00', '2021-01-11 01:36:59'),
(668, 417, 7, 14, 11, 167, 200, 0, '135.00', '2021-01-11 01:37:26'),
(669, 418, 7, 14, 11, 161, 296, 0, '135.00', '2021-01-11 01:37:55'),
(670, 419, 7, 16, 11, 161, 230, 0, '50.00', '2021-01-11 01:38:41'),
(671, 420, 7, 14, 11, 154, 58, 0, '130.00', '2021-01-11 01:40:23'),
(672, 421, 7, 14, 11, 176, 500, 0, '135.00', '2021-01-11 01:42:09'),
(673, 421, 7, 40, 11, 180, 106, 0, '250.00', '2021-01-11 01:42:09'),
(674, 422, 7, 14, 11, 161, 300, 0, '135.00', '2021-01-11 01:42:49'),
(675, 423, 7, 14, 11, 184, 200, 0, '135.00', '2021-01-11 01:44:23'),
(676, 424, 7, 14, 11, 155, 350, 0, '135.00', '2021-01-12 01:45:50'),
(677, 425, 7, 14, 4, 161, 100, 0, '135.00', '2021-01-12 01:46:17'),
(678, 426, 7, 14, 11, 172, 300, 0, '135.00', '2021-01-12 01:47:14'),
(679, 426, 7, 14, 11, 178, 60, 0, '135.00', '2021-01-12 01:47:14'),
(680, 427, 7, 14, 11, 161, 300, 0, '135.00', '2021-01-12 01:47:41'),
(681, 428, 7, 14, 11, 180, 50, 0, '250.00', '2021-01-12 01:48:14'),
(682, 429, 7, 14, 11, 166, 240, 0, '135.00', '2021-01-12 01:49:30'),
(683, 430, 7, 14, 11, 181, 300, 0, '135.00', '2021-01-12 01:50:04'),
(684, 431, 7, 14, 11, 168, 264, 0, '135.00', '2021-01-12 01:50:30'),
(685, 432, 7, 14, 11, 167, 300, 0, '135.00', '2021-01-12 01:50:57'),
(686, 433, 7, 14, 11, 155, 300, 0, '135.00', '2021-01-12 01:51:21'),
(687, 434, 7, 14, 11, 161, 300, 0, '135.00', '2021-01-12 01:51:49'),
(688, 435, 7, 14, 11, 161, 450, 0, '135.00', '2021-01-12 01:52:42'),
(689, 436, 7, 14, 11, 174, 300, 0, '135.00', '2021-01-12 01:53:29'),
(690, 437, 7, 14, 11, 180, 96, 0, '250.00', '2021-01-12 01:53:59'),
(691, 438, 7, 14, 11, 161, 200, 0, '135.00', '2021-01-12 01:54:41'),
(692, 438, 7, 14, 11, 181, 30, 0, '135.00', '2021-01-12 01:54:41'),
(693, 439, 7, 14, 11, 168, 300, 0, '135.00', '2021-01-12 01:55:22'),
(694, 440, 7, 14, 11, 185, 150, 0, '135.00', '2021-01-12 01:57:05'),
(695, 441, 7, 14, 11, 161, 400, 0, '135.00', '2021-01-13 01:58:05'),
(696, 442, 7, 40, 11, 180, 100, 0, '220.00', '2021-01-13 01:58:36'),
(697, 443, 7, 14, 4, 167, 176, 0, '135.00', '2021-01-13 02:00:16'),
(698, 443, 7, 14, 11, 192, 180, 0, '135.00', '2021-01-13 02:00:16'),
(699, 443, 7, 14, 11, 193, 105, 0, '135.00', '2021-01-13 02:00:17'),
(700, 444, 7, 40, 11, 180, 70, 0, '220.00', '2021-01-13 02:00:47'),
(701, 445, 7, 14, 11, 160, 300, 0, '135.00', '2021-01-13 02:01:40'),
(703, 446, 7, 14, 4, 185, 29, 0, '135.00', '2021-01-13 02:02:30'),
(704, 447, 7, 14, 4, 161, 200, 0, '135.00', '2021-01-13 02:02:53'),
(705, 448, 7, 14, 11, 161, 300, 0, '135.00', '2021-01-13 02:03:15'),
(706, 449, 7, 40, 11, 180, 54, 0, '220.00', '2021-01-13 02:03:46'),
(707, 450, 7, 40, 11, 180, 81, 0, '220.00', '2021-01-13 02:04:39'),
(708, 451, 7, 14, 4, 161, 197, 0, '135.00', '2021-01-13 02:05:25'),
(709, 452, 7, 14, 11, 194, 150, 0, '240.00', '2021-01-13 02:06:30'),
(710, 453, 7, 14, 11, 188, 270, 0, '135.00', '2021-01-13 02:07:12'),
(711, 453, 7, 14, 4, 185, 72, 0, '135.00', '2021-01-13 02:07:12'),
(712, 454, 7, 14, 11, 161, 300, 0, '135.00', '2021-01-13 02:07:37'),
(713, 455, 7, 14, 11, 160, 400, 0, '135.00', '2021-02-14 15:02:02'),
(715, 456, 7, 40, 11, 180, 70, 0, '220.00', '2021-01-13 02:08:43'),
(716, 457, 7, 14, 11, 168, 300, 0, '135.00', '2021-01-13 02:09:10'),
(717, 458, 7, 14, 4, 167, 200, 0, '135.00', '2021-01-13 02:09:35'),
(718, 459, 7, 14, 11, 164, 479, 0, '135.00', '2021-01-13 02:10:04'),
(721, 460, 7, 14, 11, 155, 300, 0, '135.00', '2021-02-14 15:07:21'),
(722, 461, 7, 14, 11, 161, 300, 0, '135.00', '2021-01-14 02:12:48'),
(723, 462, 7, 14, 11, 161, 300, 0, '135.00', '2021-01-14 02:13:11'),
(724, 463, 7, 14, 11, 155, 300, 0, '135.00', '2021-01-14 02:13:38'),
(725, 464, 7, 14, 11, 155, 300, 0, '135.00', '2021-01-14 02:14:27'),
(726, 464, 7, 14, 11, 170, 320, 0, '135.00', '2021-01-14 02:14:27'),
(727, 465, 7, 14, 11, 195, 150, 0, '135.00', '2021-01-14 02:15:08'),
(728, 466, 7, 14, 11, 164, 300, 0, '135.00', '2021-01-14 02:15:49'),
(729, 467, 7, 40, 11, 180, 16, 0, '250.00', '2021-01-14 02:17:25'),
(730, 468, 7, 14, 11, 155, 380, 0, '135.00', '2021-01-14 02:17:49'),
(731, 469, 7, 14, 11, 154, 300, 0, '135.00', '2021-01-14 02:18:20'),
(732, 470, 7, 14, 11, 155, 325, 0, '135.00', '2021-01-14 02:18:49'),
(733, 471, 7, 14, 11, 161, 400, 0, '135.00', '2021-02-14 15:00:26'),
(735, 472, 7, 14, 11, 155, 600, 0, '135.00', '2021-01-14 02:19:50'),
(736, 473, 7, 14, 11, 155, 300, 0, '135.00', '2021-01-16 02:20:42'),
(737, 474, 7, 14, 11, 194, 210, 0, '135.00', '2021-01-16 02:21:57'),
(738, 475, 7, 14, 11, 173, 200, 0, '200.00', '2021-01-16 02:22:45'),
(739, 475, 7, 14, 4, 168, 120, 0, '135.00', '2021-01-16 02:22:45'),
(740, 476, 7, 14, 11, 161, 524, 0, '135.00', '2021-01-16 02:23:11'),
(741, 477, 7, 14, 11, 160, 500, 0, '135.00', '2021-01-16 02:26:00'),
(742, 478, 7, 14, 11, 166, 300, 0, '135.00', '2021-01-16 02:26:40'),
(743, 479, 7, 14, 11, 161, 250, 0, '135.00', '2021-01-16 02:27:07'),
(744, 480, 7, 14, 11, 155, 250, 0, '135.00', '2021-01-16 02:27:29'),
(746, 481, 7, 14, 11, 161, 240, 0, '135.00', '2021-02-14 15:02:47'),
(747, 482, 7, 14, 11, 177, 251, 0, '135.00', '2021-01-16 02:28:58'),
(748, 482, 7, 14, 11, 194, 129, 0, '120.00', '2021-01-16 02:28:58'),
(749, 483, 7, 14, 11, 160, 100, 0, '135.00', '2021-01-16 02:29:34'),
(751, 484, 7, 14, 4, 154, 200, 0, '135.00', '2021-02-14 14:54:29'),
(753, 485, 7, 16, 11, 155, 600, 0, '100.00', '2021-01-16 02:31:25'),
(754, 486, 7, 14, 11, 196, 400, 0, '200.00', '2021-01-17 02:33:18'),
(755, 487, 7, 14, 11, 161, 350, 0, '135.00', '2021-01-17 02:33:44'),
(756, 488, 7, 14, 12, 155, 300, 0, '135.00', '2021-01-17 02:34:09'),
(757, 489, 7, 14, 11, 155, 300, 0, '135.00', '2021-01-17 02:34:33'),
(758, 490, 7, 14, 11, 155, 375, 0, '135.00', '2021-01-17 02:35:09'),
(759, 490, 7, 14, 11, 177, 275, 0, '135.00', '2021-01-17 02:35:09'),
(760, 491, 7, 14, 11, 177, 180, 0, '135.00', '2021-01-17 02:35:49'),
(761, 492, 7, 14, 11, 160, 100, 0, '135.00', '2021-01-17 02:36:15'),
(762, 493, 7, 14, 11, 177, 71, 0, '135.00', '2021-01-17 02:37:02'),
(763, 493, 7, 14, 11, 161, 100, 0, '135.00', '2021-01-17 02:37:02'),
(764, 493, 7, 14, 11, 163, 13, 0, '135.00', '2021-01-17 02:37:02'),
(765, 494, 7, 14, 11, 155, 222, 0, '135.00', '2021-01-17 02:37:51'),
(766, 494, 7, 63, 11, 155, 8, 0, '0.00', '2021-01-17 02:37:51'),
(767, 495, 7, 14, 4, 161, 50, 0, '135.00', '2021-01-17 02:39:03'),
(768, 495, 7, 14, 11, 161, 300, 0, '135.00', '2021-01-17 02:39:03'),
(770, 496, 7, 14, 4, 161, 132, 0, '135.00', '2021-01-17 02:40:36'),
(771, 497, 7, 14, 11, 161, 540, 0, '135.00', '2021-02-14 15:08:54'),
(774, 498, 7, 40, 11, 180, 107, 0, '220.00', '2021-01-17 02:42:18'),
(775, 499, 7, 14, 11, 155, 300, 0, '135.00', '2021-01-17 02:42:49'),
(776, 500, 7, 14, 11, 161, 300, 0, '135.00', '2021-01-17 02:43:38'),
(777, 500, 7, 40, 11, 180, 50, 0, '220.00', '2021-01-17 02:43:39'),
(778, 501, 7, 14, 11, 154, 250, 0, '135.00', '2021-01-17 02:44:10'),
(779, 502, 7, 14, 11, 162, 350, 0, '135.00', '2021-01-18 02:45:51'),
(780, 503, 7, 14, 11, 155, 500, 0, '135.00', '2021-01-18 02:46:36'),
(781, 503, 7, 63, 11, 155, 117, 0, '0.00', '2021-02-06 11:24:18');
INSERT INTO `delivery_items` (`id`, `delivery_id`, `machine_id`, `color_id`, `size_id`, `design_id`, `quantity`, `extra`, `unit_price`, `ts`) VALUES
(782, 504, 7, 14, 12, 174, 440, 0, '135.00', '2021-01-18 02:47:50'),
(783, 505, 7, 14, 12, 155, 100, 0, '135.00', '2021-01-18 02:48:25'),
(784, 506, 7, 14, 11, 173, 210, 0, '200.00', '2021-01-18 02:48:54'),
(785, 507, 7, 14, 11, 162, 430, 0, '135.00', '2021-01-18 02:49:19'),
(786, 508, 7, 14, 11, 170, 300, 0, '135.00', '2021-01-18 02:50:01'),
(787, 508, 7, 14, 11, 163, 291, 0, '135.00', '2021-01-18 02:50:02'),
(788, 509, 7, 14, 11, 184, 300, 0, '135.00', '2021-01-18 02:50:25'),
(789, 510, 7, 14, 11, 164, 240, 0, '180.00', '2021-01-18 02:51:35'),
(790, 511, 7, 14, 11, 173, 270, 0, '200.00', '2021-01-28 07:09:03'),
(791, 512, 7, 14, 11, 175, 200, 0, '135.00', '2021-01-28 07:09:27'),
(792, 513, 7, 14, 11, 154, 300, 0, '135.00', '2021-01-28 07:09:55'),
(793, 514, 7, 14, 5, 160, 50, 0, '135.00', '2021-01-28 07:10:52'),
(794, 514, 7, 14, 11, 160, 350, 0, '135.00', '2021-01-28 07:10:52'),
(795, 515, 7, 14, 11, 178, 502, 0, '135.00', '2021-01-28 07:11:30'),
(796, 516, 7, 14, 11, 161, 500, 0, '135.00', '2021-01-28 07:12:01'),
(797, 517, 7, 14, 11, 181, 51, 0, '135.00', '2021-01-28 07:12:33'),
(798, 517, 7, 14, 11, 161, 49, 0, '135.00', '2021-01-28 07:12:33'),
(799, 518, 7, 14, 4, 155, 15, 0, '135.00', '2021-01-28 07:13:07'),
(800, 518, 7, 14, 11, 155, 95, 0, '135.00', '2021-01-28 07:13:07'),
(801, 519, 7, 14, 11, 180, 60, 0, '220.00', '2021-01-28 07:13:46'),
(802, 520, 7, 14, 4, 155, 50, 0, '135.00', '2021-01-28 07:14:13'),
(803, 521, 7, 14, 11, 161, 300, 0, '135.00', '2021-01-28 07:23:38'),
(804, 522, 7, 14, 11, 155, 300, 0, '135.00', '2021-01-28 07:24:04'),
(805, 523, 7, 14, 11, 181, 300, 0, '135.00', '2021-01-28 07:24:46'),
(806, 523, 7, 14, 4, 161, 200, 0, '135.00', '2021-01-28 07:24:46'),
(807, 524, 7, 14, 11, 161, 600, 0, '135.00', '2021-01-28 07:25:53'),
(808, 525, 7, 14, 12, 155, 600, 0, '135.00', '2021-01-28 07:26:24'),
(809, 526, 7, 14, 11, 175, 380, 0, '135.00', '2021-01-28 07:27:36'),
(810, 526, 7, 14, 11, 167, 755, 0, '135.00', '2021-01-28 07:27:37'),
(811, 526, 7, 63, 11, 167, 38, 0, '0.00', '2021-01-28 07:27:37'),
(812, 527, 7, 14, 11, 180, 101, 0, '250.00', '2021-01-28 07:28:02'),
(813, 528, 7, 14, 11, 161, 300, 0, '135.00', '2021-01-30 09:28:18'),
(814, 529, 7, 14, 11, 188, 300, 0, '135.00', '2021-01-30 09:28:43'),
(815, 530, 7, 14, 11, 184, 500, 0, '135.00', '2021-01-30 09:29:50'),
(816, 531, 7, 43, 11, 180, 92, 0, '250.00', '2021-01-31 09:30:45'),
(817, 532, 7, 14, 4, 161, 100, 0, '135.00', '2021-01-31 09:31:47'),
(818, 532, 7, 14, 11, 161, 300, 0, '135.00', '2021-01-31 09:31:47'),
(819, 533, 7, 14, 13, 167, 150, 0, '135.00', '2021-01-30 09:34:31'),
(820, 534, 7, 14, 11, 155, 300, 0, '135.00', '2021-01-30 09:35:09'),
(821, 534, 7, 14, 13, 155, 265, 0, '135.00', '2021-01-30 09:35:09'),
(822, 535, 7, 14, 11, 188, 300, 0, '135.00', '2021-01-30 09:35:31'),
(823, 536, 7, 14, 4, 161, 100, 0, '135.00', '2021-01-30 09:36:04'),
(824, 537, 7, 43, 11, 154, 300, 0, '200.00', '2021-01-30 09:37:02'),
(825, 537, 7, 14, 12, 154, 153, 0, '135.00', '2021-01-30 09:37:02'),
(826, 538, 7, 14, 11, 167, 275, 0, '135.00', '2021-01-30 09:37:52'),
(827, 538, 7, 14, 4, 155, 150, 0, '135.00', '2021-01-30 09:37:52'),
(828, 539, 7, 14, 11, 155, 225, 0, '135.00', '2021-01-30 09:38:17'),
(829, 540, 7, 14, 4, 161, 150, 0, '135.00', '2021-01-30 09:38:52'),
(830, 540, 7, 14, 4, 185, 50, 0, '135.00', '2021-01-30 09:38:52'),
(831, 541, 7, 14, 4, 161, 80, 0, '135.00', '2021-01-30 09:39:25'),
(832, 541, 7, 14, 11, 161, 160, 0, '135.00', '2021-01-30 09:39:25'),
(833, 542, 7, 14, 4, 177, 100, 0, '135.00', '2021-01-30 09:40:25'),
(835, 543, 7, 14, 11, 194, 112, 0, '120.00', '2021-01-30 09:42:01'),
(836, 544, 7, 14, 11, 180, 74, 0, '250.00', '2021-01-30 09:42:30'),
(837, 545, 7, 14, 4, 155, 200, 0, '135.00', '2021-01-31 09:45:03'),
(838, 546, 7, 14, 11, 161, 50, 0, '135.00', '2021-01-31 09:45:59'),
(839, 546, 7, 14, 11, 181, 40, 0, '135.00', '2021-01-31 09:45:59'),
(840, 546, 7, 14, 4, 164, 150, 0, '135.00', '2021-01-31 09:45:59'),
(841, 547, 7, 14, 11, 167, 300, 0, '135.00', '2021-01-31 09:46:25'),
(842, 548, 7, 14, 11, 161, 300, 0, '135.00', '2021-01-31 11:38:42'),
(844, 550, 7, 14, 11, 154, 430, 0, '135.00', '2021-01-19 11:41:27'),
(845, 551, 7, 14, 5, 164, 150, 0, '135.00', '2021-01-19 11:42:15'),
(846, 551, 7, 14, 12, 164, 450, 0, '135.00', '2021-01-19 11:42:15'),
(847, 552, 7, 14, 12, 155, 350, 0, '135.00', '2021-01-19 11:42:42'),
(848, 553, 7, 14, 12, 163, 360, 0, '135.00', '2021-01-19 11:43:05'),
(849, 554, 7, 43, 11, 173, 300, 0, '200.00', '2021-01-19 11:43:37'),
(850, 555, 7, 14, 12, 161, 400, 0, '135.00', '2021-01-19 11:44:15'),
(851, 555, 7, 14, 12, 180, 25, 0, '250.00', '2021-01-19 11:44:15'),
(852, 556, 7, 14, 12, 155, 90, 0, '135.00', '2021-01-19 11:44:40'),
(854, 558, 7, 14, 11, 161, 50, 0, '135.00', '2021-01-19 11:46:02'),
(855, 559, 7, 14, 11, 160, 320, 0, '135.00', '2021-01-19 11:46:27'),
(856, 560, 7, 14, 11, 155, 600, 0, '135.00', '2021-01-19 11:46:53'),
(857, 561, 7, 14, 11, 181, 239, 0, '135.00', '2021-01-19 11:48:11'),
(858, 561, 7, 63, 11, 181, 1, 0, '0.00', '2021-01-19 11:48:11'),
(859, 561, 7, 14, 12, 167, 525, 0, '135.00', '2021-01-19 11:48:11'),
(860, 561, 7, 63, 12, 167, 75, 0, '0.00', '2021-01-19 11:48:11'),
(861, 562, 7, 14, 11, 161, 240, 0, '135.00', '2021-01-20 11:49:09'),
(862, 563, 7, 14, 12, 174, 400, 0, '135.00', '2021-01-20 11:49:33'),
(863, 564, 7, 14, 4, 155, 50, 0, '135.00', '2021-01-20 11:50:19'),
(864, 564, 7, 14, 11, 155, 250, 0, '135.00', '2021-01-20 11:50:19'),
(865, 564, 7, 14, 4, 161, 50, 0, '135.00', '2021-01-20 11:50:19'),
(866, 564, 7, 14, 11, 161, 160, 0, '135.00', '2021-01-20 11:50:19'),
(867, 565, 7, 14, 5, 160, 100, 0, '135.00', '2021-01-20 11:50:51'),
(868, 565, 7, 14, 11, 160, 300, 0, '135.00', '2021-01-20 11:50:51'),
(869, 566, 7, 14, 4, 161, 234, 0, '135.00', '2021-01-20 11:51:22'),
(870, 566, 7, 14, 4, 181, 160, 0, '135.00', '2021-01-20 11:51:22'),
(871, 567, 7, 14, 12, 155, 400, 0, '135.00', '2021-01-20 11:51:44'),
(872, 568, 7, 14, 12, 161, 500, 0, '135.00', '2021-01-20 11:52:09'),
(873, 569, 7, 14, 12, 177, 500, 0, '135.00', '2021-01-20 11:52:29'),
(874, 570, 7, 40, 11, 180, 71, 0, '220.00', '2021-01-20 11:53:04'),
(875, 571, 7, 14, 11, 172, 350, 0, '135.00', '2021-01-20 11:53:26'),
(876, 572, 7, 14, 4, 168, 123, 0, '135.00', '2021-01-20 11:54:07'),
(877, 572, 7, 14, 11, 168, 220, 0, '135.00', '2021-01-20 11:54:07'),
(878, 573, 7, 14, 11, 155, 304, 0, '135.00', '2021-02-02 10:26:24'),
(879, 574, 7, 14, 11, 163, 235, 0, '135.00', '2021-01-20 11:55:19'),
(880, 575, 7, 14, 11, 161, 400, 0, '135.00', '2021-01-20 11:56:01'),
(881, 576, 7, 43, 11, 196, 188, 0, '200.00', '2021-01-21 11:56:56'),
(882, 577, 7, 14, 11, 165, 292, 0, '135.00', '2021-01-21 11:58:08'),
(883, 577, 7, 63, 11, 165, 8, 0, '0.00', '2021-01-21 11:58:08'),
(885, 579, 7, 14, 11, 167, 250, 0, '135.00', '2021-01-21 12:00:38'),
(886, 580, 7, 14, 11, 166, 300, 0, '135.00', '2021-01-21 12:01:01'),
(888, 581, 7, 14, 12, 161, 440, 0, '135.00', '2021-02-14 15:16:19'),
(889, 582, 7, 14, 12, 171, 400, 0, '135.00', '2021-02-14 15:00:10'),
(891, 583, 7, 14, 12, 155, 400, 0, '135.00', '2021-01-21 12:04:19'),
(892, 584, 7, 14, 5, 155, 303, 0, '135.00', '2021-01-21 12:05:15'),
(893, 584, 7, 14, 11, 155, 485, 0, '135.00', '2021-01-21 12:05:15'),
(894, 585, 7, 14, 11, 160, 300, 0, '135.00', '2021-01-21 12:05:56'),
(895, 586, 7, 43, 5, 173, 100, 0, '200.00', '2021-01-21 12:07:07'),
(896, 586, 7, 43, 11, 173, 200, 0, '200.00', '2021-01-21 12:07:07'),
(897, 587, 7, 14, 12, 155, 50, 0, '135.00', '2021-01-21 12:07:30'),
(898, 588, 7, 14, 12, 163, 100, 0, '135.00', '2021-01-21 12:07:53'),
(899, 589, 7, 14, 12, 155, 105, 0, '135.00', '2021-01-21 12:08:30'),
(900, 590, 7, 14, 5, 161, 50, 0, '135.00', '2021-01-23 12:09:47'),
(901, 590, 7, 14, 11, 161, 600, 0, '135.00', '2021-01-23 12:09:47'),
(902, 591, 7, 14, 11, 154, 320, 0, '135.00', '2021-01-23 12:10:28'),
(903, 592, 7, 14, 11, 183, 240, 0, '135.00', '2021-01-23 12:10:54'),
(904, 593, 7, 14, 11, 174, 300, 0, '135.00', '2021-01-23 12:11:18'),
(905, 594, 7, 14, 11, 163, 240, 0, '135.00', '2021-02-14 15:03:00'),
(907, 595, 7, 43, 11, 173, 294, 0, '200.00', '2021-01-23 12:12:40'),
(908, 595, 7, 63, 11, 173, 6, 0, '0.00', '2021-01-23 12:12:40'),
(909, 596, 7, 14, 11, 167, 300, 0, '135.00', '2021-01-23 12:13:00'),
(910, 597, 7, 14, 5, 155, 30, 0, '135.00', '2021-01-23 12:13:26'),
(911, 597, 7, 14, 11, 155, 300, 0, '135.00', '2021-01-23 12:13:26'),
(912, 598, 7, 14, 11, 178, 329, 0, '135.00', '2021-01-23 12:14:43'),
(913, 598, 7, 14, 11, 164, 300, 0, '135.00', '2021-01-23 12:14:43'),
(914, 598, 7, 43, 11, 173, 65, 0, '200.00', '2021-01-23 12:14:43'),
(915, 599, 7, 14, 11, 154, 300, 0, '135.00', '2021-01-23 12:15:12'),
(916, 600, 7, 14, 11, 175, 200, 0, '135.00', '2021-01-23 12:15:38'),
(917, 601, 7, 14, 11, 166, 240, 0, '135.00', '2021-01-23 12:16:24'),
(918, 602, 7, 14, 11, 160, 300, 0, '135.00', '2021-01-23 12:16:47'),
(919, 603, 7, 14, 11, 155, 530, 0, '135.00', '2021-01-23 12:17:17'),
(920, 604, 7, 14, 11, 192, 200, 0, '135.00', '2021-01-24 12:18:09'),
(921, 605, 7, 14, 11, 161, 300, 0, '135.00', '2021-01-24 12:18:30'),
(922, 606, 7, 14, 11, 154, 300, 0, '135.00', '2021-01-24 12:18:57'),
(923, 607, 7, 14, 13, 161, 175, 0, '135.00', '2021-01-24 12:19:52'),
(924, 608, 7, 14, 4, 161, 600, 0, '135.00', '2021-01-24 12:20:34'),
(925, 609, 7, 14, 11, 180, 72, 0, '250.00', '2021-01-24 12:21:16'),
(926, 610, 7, 14, 11, 171, 300, 0, '135.00', '2021-01-24 12:21:53'),
(927, 611, 7, 14, 11, 161, 300, 0, '135.00', '2021-01-24 12:22:14'),
(928, 612, 7, 14, 11, 174, 300, 0, '135.00', '2021-01-24 12:22:44'),
(929, 613, 7, 14, 11, 185, 300, 0, '135.00', '2021-01-24 12:23:13'),
(930, 614, 7, 14, 11, 161, 300, 0, '135.00', '2021-01-24 12:38:28'),
(931, 615, 7, 14, 11, 164, 300, 0, '135.00', '2021-01-24 12:39:02'),
(932, 616, 7, 43, 11, 154, 300, 0, '200.00', '2021-01-24 12:39:43'),
(933, 617, 7, 14, 11, 161, 300, 0, '135.00', '2021-01-24 12:40:15'),
(934, 618, 7, 14, 11, 161, 300, 0, '135.00', '2021-01-24 12:40:47'),
(935, 619, 7, 14, 4, 183, 57, 0, '135.00', '2021-01-24 12:43:12'),
(936, 619, 7, 14, 5, 161, 115, 0, '135.00', '2021-01-24 12:43:12'),
(937, 620, 7, 14, 11, 155, 300, 0, '135.00', '2021-01-24 12:43:44'),
(938, 621, 7, 14, 11, 154, 50, 0, '180.00', '2021-01-31 19:41:43'),
(939, 622, 7, 14, 11, 154, 275, 0, '130.00', '2021-01-31 19:43:42'),
(941, 623, 7, 14, 11, 154, 220, 0, '135.00', '2021-01-31 19:44:59'),
(944, 622, 7, 64, 11, 154, 115, 0, '100.00', '2021-01-31 19:49:05'),
(945, 623, 7, 65, 11, 154, 230, 0, '150.00', '2021-01-31 19:50:36'),
(946, 624, 7, 14, 11, 154, 290, 0, '135.00', '2021-01-31 19:54:37'),
(947, 624, 7, 65, 11, 154, 111, 0, '150.00', '2021-01-31 20:02:20'),
(948, 624, 7, 48, 11, 154, 160, 0, '120.00', '2021-02-02 09:43:03'),
(949, 624, 7, 64, 11, 154, 152, 0, '100.00', '2021-01-31 19:54:37'),
(950, 624, 7, 66, 11, 154, 323, 0, '130.00', '2021-01-31 20:02:20'),
(951, 625, 7, 14, 11, 155, 270, 0, '135.00', '2021-02-01 08:47:21'),
(952, 626, 7, 40, 11, 180, 78, 0, '220.00', '2021-01-24 08:54:47'),
(953, 627, 7, 14, 11, 176, 300, 0, '135.00', '2021-01-24 08:55:22'),
(954, 628, 7, 14, 11, 163, 150, 0, '135.00', '2021-01-24 08:57:02'),
(955, 629, 7, 14, 11, 161, 294, 0, '135.00', '2021-01-24 08:57:30'),
(956, 630, 7, 14, 11, 181, 100, 0, '135.00', '2021-01-24 08:57:58'),
(957, 631, 7, 14, 11, 161, 293, 0, '135.00', '2021-01-24 08:58:33'),
(958, 631, 7, 63, 11, 161, 7, 0, '0.00', '2021-01-24 08:58:33'),
(959, 632, 7, 14, 11, 155, 400, 0, '135.00', '2021-01-25 09:00:01'),
(960, 633, 7, 14, 4, 167, 225, 0, '135.00', '2021-01-25 09:01:20'),
(961, 634, 7, 14, 11, 160, 230, 0, '135.00', '2021-01-25 09:01:48'),
(962, 635, 7, 14, 11, 185, 196, 0, '135.00', '2021-01-25 09:03:17'),
(963, 635, 7, 14, 11, 177, 50, 0, '135.00', '2021-01-25 09:03:17'),
(964, 635, 7, 63, 11, 185, 4, 0, '0.00', '2021-01-25 09:03:17'),
(965, 636, 7, 14, 11, 155, 300, 0, '135.00', '2021-01-25 09:03:50'),
(966, 637, 7, 14, 11, 161, 300, 0, '135.00', '2021-01-25 09:04:20'),
(967, 638, 7, 14, 11, 165, 300, 0, '135.00', '2021-01-25 09:04:49'),
(968, 639, 7, 14, 11, 161, 600, 0, '135.00', '2021-01-25 09:05:13'),
(969, 640, 7, 14, 11, 165, 300, 0, '135.00', '2021-01-25 09:05:38'),
(970, 641, 7, 14, 4, 155, 150, 0, '135.00', '2021-01-25 09:06:12'),
(971, 642, 7, 43, 11, 173, 695, 0, '200.00', '2021-01-25 09:08:45'),
(972, 643, 7, 14, 11, 170, 320, 0, '135.00', '2021-01-25 09:09:51'),
(973, 643, 7, 14, 11, 163, 300, 0, '135.00', '2021-01-25 09:09:51'),
(974, 644, 7, 49, 11, 180, 86, 0, '250.00', '2021-01-25 09:10:50'),
(975, 645, 7, 14, 11, 169, 200, 0, '135.00', '2021-01-25 09:11:17'),
(976, 646, 7, 14, 4, 162, 300, 0, '135.00', '2021-01-25 09:11:40'),
(977, 647, 7, 14, 12, 171, 440, 0, '135.00', '2021-01-26 09:12:52'),
(978, 648, 7, 14, 11, 162, 430, 0, '135.00', '2021-01-26 09:13:19'),
(979, 649, 7, 14, 12, 155, 800, 0, '135.00', '2021-01-26 09:13:48'),
(980, 650, 7, 14, 11, 170, 200, 0, '135.00', '2021-01-26 09:15:00'),
(981, 650, 7, 49, 11, 180, 80, 0, '250.00', '2021-01-26 09:15:00'),
(982, 651, 7, 14, 5, 161, 200, 0, '135.00', '2021-01-26 09:15:27'),
(983, 652, 7, 14, 11, 161, 100, 0, '135.00', '2021-01-26 09:15:49'),
(984, 653, 7, 14, 4, 155, 40, 0, '135.00', '2021-01-26 09:16:33'),
(985, 653, 7, 14, 11, 155, 120, 0, '135.00', '2021-01-26 09:16:33'),
(986, 654, 7, 14, 11, 176, 300, 0, '135.00', '2021-01-26 09:16:58'),
(987, 655, 7, 43, 11, 173, 300, 0, '200.00', '2021-01-26 09:17:27'),
(988, 656, 7, 14, 12, 166, 400, 0, '135.00', '2021-01-26 09:17:54'),
(989, 657, 7, 14, 11, 161, 300, 0, '135.00', '2021-01-26 09:18:41'),
(990, 657, 7, 14, 5, 160, 150, 0, '135.00', '2021-01-26 09:18:41'),
(991, 658, 7, 14, 11, 155, 320, 0, '135.00', '2021-01-26 09:19:13'),
(992, 659, 7, 14, 11, 170, 225, 0, '135.00', '2021-01-26 09:19:42'),
(993, 660, 7, 14, 11, 165, 226, 0, '135.00', '2021-02-14 14:16:48'),
(995, 661, 7, 14, 4, 161, 200, 0, '135.00', '2021-01-27 09:21:58'),
(996, 662, 7, 14, 4, 167, 275, 0, '135.00', '2021-01-27 09:22:22'),
(997, 663, 7, 14, 4, 161, 220, 0, '135.00', '2021-01-27 09:23:16'),
(998, 663, 7, 14, 4, 167, 80, 0, '135.00', '2021-01-27 09:23:16'),
(999, 663, 7, 14, 4, 155, 200, 0, '135.00', '2021-01-27 09:23:16'),
(1000, 663, 7, 14, 5, 155, 100, 0, '135.00', '2021-01-27 09:23:16'),
(1001, 664, 7, 14, 12, 155, 400, 0, '135.00', '2021-01-27 09:23:41'),
(1002, 665, 7, 14, 11, 177, 100, 0, '135.00', '2021-01-27 09:24:06'),
(1003, 666, 7, 64, 11, 155, 26, 0, '100.00', '2021-01-27 09:29:15'),
(1004, 666, 7, 68, 12, 155, 7, 0, '93.00', '2021-01-27 09:29:15'),
(1005, 666, 7, 66, 11, 154, 69, 0, '130.00', '2021-01-27 09:29:15'),
(1006, 666, 7, 67, 12, 154, 5, 0, '123.00', '2021-01-27 09:29:15'),
(1007, 667, 7, 14, 4, 154, 200, 0, '135.00', '2021-01-27 09:30:33'),
(1008, 668, 7, 14, 12, 155, 400, 0, '135.00', '2021-01-27 09:31:01'),
(1009, 669, 7, 14, 11, 185, 600, 0, '135.00', '2021-01-27 09:31:30'),
(1010, 670, 7, 14, 11, 155, 300, 0, '135.00', '2021-01-27 09:32:02'),
(1011, 671, 7, 14, 11, 168, 227, 0, '135.00', '2021-01-27 09:32:44'),
(1012, 672, 7, 43, 11, 173, 37, 0, '200.00', '2021-01-27 09:33:12'),
(1013, 673, 7, 14, 11, 161, 300, 0, '135.00', '2021-01-27 09:33:39'),
(1014, 674, 7, 14, 4, 161, 240, 0, '135.00', '2021-01-27 09:34:10'),
(1015, 675, 7, 14, 11, 181, 290, 0, '135.00', '2021-01-27 09:47:41'),
(1016, 676, 7, 14, 13, 161, 200, 0, '135.00', '2021-01-27 09:48:07'),
(1017, 677, 7, 40, 11, 178, 150, 0, '220.00', '2021-01-27 09:49:17'),
(1018, 677, 7, 40, 11, 181, 120, 0, '220.00', '2021-01-27 09:49:17'),
(1019, 678, 7, 14, 11, 161, 250, 0, '135.00', '2021-01-27 09:50:46'),
(1020, 678, 7, 14, 4, 155, 100, 0, '135.00', '2021-01-27 09:50:46'),
(1021, 679, 7, 14, 11, 170, 300, 0, '135.00', '2021-01-27 09:51:35'),
(1022, 680, 7, 48, 11, 154, 102, 0, '120.00', '2021-02-02 10:25:00'),
(1026, 683, 7, 14, 11, 167, 300, 0, '135.00', '2021-02-03 14:47:31'),
(1027, 684, 7, 14, 12, 166, 368, 0, '135.00', '2021-02-03 14:48:57'),
(1028, 685, 7, 14, 11, 161, 300, 0, '135.00', '2021-02-03 14:49:22'),
(1029, 681, 7, 44, 11, 180, 52, 0, '100.00', '2021-02-03 15:07:50'),
(1030, 364, 7, 67, 12, 154, 45, 0, '123.00', '2021-02-03 15:17:40'),
(1031, 353, 7, 66, 11, 161, 430, 0, '130.00', '2021-02-06 07:57:26'),
(1032, 446, 7, 40, 11, 178, 250, 0, '220.00', '2021-02-06 10:23:20'),
(1033, 496, 7, 40, 11, 178, 300, 0, '220.00', '2021-02-06 10:30:22'),
(1034, 557, 7, 40, 11, 178, 140, 0, '220.00', '2021-02-06 10:32:07'),
(1035, 686, 7, 14, 11, 162, 430, 0, '135.00', '2021-02-08 06:13:45'),
(1036, 687, 7, 14, 4, 155, 50, 0, '135.00', '2021-02-08 06:14:31'),
(1037, 687, 7, 14, 11, 155, 250, 0, '135.00', '2021-02-08 06:14:31'),
(1038, 688, 7, 14, 4, 155, 50, 0, '135.00', '2021-02-08 06:15:02'),
(1039, 688, 7, 14, 11, 155, 210, 0, '135.00', '2021-02-08 06:15:02'),
(1040, 689, 7, 43, 11, 173, 300, 0, '200.00', '2021-02-08 06:15:45'),
(1041, 690, 7, 14, 4, 155, 300, 0, '135.00', '2021-02-08 06:16:16'),
(1042, 691, 7, 14, 12, 155, 700, 0, '135.00', '2021-02-08 06:17:54'),
(1043, 692, 7, 14, 11, 155, 600, 0, '135.00', '2021-02-08 06:18:24'),
(1044, 693, 7, 14, 11, 162, 250, 0, '135.00', '2021-02-08 06:22:15'),
(1045, 693, 7, 14, 11, 155, 300, 0, '135.00', '2021-02-08 06:22:15'),
(1046, 694, 7, 14, 11, 161, 300, 0, '135.00', '2021-02-08 06:24:15'),
(1047, 695, 7, 14, 11, 184, 150, 0, '135.00', '2021-02-08 06:28:24'),
(1048, 695, 7, 14, 11, 181, 150, 0, '135.00', '2021-02-08 06:28:24'),
(1049, 696, 7, 14, 4, 167, 300, 0, '135.00', '2021-02-08 06:29:00'),
(1050, 697, 7, 40, 11, 180, 56, 0, '220.00', '2021-02-08 06:30:47'),
(1051, 698, 7, 14, 11, 168, 236, 0, '135.00', '2021-02-08 06:31:20'),
(1052, 699, 7, 14, 11, 198, 300, 0, '135.00', '2021-02-08 06:32:00'),
(1053, 700, 7, 14, 11, 166, 427, 0, '135.00', '2021-02-08 06:32:47'),
(1054, 700, 7, 63, 11, 166, 88, 0, '0.00', '2021-02-08 06:32:47'),
(1055, 701, 7, 14, 11, 167, 300, 0, '135.00', '2021-02-08 06:33:18'),
(1056, 702, 7, 14, 11, 168, 300, 0, '135.00', '2021-02-08 06:33:52'),
(1057, 703, 7, 40, 11, 180, 43, 0, '220.00', '2021-02-08 06:34:17'),
(1058, 704, 7, 14, 4, 190, 200, 0, '135.00', '2021-02-08 06:34:48'),
(1059, 705, 7, 14, 11, 155, 300, 0, '135.00', '2021-02-08 06:35:15'),
(1060, 706, 7, 49, 11, 180, 8, 0, '250.00', '2021-02-08 06:36:43'),
(1061, 707, 7, 14, 11, 164, 300, 0, '135.00', '2021-02-08 06:37:22'),
(1062, 707, 7, 14, 4, 169, 200, 0, '135.00', '2021-02-08 06:37:22'),
(1063, 708, 7, 14, 4, 168, 201, 0, '135.00', '2021-02-08 06:37:48'),
(1064, 709, 7, 14, 4, 199, 100, 0, '135.00', '2021-02-08 06:38:28'),
(1065, 710, 7, 14, 4, 174, 200, 0, '135.00', '2021-02-08 06:38:53'),
(1066, 711, 7, 14, 11, 155, 600, 0, '135.00', '2021-02-08 06:41:55'),
(1067, 712, 7, 63, 11, 154, 624, 0, '0.00', '2021-02-08 06:44:03'),
(1068, 713, 7, 40, 11, 178, 300, 0, '220.00', '2021-02-08 06:45:12'),
(1069, 713, 7, 14, 11, 170, 300, 0, '135.00', '2021-02-08 06:45:12'),
(1070, 713, 7, 48, 11, 154, 10, 0, '120.00', '2021-02-08 06:46:33'),
(1071, 714, 7, 14, 11, 185, 300, 0, '135.00', '2021-02-08 06:47:04'),
(1072, 715, 7, 14, 11, 161, 250, 0, '135.00', '2021-02-08 06:48:22'),
(1073, 716, 7, 14, 11, 163, 209, 0, '135.00', '2021-02-08 06:48:46'),
(1074, 717, 7, 43, 11, 196, 215, 0, '200.00', '2021-02-08 06:49:16'),
(1075, 718, 7, 43, 11, 173, 365, 0, '200.00', '2021-02-08 06:49:44'),
(1076, 719, 7, 16, 4, 155, 162, 0, '50.00', '2021-02-08 06:51:11'),
(1077, 719, 7, 16, 11, 155, 600, 0, '50.00', '2021-02-08 06:51:11'),
(1078, 720, 7, 16, 11, 160, 310, 0, '50.00', '2021-02-08 06:51:41'),
(1079, 721, 7, 16, 11, 155, 900, 0, '50.00', '2021-02-08 06:52:14'),
(1080, 722, 7, 16, 11, 167, 300, 0, '50.00', '2021-02-08 06:52:47'),
(1081, 723, 7, 16, 5, 155, 100, 0, '50.00', '2021-02-08 06:53:21'),
(1082, 723, 7, 16, 11, 155, 300, 0, '50.00', '2021-02-08 06:53:21'),
(1083, 724, 7, 49, 11, 180, 58, 0, '250.00', '2021-02-08 07:02:12'),
(1084, 724, 7, 16, 11, 193, 300, 0, '50.00', '2021-02-08 07:02:12'),
(1085, 725, 7, 16, 11, 161, 300, 0, '50.00', '2021-02-08 07:02:36'),
(1086, 726, 7, 16, 11, 185, 300, 0, '50.00', '2021-02-08 07:03:09'),
(1087, 727, 7, 16, 11, 155, 360, 0, '50.00', '2021-02-08 07:03:39'),
(1088, 728, 7, 16, 11, 155, 500, 0, '50.00', '2021-02-08 07:04:05'),
(1089, 729, 7, 16, 11, 185, 300, 0, '50.00', '2021-02-08 07:04:35'),
(1090, 730, 7, 63, 11, 155, 200, 0, '0.00', '2021-02-08 07:05:53'),
(1091, 731, 7, 16, 11, 155, 900, 0, '50.00', '2021-02-08 07:06:45'),
(1092, 732, 7, 16, 11, 161, 400, 0, '50.00', '2021-02-08 07:07:26'),
(1093, 733, 7, 16, 11, 155, 200, 0, '50.00', '2021-02-08 07:07:48'),
(1094, 734, 7, 16, 11, 161, 300, 0, '50.00', '2021-02-08 07:08:18'),
(1095, 735, 7, 16, 11, 155, 300, 0, '50.00', '2021-02-08 07:08:44'),
(1096, 736, 7, 16, 5, 161, 50, 0, '50.00', '2021-02-08 07:09:41'),
(1097, 736, 7, 16, 11, 161, 300, 0, '50.00', '2021-02-08 07:09:41'),
(1098, 737, 7, 16, 11, 155, 650, 0, '50.00', '2021-02-08 07:10:09'),
(1099, 738, 7, 16, 11, 155, 320, 0, '50.00', '2021-02-08 07:13:01'),
(1100, 738, 7, 16, 4, 155, 250, 0, '50.00', '2021-02-08 07:13:01'),
(1101, 738, 7, 44, 11, 178, 50, 0, '100.00', '2021-02-08 07:13:01'),
(1102, 739, 7, 16, 11, 166, 300, 0, '50.00', '2021-02-08 07:14:05'),
(1103, 739, 7, 16, 12, 155, 400, 0, '50.00', '2021-02-08 07:14:05'),
(1104, 740, 7, 16, 11, 161, 500, 0, '50.00', '2021-02-08 07:14:34'),
(1105, 741, 7, 16, 12, 155, 800, 0, '50.00', '2021-02-08 07:15:03'),
(1106, 742, 7, 16, 11, 178, 300, 0, '50.00', '2021-02-08 07:15:47'),
(1107, 742, 7, 16, 4, 161, 100, 0, '50.00', '2021-02-08 07:15:47'),
(1108, 743, 7, 16, 12, 154, 525, 0, '50.00', '2021-02-08 07:16:24'),
(1109, 744, 7, 16, 11, 160, 280, 0, '50.00', '2021-02-08 07:16:50'),
(1110, 745, 7, 16, 11, 161, 200, 0, '50.00', '2021-02-08 07:17:28'),
(1111, 745, 7, 44, 11, 180, 50, 0, '100.00', '2021-02-08 07:17:28'),
(1112, 746, 7, 16, 4, 155, 50, 0, '50.00', '2021-02-08 07:18:57'),
(1113, 746, 7, 16, 11, 161, 180, 0, '50.00', '2021-02-08 07:18:57'),
(1114, 746, 7, 16, 11, 189, 180, 0, '50.00', '2021-02-08 07:18:57'),
(1115, 746, 7, 44, 11, 190, 60, 0, '100.00', '2021-02-08 07:18:57'),
(1116, 747, 7, 16, 12, 155, 700, 0, '50.00', '2021-02-08 07:19:25'),
(1117, 748, 7, 16, 4, 155, 250, 0, '50.00', '2021-02-08 07:19:51'),
(1118, 749, 7, 16, 12, 161, 200, 0, '50.00', '2021-02-08 07:20:18'),
(1119, 750, 7, 16, 11, 155, 200, 0, '50.00', '2021-02-08 07:26:12'),
(1120, 751, 7, 16, 5, 155, 100, 0, '50.00', '2021-02-08 07:26:38'),
(1121, 752, 7, 70, 11, 180, 18, 0, '130.00', '2021-02-08 07:29:00'),
(1122, 753, 7, 16, 11, 154, 138, 0, '50.00', '2021-02-08 07:29:54'),
(1123, 753, 7, 16, 11, 155, 87, 0, '50.00', '2021-02-08 07:29:54'),
(1124, 754, 7, 16, 11, 154, 500, 0, '50.00', '2021-02-08 07:30:20'),
(1125, 755, 7, 16, 4, 155, 200, 0, '50.00', '2021-02-08 07:31:10'),
(1126, 755, 7, 16, 5, 155, 400, 0, '50.00', '2021-02-08 07:31:10'),
(1127, 755, 7, 16, 11, 155, 1650, 0, '50.00', '2021-02-08 07:31:10'),
(1128, 756, 7, 14, 11, 161, 450, 0, '135.00', '2021-02-08 07:32:25'),
(1129, 756, 7, 14, 11, 169, 150, 0, '135.00', '2021-02-08 07:32:25'),
(1130, 756, 7, 49, 11, 180, 111, 0, '250.00', '2021-02-08 07:32:25'),
(1131, 757, 7, 14, 11, 198, 300, 0, '135.00', '2021-02-08 07:32:52'),
(1132, 758, 7, 14, 11, 171, 300, 0, '135.00', '2021-02-08 12:35:08'),
(1133, 759, 7, 14, 11, 198, 245, 0, '135.00', '2021-02-08 12:35:32'),
(1134, 760, 7, 14, 11, 161, 300, 0, '135.00', '2021-02-08 12:35:50'),
(1135, 761, 7, 49, 11, 180, 60, 0, '250.00', '2021-02-08 12:36:40'),
(1136, 762, 7, 14, 4, 155, 50, 0, '135.00', '2021-02-08 12:37:08'),
(1137, 762, 7, 14, 11, 155, 246, 0, '135.00', '2021-02-08 12:37:08'),
(1138, 763, 7, 14, 11, 193, 430, 0, '135.00', '2021-02-08 12:37:35'),
(1139, 764, 7, 14, 4, 177, 50, 0, '135.00', '2021-02-08 12:38:02'),
(1140, 764, 7, 14, 5, 177, 50, 0, '135.00', '2021-02-08 12:38:02'),
(1141, 764, 7, 14, 11, 177, 300, 0, '135.00', '2021-02-08 12:38:02'),
(1142, 483, 7, 14, 4, 160, 100, 0, '135.00', '2021-02-14 14:58:34'),
(1143, 542, 7, 14, 11, 177, 100, 0, '135.00', '2021-02-14 15:11:44'),
(1146, 791, 7, 14, 11, 155, 275, 0, '135.00', '2021-02-17 13:21:18'),
(1147, 792, 7, 14, 11, 172, 260, 0, '135.00', '2021-02-17 13:21:45'),
(1148, 793, 7, 14, 12, 161, 600, 0, '135.00', '2021-02-17 13:22:54'),
(1149, 793, 7, 49, 12, 180, 48, 0, '250.00', '2021-02-17 13:22:54'),
(1150, 794, 7, 14, 11, 154, 236, 0, '135.00', '2021-02-17 13:24:54'),
(1151, 795, 7, 14, 11, 155, 150, 0, '135.00', '2021-02-17 13:25:25'),
(1152, 796, 7, 43, 11, 173, 43, 0, '200.00', '2021-02-17 13:26:02'),
(1153, 797, 7, 14, 11, 161, 450, 0, '135.00', '2021-02-17 13:26:25'),
(1154, 798, 7, 14, 11, 154, 300, 0, '135.00', '2021-02-17 13:26:49'),
(1155, 799, 7, 14, 11, 194, 156, 0, '135.00', '2021-02-17 13:27:29'),
(1156, 800, 7, 14, 11, 155, 300, 0, '135.00', '2021-02-17 13:27:54'),
(1157, 801, 7, 14, 11, 166, 300, 0, '135.00', '2021-02-17 13:28:20'),
(1158, 802, 7, 14, 11, 154, 230, 0, '135.00', '2021-02-17 13:29:00'),
(1159, 803, 7, 14, 11, 161, 300, 0, '135.00', '2021-02-17 13:29:28'),
(1160, 804, 7, 14, 11, 155, 300, 0, '135.00', '2021-02-17 13:30:25'),
(1161, 804, 7, 14, 11, 160, 100, 0, '135.00', '2021-02-17 13:30:25'),
(1162, 805, 7, 14, 11, 161, 500, 0, '135.00', '2021-02-17 13:30:51'),
(1163, 806, 7, 14, 11, 194, 325, 0, '135.00', '2021-02-20 11:28:55'),
(1164, 807, 7, 14, 11, 154, 300, 0, '135.00', '2021-02-20 11:30:34'),
(1165, 808, 7, 14, 12, 158, 1000, 0, '135.00', '2021-02-20 11:31:05'),
(1166, 809, 7, 14, 11, 155, 345, 0, '135.00', '2021-02-20 11:31:31'),
(1167, 810, 7, 14, 4, 161, 200, 0, '135.00', '2021-02-20 11:32:28'),
(1168, 811, 7, 14, 11, 161, 300, 0, '135.00', '2021-02-20 11:33:19'),
(1169, 811, 7, 49, 11, 180, 30, 0, '250.00', '2021-02-20 11:33:19'),
(1170, 812, 7, 14, 11, 154, 300, 0, '135.00', '2021-02-20 11:34:01'),
(1171, 813, 7, 14, 11, 168, 200, 0, '135.00', '2021-02-20 11:34:51'),
(1172, 814, 7, 49, 11, 180, 125, 0, '250.00', '2021-02-20 11:35:25'),
(1173, 815, 7, 14, 11, 181, 160, 0, '135.00', '2021-02-20 11:36:42'),
(1174, 815, 7, 14, 11, 161, 70, 0, '135.00', '2021-02-20 11:36:42'),
(1175, 815, 7, 14, 4, 154, 90, 0, '135.00', '2021-02-20 11:36:42'),
(1176, 815, 7, 14, 11, 166, 80, 0, '135.00', '2021-02-20 11:36:42'),
(1177, 816, 7, 14, 11, 161, 300, 0, '135.00', '2021-02-20 11:37:26'),
(1178, 816, 7, 49, 11, 180, 35, 0, '250.00', '2021-02-20 11:37:26'),
(1179, 817, 7, 40, 11, 178, 150, 0, '220.00', '2021-02-20 11:37:58'),
(1180, 818, 7, 49, 11, 180, 96, 0, '250.00', '2021-02-20 11:38:23'),
(1181, 819, 7, 14, 11, 194, 210, 0, '135.00', '2021-02-20 11:39:27'),
(1182, 819, 7, 14, 11, 175, 200, 0, '135.00', '2021-02-20 11:39:27'),
(1183, 820, 7, 14, 11, 175, 300, 0, '135.00', '2021-02-20 11:39:52'),
(1184, 821, 7, 14, 11, 154, 300, 0, '135.00', '2021-02-20 11:40:12'),
(1185, 822, 7, 14, 11, 160, 350, 0, '135.00', '2021-02-20 11:43:47'),
(1186, 823, 7, 14, 11, 167, 250, 0, '135.00', '2021-02-20 11:44:08'),
(1187, 824, 7, 14, 11, 161, 300, 0, '135.00', '2021-02-20 11:44:28'),
(1188, 825, 7, 40, 11, 180, 37, 0, '220.00', '2021-02-20 11:45:03'),
(1189, 826, 7, 14, 11, 190, 100, 0, '135.00', '2021-02-20 11:45:47'),
(1190, 826, 7, 14, 11, 161, 100, 0, '135.00', '2021-02-20 11:45:47'),
(1191, 827, 7, 14, 12, 155, 175, 0, '135.00', '2021-02-20 11:46:10'),
(1192, 828, 7, 14, 11, 177, 250, 0, '135.00', '2021-02-20 11:48:57'),
(1193, 829, 7, 49, 11, 180, 119, 0, '250.00', '2021-02-20 11:49:30'),
(1194, 830, 7, 14, 12, 155, 1200, 0, '135.00', '2021-02-20 11:50:25'),
(1195, 831, 7, 14, 12, 166, 66, 0, '135.00', '2021-02-20 11:50:55'),
(1196, 832, 7, 14, 11, 154, 300, 0, '135.00', '2021-02-20 11:52:49'),
(1197, 833, 7, 40, 11, 178, 84, 0, '220.00', '2021-02-20 11:53:18'),
(1198, 834, 7, 14, 11, 161, 200, 0, '135.00', '2021-02-20 11:57:50'),
(1199, 835, 7, 14, 4, 155, 200, 0, '135.00', '2021-02-20 11:58:16'),
(1200, 836, 7, 42, 11, 154, 141, 0, '240.00', '2021-02-20 11:59:34'),
(1201, 837, 7, 14, 11, 155, 300, 0, '135.00', '2021-02-20 12:05:05'),
(1202, 838, 7, 14, 11, 161, 300, 0, '135.00', '2021-02-20 12:05:28'),
(1203, 839, 7, 14, 11, 155, 300, 0, '135.00', '2021-02-20 12:06:40'),
(1204, 839, 7, 14, 4, 169, 90, 0, '135.00', '2021-02-20 12:06:40'),
(1205, 839, 7, 14, 11, 179, 100, 0, '135.00', '2021-02-20 12:06:40'),
(1206, 840, 7, 43, 11, 173, 200, 0, '200.00', '2021-02-20 12:07:11'),
(1207, 841, 7, 40, 11, 180, 120, 0, '220.00', '2021-02-20 12:07:35'),
(1208, 842, 7, 14, 4, 161, 100, 0, '135.00', '2021-02-20 12:08:02'),
(1209, 842, 7, 14, 5, 161, 100, 0, '135.00', '2021-02-20 12:08:02'),
(1210, 843, 7, 14, 11, 155, 200, 0, '135.00', '2021-02-20 12:11:11'),
(1211, 844, 7, 49, 11, 180, 60, 0, '250.00', '2021-02-20 12:11:37'),
(1212, 845, 7, 14, 11, 163, 250, 0, '135.00', '2021-02-20 12:12:06'),
(1213, 846, 7, 14, 11, 154, 300, 0, '135.00', '2021-02-20 12:12:30'),
(1214, 847, 7, 43, 11, 178, 600, 0, '200.00', '2021-02-20 12:13:09'),
(1215, 848, 7, 14, 11, 161, 500, 0, '135.00', '2021-02-20 12:13:34'),
(1216, 849, 7, 14, 11, 199, 300, 0, '135.00', '2021-02-20 12:15:21'),
(1217, 850, 7, 42, 11, 154, 89, 0, '240.00', '2021-02-20 12:16:00'),
(1218, 851, 7, 14, 11, 166, 225, 0, '135.00', '2021-02-20 12:16:28'),
(1219, 852, 7, 48, 11, 154, 60, 0, '120.00', '2021-02-20 12:17:23'),
(1220, 853, 7, 14, 11, 154, 300, 0, '135.00', '2021-02-20 12:18:07'),
(1221, 854, 7, 14, 11, 167, 200, 0, '135.00', '2021-02-20 12:20:34'),
(1222, 854, 7, 14, 11, 183, 150, 0, '135.00', '2021-02-20 12:20:34'),
(1223, 854, 7, 14, 11, 160, 50, 0, '135.00', '2021-02-20 12:20:34'),
(1224, 855, 7, 14, 11, 163, 250, 0, '135.00', '2021-02-20 12:21:16'),
(1225, 856, 7, 14, 4, 161, 100, 0, '135.00', '2021-02-20 12:21:53'),
(1226, 857, 7, 14, 4, 167, 200, 0, '135.00', '2021-02-20 12:22:56'),
(1227, 857, 7, 14, 5, 161, 300, 0, '135.00', '2021-02-20 12:22:56'),
(1228, 858, 7, 14, 11, 155, 300, 0, '135.00', '2021-02-20 12:23:30'),
(1229, 859, 7, 14, 11, 181, 345, 0, '135.00', '2021-02-20 12:24:12'),
(1230, 860, 7, 14, 4, 162, 200, 0, '135.00', '2021-02-20 12:24:39'),
(1231, 861, 7, 14, 4, 155, 167, 0, '135.00', '2021-02-20 12:25:07'),
(1232, 862, 7, 40, 11, 178, 50, 0, '220.00', '2021-02-20 12:25:47'),
(1233, 863, 7, 14, 11, 160, 325, 0, '135.00', '2021-02-20 12:26:13'),
(1234, 864, 7, 14, 11, 155, 200, 0, '135.00', '2021-02-20 12:26:42'),
(1235, 865, 7, 14, 11, 155, 600, 0, '135.00', '2021-02-20 12:47:42'),
(1236, 866, 7, 40, 11, 201, 481, 0, '220.00', '2021-02-20 12:48:32'),
(1237, 867, 7, 14, 11, 166, 300, 0, '135.00', '2021-02-20 12:49:09'),
(1238, 868, 7, 14, 11, 154, 240, 0, '135.00', '2021-02-20 12:49:45'),
(1239, 869, 7, 40, 11, 180, 77, 0, '220.00', '2021-02-20 12:50:12'),
(1240, 870, 7, 14, 11, 194, 120, 0, '135.00', '2021-02-20 12:51:03'),
(1241, 870, 7, 40, 11, 154, 32, 0, '220.00', '2021-02-20 12:51:03'),
(1243, 872, 7, 14, 11, 161, 300, 0, '135.00', '2021-02-20 12:53:59'),
(1244, 873, 7, 14, 11, 155, 300, 0, '135.00', '2021-02-20 12:54:23'),
(1245, 874, 7, 40, 11, 178, 250, 0, '220.00', '2021-02-20 12:54:50'),
(1246, 875, 7, 14, 4, 179, 150, 0, '135.00', '2021-02-20 12:55:20'),
(1247, 876, 7, 14, 11, 154, 144, 0, '135.00', '2021-02-20 12:57:18'),
(1248, 877, 7, 14, 11, 154, 480, 0, '135.00', '2021-02-20 12:57:54'),
(1249, 878, 7, 40, 11, 180, 25, 0, '220.00', '2021-02-20 12:58:20'),
(1250, 879, 7, 14, 4, 161, 300, 0, '135.00', '2021-02-20 12:58:46'),
(1251, 880, 7, 47, 11, 173, 300, 0, '50.00', '2021-02-20 12:59:27'),
(1252, 881, 7, 47, 11, 154, 300, 0, '50.00', '2021-02-20 13:00:07'),
(1253, 882, 7, 14, 11, 173, 250, 0, '135.00', '2021-02-20 13:00:36'),
(1254, 871, 7, 47, 11, 161, 300, 0, '50.00', '2021-02-20 13:02:26'),
(1255, 883, 7, 43, 11, 173, 170, 0, '200.00', '2021-02-20 13:19:36'),
(1256, 884, 7, 14, 11, 161, 300, 0, '135.00', '2021-02-20 13:20:07'),
(1257, 885, 7, 14, 11, 184, 250, 0, '135.00', '2021-02-20 13:20:36'),
(1258, 886, 7, 14, 11, 154, 300, 0, '135.00', '2021-02-20 13:21:12'),
(1259, 887, 7, 14, 12, 155, 600, 0, '135.00', '2021-02-20 13:21:39'),
(1260, 888, 7, 14, 11, 166, 300, 0, '135.00', '2021-02-20 13:22:02'),
(1261, 889, 7, 40, 11, 201, 242, 0, '220.00', '2021-02-20 13:22:36'),
(1262, 890, 7, 49, 11, 180, 57, 0, '250.00', '2021-02-20 13:23:14'),
(1263, 891, 7, 14, 12, 190, 200, 0, '135.00', '2021-02-20 13:23:56'),
(1264, 891, 7, 14, 12, 161, 200, 0, '135.00', '2021-02-20 13:23:56'),
(1265, 892, 7, 49, 11, 180, 148, 0, '250.00', '2021-02-20 13:24:24'),
(1266, 893, 7, 14, 11, 199, 300, 0, '135.00', '2021-02-20 13:24:52'),
(1267, 894, 7, 14, 4, 155, 50, 0, '135.00', '2021-02-20 13:25:33'),
(1268, 894, 7, 14, 11, 155, 250, 0, '135.00', '2021-02-20 13:25:33'),
(1269, 895, 7, 14, 12, 155, 460, 0, '135.00', '2021-02-20 13:25:59'),
(1270, 896, 7, 14, 11, 177, 250, 0, '135.00', '2021-02-20 13:26:23'),
(1271, 897, 7, 14, 4, 199, 60, 0, '135.00', '2021-02-20 13:27:12'),
(1272, 897, 7, 14, 11, 190, 140, 0, '135.00', '2021-02-20 13:27:12'),
(1273, 898, 7, 14, 11, 155, 350, 0, '135.00', '2021-02-20 13:40:24'),
(1274, 899, 7, 14, 11, 170, 200, 0, '135.00', '2021-02-20 13:40:55'),
(1275, 900, 7, 14, 11, 184, 360, 0, '135.00', '2021-02-20 13:41:24'),
(1276, 901, 7, 14, 11, 161, 300, 0, '135.00', '2021-02-20 13:50:30'),
(1277, 902, 7, 49, 11, 180, 93, 0, '250.00', '2021-02-20 13:51:06'),
(1278, 903, 7, 14, 11, 154, 405, 0, '135.00', '2021-02-20 13:51:37'),
(1279, 904, 7, 14, 11, 161, 250, 0, '135.00', '2021-02-20 13:52:06'),
(1280, 905, 7, 14, 11, 155, 600, 0, '135.00', '2021-02-20 13:52:41'),
(1281, 906, 7, 43, 11, 196, 207, 0, '200.00', '2021-02-20 13:55:06'),
(1282, 907, 7, 14, 11, 155, 300, 0, '135.00', '2021-02-20 13:55:38'),
(1283, 908, 7, 14, 11, 154, 400, 0, '135.00', '2021-02-20 13:56:06'),
(1284, 909, 7, 14, 11, 154, 75, 0, '135.00', '2021-02-20 13:57:10'),
(1285, 910, 7, 57, 11, 154, 225, 0, '70.00', '2021-02-20 13:57:52'),
(1286, 911, 7, 14, 11, 198, 300, 0, '135.00', '2021-02-20 13:58:26'),
(1287, 912, 7, 14, 11, 154, 300, 0, '135.00', '2021-02-20 13:58:53'),
(1288, 913, 7, 14, 11, 161, 300, 0, '135.00', '2021-02-20 14:00:44'),
(1289, 914, 7, 14, 11, 155, 300, 0, '135.00', '2021-02-20 14:01:11'),
(1290, 915, 7, 14, 11, 164, 270, 0, '135.00', '2021-02-20 14:01:40'),
(1291, 916, 7, 14, 11, 160, 220, 0, '135.00', '2021-02-20 14:02:04'),
(1292, 917, 7, 14, 11, 154, 250, 0, '135.00', '2021-02-20 14:02:35'),
(1293, 918, 7, 14, 11, 155, 290, 0, '135.00', '2021-02-20 14:03:32'),
(1294, 918, 7, 40, 11, 180, 30, 0, '220.00', '2021-02-20 14:03:32'),
(1295, 919, 7, 14, 11, 154, 230, 0, '135.00', '2021-02-20 14:10:14'),
(1296, 920, 7, 14, 11, 177, 300, 0, '135.00', '2021-02-20 14:10:45'),
(1297, 921, 7, 14, 11, 154, 120, 0, '135.00', '2021-02-20 14:11:20'),
(1298, 922, 7, 14, 11, 194, 236, 0, '135.00', '2021-02-20 14:11:58'),
(1299, 923, 7, 14, 11, 161, 250, 0, '135.00', '2021-02-20 14:12:36'),
(1300, 923, 7, 14, 11, 155, 300, 0, '135.00', '2021-02-20 14:12:36'),
(1301, 924, 7, 14, 4, 155, 100, 0, '135.00', '2021-02-20 14:14:18'),
(1302, 924, 7, 14, 11, 155, 450, 0, '135.00', '2021-02-20 14:14:18'),
(1303, 925, 7, 14, 11, 167, 394, 0, '135.00', '2021-02-20 14:14:42'),
(1304, 926, 7, 14, 12, 155, 400, 0, '135.00', '2021-02-20 14:15:06'),
(1305, 927, 7, 42, 11, 196, 320, 0, '240.00', '2021-02-20 14:15:33'),
(1306, 928, 7, 14, 12, 155, 300, 0, '135.00', '2021-02-20 14:16:22'),
(1307, 929, 7, 14, 11, 154, 300, 0, '135.00', '2021-02-20 14:16:45'),
(1308, 930, 7, 14, 11, 183, 300, 0, '135.00', '2021-02-20 14:17:13'),
(1309, 931, 7, 40, 11, 180, 80, 0, '220.00', '2021-02-20 14:17:41'),
(1310, 932, 7, 49, 11, 180, 120, 0, '250.00', '2021-02-20 14:18:07'),
(1311, 933, 7, 14, 11, 155, 265, 0, '135.00', '2021-02-20 14:18:32'),
(1312, 934, 7, 14, 11, 155, 200, 0, '135.00', '2021-02-20 14:18:53'),
(1313, 935, 7, 14, 11, 160, 240, 0, '135.00', '2021-02-20 16:30:43'),
(1314, 935, 7, 14, 11, 161, 50, 0, '135.00', '2021-02-20 16:30:43'),
(1315, 936, 7, 14, 11, 181, 250, 0, '135.00', '2021-02-20 16:31:10'),
(1316, 937, 7, 14, 11, 155, 300, 0, '135.00', '2021-02-20 16:33:29'),
(1317, 938, 7, 14, 11, 161, 300, 0, '135.00', '2021-02-20 16:33:52'),
(1318, 939, 7, 14, 11, 155, 300, 0, '135.00', '2021-02-20 16:34:24'),
(1319, 940, 7, 14, 11, 161, 300, 0, '135.00', '2021-02-20 16:34:48'),
(1320, 941, 7, 48, 11, 154, 200, 0, '120.00', '2021-02-20 17:38:21'),
(1321, 942, 7, 14, 11, 161, 400, 0, '135.00', '2021-02-20 17:38:45'),
(1322, 943, 7, 14, 11, 163, 250, 0, '135.00', '2021-02-20 17:39:09'),
(1323, 944, 7, 14, 11, 154, 250, 0, '135.00', '2021-02-20 17:40:44'),
(1324, 944, 7, 14, 12, 154, 400, 0, '135.00', '2021-02-20 17:40:44'),
(1325, 945, 7, 14, 12, 194, 850, 0, '135.00', '2021-02-20 17:43:17'),
(1326, 946, 7, 49, 11, 180, 137, 0, '250.00', '2021-02-20 17:44:10'),
(1327, 947, 7, 14, 12, 154, 328, 0, '135.00', '2021-02-20 17:45:41'),
(1328, 948, 7, 39, 11, 154, 330, 0, '160.00', '2021-02-20 17:49:37'),
(1329, 948, 7, 48, 11, 154, 165, 0, '120.00', '2021-02-20 17:49:37'),
(1330, 949, 7, 14, 4, 199, 200, 0, '135.00', '2021-02-20 17:50:47'),
(1331, 950, 7, 43, 11, 173, 1300, 0, '200.00', '2021-02-21 09:32:40'),
(1332, 951, 7, 43, 11, 173, 1420, 0, '200.00', '2021-02-22 05:40:13'),
(1333, 952, 7, 43, 11, 168, 2693, 0, '200.00', '2021-02-22 16:30:49'),
(1334, 953, 7, 40, 11, 180, 36, 0, '220.00', '2021-02-22 16:31:40'),
(1335, 954, 7, 14, 11, 161, 200, 0, '135.00', '2021-02-22 16:32:25'),
(1336, 954, 7, 14, 11, 189, 70, 0, '135.00', '2021-02-22 16:32:25'),
(1337, 955, 7, 14, 11, 154, 150, 0, '135.00', '2021-02-22 16:41:49'),
(1338, 955, 7, 43, 11, 154, 80, 0, '200.00', '2021-02-22 16:41:49'),
(1339, 956, 7, 14, 11, 155, 300, 0, '135.00', '2021-02-22 16:42:28'),
(1340, 957, 7, 14, 11, 198, 300, 0, '135.00', '2021-02-22 16:42:55'),
(1341, 958, 7, 14, 11, 198, 300, 0, '135.00', '2021-02-22 16:43:18'),
(1342, 959, 7, 14, 11, 154, 263, 0, '135.00', '2021-02-22 16:44:03'),
(1343, 959, 7, 40, 11, 180, 24, 0, '220.00', '2021-02-22 16:44:03'),
(1344, 960, 7, 14, 11, 155, 300, 0, '135.00', '2021-02-22 16:44:29'),
(1345, 961, 7, 14, 11, 154, 70, 0, '135.00', '2021-02-22 16:45:03'),
(1346, 962, 7, 14, 12, 161, 400, 0, '135.00', '2021-02-24 07:42:33'),
(1347, 963, 7, 14, 12, 155, 400, 0, '135.00', '2021-02-24 07:43:04'),
(1348, 964, 7, 14, 12, 155, 72, 0, '135.00', '2021-02-24 07:43:49'),
(1349, 965, 7, 14, 11, 161, 600, 0, '135.00', '2021-02-24 07:44:14'),
(1350, 966, 7, 14, 4, 169, 185, 0, '135.00', '2021-02-24 07:44:41'),
(1351, 967, 7, 14, 11, 155, 200, 0, '135.00', '2021-02-24 07:45:03'),
(1352, 968, 7, 14, 11, 161, 600, 0, '135.00', '2021-02-24 07:45:24'),
(1353, 969, 7, 14, 11, 164, 300, 0, '135.00', '2021-02-24 07:45:50'),
(1354, 970, 7, 14, 12, 164, 400, 0, '135.00', '2021-02-24 07:46:14'),
(1355, 971, 7, 40, 11, 180, 68, 0, '220.00', '2021-02-24 07:46:42'),
(1356, 972, 7, 14, 11, 161, 288, 0, '135.00', '2021-02-24 07:47:06'),
(1357, 973, 7, 14, 4, 155, 200, 0, '135.00', '2021-02-24 07:47:58'),
(1358, 973, 7, 14, 11, 155, 430, 0, '135.00', '2021-02-24 07:47:58'),
(1359, 974, 7, 14, 12, 190, 400, 0, '135.00', '2021-02-24 07:48:26'),
(1360, 975, 7, 14, 11, 161, 300, 0, '135.00', '2021-02-25 09:12:35'),
(1361, 976, 7, 14, 4, 199, 200, 0, '135.00', '2021-02-25 09:13:06'),
(1362, 977, 7, 14, 11, 161, 600, 0, '135.00', '2021-02-25 09:13:46'),
(1363, 978, 7, 14, 12, 155, 500, 0, '135.00', '2021-02-25 09:14:26'),
(1364, 979, 7, 14, 12, 155, 640, 0, '135.00', '2021-02-25 09:15:00'),
(1365, 980, 7, 14, 11, 161, 400, 0, '135.00', '2021-02-25 09:16:08'),
(1366, 981, 7, 43, 11, 173, 253, 0, '200.00', '2021-02-25 09:17:25'),
(1367, 982, 7, 14, 11, 202, 300, 0, '135.00', '2021-02-25 09:18:07'),
(1368, 983, 7, 14, 11, 194, 300, 0, '135.00', '2021-02-25 09:28:20'),
(1369, 984, 7, 49, 11, 180, 100, 0, '250.00', '2021-02-25 09:28:59'),
(1370, 985, 7, 14, 11, 177, 100, 0, '135.00', '2021-02-27 07:48:28'),
(1371, 986, 7, 14, 4, 154, 50, 0, '135.00', '2021-02-27 07:49:21'),
(1372, 986, 7, 14, 5, 154, 70, 0, '135.00', '2021-02-27 07:49:21'),
(1373, 987, 7, 14, 11, 183, 195, 0, '135.00', '2021-02-27 07:49:55'),
(1374, 988, 7, 14, 11, 161, 500, 0, '135.00', '2021-02-27 07:52:17'),
(1375, 989, 7, 14, 11, 167, 300, 0, '135.00', '2021-02-27 07:52:44'),
(1376, 990, 7, 49, 11, 180, 100, 0, '250.00', '2021-02-27 07:53:12'),
(1377, 991, 7, 14, 11, 154, 600, 0, '135.00', '2021-02-27 07:53:43'),
(1378, 992, 7, 14, 5, 199, 300, 0, '135.00', '2021-02-27 07:54:07'),
(1379, 993, 7, 14, 5, 169, 100, 0, '135.00', '2021-02-27 07:54:46'),
(1380, 993, 7, 14, 4, 199, 50, 0, '135.00', '2021-02-27 07:54:46'),
(1381, 994, 7, 14, 4, 161, 20, 0, '135.00', '2021-02-27 07:55:18'),
(1382, 994, 7, 14, 5, 161, 30, 0, '135.00', '2021-02-27 07:55:18'),
(1383, 994, 7, 14, 11, 161, 150, 0, '135.00', '2021-02-27 07:55:18'),
(1384, 995, 7, 14, 11, 162, 300, 0, '135.00', '2021-02-27 07:55:46'),
(1385, 996, 7, 14, 11, 155, 125, 0, '135.00', '2021-02-27 07:56:31'),
(1386, 996, 7, 14, 11, 160, 120, 0, '135.00', '2021-02-27 07:56:31'),
(1387, 996, 7, 14, 11, 202, 60, 0, '135.00', '2021-02-27 07:56:31'),
(1388, 997, 7, 14, 11, 161, 650, 0, '135.00', '2021-02-27 07:56:55'),
(1389, 998, 7, 14, 4, 166, 185, 0, '135.00', '2021-02-27 07:57:17'),
(1390, 999, 7, 14, 4, 155, 180, 0, '135.00', '2021-02-27 07:57:49'),
(1391, 1000, 7, 14, 5, 154, 300, 0, '135.00', '2021-02-27 07:58:17');

-- --------------------------------------------------------

--
-- Table structure for table `design`
--

CREATE TABLE `design` (
  `id` int(11) NOT NULL,
  `title` varchar(100) NOT NULL,
  `title_urdu` varchar(1000) CHARACTER SET utf8mb4 NOT NULL,
  `sortorder` int(11) NOT NULL,
  `status` int(1) NOT NULL DEFAULT 1,
  `ts` timestamp NOT NULL DEFAULT current_timestamp() ON UPDATE current_timestamp()
) ENGINE=InnoDB DEFAULT CHARSET=latin1;

--
-- Dumping data for table `design`
--

INSERT INTO `design` (`id`, `title`, `title_urdu`, `sortorder`, `status`, `ts`) VALUES
(154, 'DI', 'ڈائی', 0, 1, '2020-10-31 06:36:40'),
(155, 'GOLA', 'گولہ', 0, 1, '2020-10-31 06:39:17'),
(158, 'KALA GOLA', 'کالا  گولا', 0, 1, '2021-01-20 07:47:27'),
(160, 'FANOS', 'فانوس', 0, 1, '2021-01-20 07:46:27'),
(161, 'NAGIN', 'ناگن', 0, 1, '2021-01-20 07:54:55'),
(162, 'SURIYA', 'ثریا', 0, 1, '2021-01-20 11:04:44'),
(163, 'MEHRAN', 'مہران', 0, 1, '2021-01-20 07:48:32'),
(164, 'KANTA', 'کانٹا', 0, 1, '2021-01-20 07:47:37'),
(165, 'BARKHA', 'برکھا', 0, 1, '2021-01-20 07:45:58'),
(166, 'KIRRA', 'کرا', 0, 1, '2021-01-20 07:54:24'),
(167, 'CPECK', 'سی پیک', 0, 1, '2021-01-20 07:46:15'),
(168, 'MURKI', 'مڑکی', 0, 1, '2021-01-20 07:54:37'),
(169, 'SADABAHAR', 'سدا بہار', 0, 1, '2021-01-20 07:49:32'),
(170, 'GOLI', 'گولی', 0, 1, '2021-01-20 07:46:51'),
(171, 'KASHMIR', 'کشمیر', 0, 1, '2021-01-20 07:47:50'),
(172, 'MARJAN', 'مرجان', 0, 1, '2021-01-20 07:48:21'),
(173, 'SPECIAL', 'اسپیثل', 0, 1, '2021-01-24 12:26:22'),
(174, 'SAPNA', 'سپنا', 0, 1, '2021-01-20 07:55:17'),
(175, 'TURKI', 'ترکی', 0, 1, '2021-01-20 11:05:00'),
(176, 'MUSKAN', 'مسکان', 0, 1, '2021-01-20 07:54:46'),
(177, 'JUGNU', 'جگنو', 0, 1, '2021-01-20 07:47:02'),
(178, 'PUNCH PEL ', 'پنچ پیل ', 0, 1, '2021-01-24 12:26:59'),
(179, 'CROWN', 'کراؤن', 0, 1, '2021-01-20 07:54:09'),
(180, 'BHATTI KARA', 'بھٹی کڑا', 0, 1, '2021-01-20 07:53:58'),
(181, 'NOOR', 'نور', 0, 1, '2021-01-20 07:49:18'),
(182, 'GHUNGRO', 'گھنگرو', 0, 1, '2021-01-20 07:46:40'),
(183, 'MOON LIGHT', 'مون لائٹ', 0, 1, '2021-01-20 07:48:43'),
(184, 'KERI', 'کیری', 0, 1, '2021-01-20 07:48:06'),
(185, 'MOTIA', 'موتیا', 0, 1, '2021-01-20 07:48:53'),
(186, 'NIL', 'ز یرو', 0, 1, '2021-01-30 10:58:51'),
(187, 'HALCHAL', 'ہلچل', 0, 1, '2021-01-30 10:56:34'),
(188, 'JAL PARI', 'جل پری', 0, 1, '2021-01-30 10:56:52'),
(189, 'TAJ MEHAL', '  تاج  محل  ', 0, 1, '2021-01-30 11:01:23'),
(190, 'F-16', 'F-16', 0, 1, '2021-01-30 10:55:13'),
(191, 'MOONSTAR', 'مون اسٹار', 0, 1, '2021-01-30 10:58:29'),
(192, 'OSAMA', 'اسامہ', 0, 1, '2021-01-30 10:59:08'),
(193, 'KIRAN', 'کرن', 0, 1, '2021-01-30 10:57:43'),
(194, 'MEAT', 'میٹ', 0, 1, '2021-01-30 10:58:05'),
(195, 'DILBAHAR', 'دلبھار', 0, 1, '2021-01-30 10:54:48'),
(196, 'KATTAI', 'کٹائی', 0, 1, '2021-01-30 10:57:30'),
(197, 'SS', 'SS', 0, 1, '2021-01-30 10:59:21'),
(198, 'STAR', 'اسٹار', 0, 1, '2021-01-30 10:59:40'),
(199, 'ANMOL', 'ا نمول', 0, 1, '2021-01-30 10:54:27'),
(200, 'SHAMA', '', 0, 1, '2021-02-08 11:34:47'),
(201, 'TARANG', '', 0, 1, '2021-02-08 12:16:03'),
(202, 'LAKHO MAIN EK', '', 0, 1, '2021-02-24 07:36:25');

-- --------------------------------------------------------

--
-- Table structure for table `employees`
--

CREATE TABLE `employees` (
  `id` int(11) NOT NULL,
  `name` varchar(100) NOT NULL,
  `name_in_urdu` varchar(1000) NOT NULL,
  `father_name` varchar(100) NOT NULL,
  `phone_number` varchar(20) NOT NULL,
  `salary_type` tinyint(1) NOT NULL,
  `machine_id` int(11) DEFAULT 0,
  `salary` decimal(10,2) NOT NULL,
  `over_time_per_hour` decimal(10,2) NOT NULL,
  `status` tinyint(1) NOT NULL DEFAULT 1,
  `ts` timestamp NOT NULL DEFAULT current_timestamp() ON UPDATE current_timestamp()
) ENGINE=InnoDB DEFAULT CHARSET=utf8mb4;

--
-- Dumping data for table `employees`
--

INSERT INTO `employees` (`id`, `name`, `name_in_urdu`, `father_name`, `phone_number`, `salary_type`, `machine_id`, `salary`, `over_time_per_hour`, `status`, `ts`) VALUES
(1, 'خرم', 'خرم', '', '', 0, 0, '30000.00', '50.00', 1, '2021-02-16 16:46:15'),
(2, 'اصغر', 'اصغر', '', '', 0, 0, '30000.00', '50.00', 1, '2021-02-16 16:48:59'),
(3, 'زاھد', 'زاھد', '', '', 0, 0, '25000.00', '50.00', 1, '2021-02-16 16:49:09'),
(4, 'راجو', 'راجو', '', '', 0, 0, '25000.00', '50.00', 1, '2021-02-16 16:49:19'),
(5, 'مبین', 'مبین', '', '', 0, 0, '18000.00', '50.00', 1, '2021-02-16 16:49:30'),
(6, 'عزیر', 'عزیر', '', '', 0, 0, '20000.00', '50.00', 1, '2021-02-16 16:49:43'),
(7, ' عبدلوھاب', ' عبدلوھاب', '', '', 0, 0, '18000.00', '50.00', 1, '2021-02-16 16:49:59'),
(8, 'صابر', 'صابر', '', '', 0, 0, '26000.00', '0.00', 1, '2021-02-16 16:50:12'),
(9, 'حیدر', 'حیدر', '', '', 0, 0, '25000.00', '0.00', 1, '2021-02-16 16:50:24'),
(10, 'غلام مصطفی', 'غلام مصطفی', '', '', 0, 0, '10000.00', '0.00', 1, '2021-02-16 16:50:35'),
(11, 'احسان', 'احسان', '', '', 0, 0, '18000.00', '0.00', 1, '2021-02-16 16:50:45'),
(12, 'سمیع', 'سمیع', '', '', 0, 0, '15000.00', '0.00', 1, '2021-02-16 16:50:57'),
(13, 'ادریس', 'ادریس', '', '', 0, 0, '3000.00', '0.00', 1, '2021-02-16 16:51:07'),
(14, 'نوید', 'نوید', '', '', 0, 0, '10000.00', '0.00', 1, '2021-02-16 16:51:17'),
(15, 'برھا  ن', 'برھا  ن', '', '', 0, 0, '15000.00', '40.00', 1, '2021-02-27 09:22:07');

-- --------------------------------------------------------

--
-- Table structure for table `employee_attendance`
--

CREATE TABLE `employee_attendance` (
  `id` int(11) NOT NULL,
  `employee_id` int(11) NOT NULL,
  `date` date NOT NULL,
  `attendance` varchar(3) NOT NULL,
  `ts` timestamp NOT NULL DEFAULT current_timestamp()
) ENGINE=InnoDB DEFAULT CHARSET=latin1;

--
-- Dumping data for table `employee_attendance`
--

INSERT INTO `employee_attendance` (`id`, `employee_id`, `date`, `attendance`, `ts`) VALUES
(1, 7, '2021-02-06', 'P', '2021-02-16 16:23:52'),
(2, 7, '2021-02-07', 'P', '2021-02-16 16:23:52'),
(3, 7, '2021-02-08', 'P', '2021-02-16 16:23:52'),
(4, 7, '2021-02-09', 'P', '2021-02-16 16:23:52'),
(5, 7, '2021-02-10', 'P', '2021-02-16 16:23:52'),
(6, 7, '2021-02-11', 'P', '2021-02-16 16:23:52'),
(7, 7, '2021-02-12', 'P', '2021-02-16 16:23:52'),
(8, 7, '2021-02-13', 'P', '2021-02-16 16:23:52'),
(9, 7, '2021-02-14', 'P', '2021-02-16 16:23:52'),
(10, 7, '2021-02-15', '5', '2021-02-16 16:23:52'),
(11, 7, '2021-02-16', 'P', '2021-02-16 16:23:52'),
(12, 7, '2021-02-19', 'P', '2021-02-16 16:23:52'),
(13, 7, '2021-02-26', 'P', '2021-02-16 16:23:52'),
(14, 11, '2021-02-06', 'P', '2021-02-16 16:23:53'),
(15, 11, '2021-02-07', 'P', '2021-02-16 16:23:53'),
(16, 11, '2021-02-08', 'P', '2021-02-16 16:23:53'),
(17, 11, '2021-02-09', 'P', '2021-02-16 16:23:53'),
(18, 11, '2021-02-10', 'P', '2021-02-16 16:23:53'),
(19, 11, '2021-02-11', 'P', '2021-02-16 16:23:53'),
(20, 11, '2021-02-12', 'F', '2021-02-16 16:23:53'),
(21, 11, '2021-02-13', 'P', '2021-02-16 16:23:53'),
(22, 11, '2021-02-14', 'P', '2021-02-16 16:23:53'),
(23, 11, '2021-02-15', 'P', '2021-02-16 16:23:53'),
(24, 11, '2021-02-16', 'P', '2021-02-16 16:23:53'),
(25, 11, '2021-02-19', 'F', '2021-02-16 16:23:53'),
(26, 11, '2021-02-26', 'F', '2021-02-16 16:23:53'),
(27, 2, '2021-02-06', 'P', '2021-02-16 16:23:53'),
(28, 2, '2021-02-07', 'P', '2021-02-16 16:23:53'),
(29, 2, '2021-02-08', 'P', '2021-02-16 16:23:53'),
(30, 2, '2021-02-09', 'P', '2021-02-16 16:23:53'),
(31, 2, '2021-02-10', 'P', '2021-02-16 16:23:53'),
(32, 2, '2021-02-11', 'P', '2021-02-16 16:23:53'),
(33, 2, '2021-02-12', 'F', '2021-02-16 16:23:54'),
(34, 2, '2021-02-13', 'P', '2021-02-16 16:23:54'),
(35, 2, '2021-02-14', 'P', '2021-02-16 16:23:54'),
(36, 2, '2021-02-15', 'P', '2021-02-16 16:23:54'),
(37, 2, '2021-02-16', 'P', '2021-02-16 16:23:54'),
(38, 2, '2021-02-19', 'F', '2021-02-16 16:23:54'),
(39, 2, '2021-02-26', 'F', '2021-02-16 16:23:54'),
(40, 10, '2021-02-06', 'P', '2021-02-16 16:23:54'),
(41, 10, '2021-02-07', 'P', '2021-02-16 16:23:54'),
(42, 10, '2021-02-08', 'P', '2021-02-16 16:23:54'),
(43, 10, '2021-02-09', 'P', '2021-02-16 16:23:54'),
(44, 10, '2021-02-10', 'P', '2021-02-16 16:23:54'),
(45, 10, '2021-02-11', 'P', '2021-02-16 16:23:54'),
(46, 10, '2021-02-12', 'F', '2021-02-16 16:23:54'),
(47, 10, '2021-02-13', 'P', '2021-02-16 16:23:54'),
(48, 10, '2021-02-14', 'P', '2021-02-16 16:23:54'),
(49, 10, '2021-02-15', 'P', '2021-02-16 16:23:54'),
(50, 10, '2021-02-16', 'P', '2021-02-16 16:23:54'),
(51, 10, '2021-02-19', 'F', '2021-02-16 16:23:54'),
(52, 10, '2021-02-26', 'F', '2021-02-16 16:23:54'),
(53, 9, '2021-02-06', 'P', '2021-02-16 16:23:55'),
(54, 9, '2021-02-07', 'P', '2021-02-16 16:23:55'),
(55, 9, '2021-02-08', 'P', '2021-02-16 16:23:55'),
(56, 9, '2021-02-09', 'P', '2021-02-16 16:23:55'),
(57, 9, '2021-02-10', 'P', '2021-02-16 16:23:55'),
(58, 9, '2021-02-11', 'P', '2021-02-16 16:23:55'),
(59, 9, '2021-02-12', 'F', '2021-02-16 16:23:55'),
(60, 9, '2021-02-13', 'P', '2021-02-16 16:23:55'),
(61, 9, '2021-02-14', 'P', '2021-02-16 16:23:55'),
(62, 9, '2021-02-15', 'P', '2021-02-16 16:23:55'),
(63, 9, '2021-02-16', 'P', '2021-02-16 16:23:55'),
(64, 9, '2021-02-19', 'F', '2021-02-16 16:23:55'),
(65, 9, '2021-02-26', 'F', '2021-02-16 16:23:55'),
(66, 13, '2021-02-06', 'P', '2021-02-16 16:23:55'),
(67, 13, '2021-02-07', 'P', '2021-02-16 16:23:55'),
(68, 13, '2021-02-08', 'P', '2021-02-16 16:23:55'),
(69, 13, '2021-02-09', 'P', '2021-02-16 16:23:55'),
(70, 13, '2021-02-10', 'P', '2021-02-16 16:23:55'),
(71, 13, '2021-02-11', 'P', '2021-02-16 16:23:55'),
(72, 13, '2021-02-12', 'F', '2021-02-16 16:23:55'),
(73, 13, '2021-02-13', 'P', '2021-02-16 16:23:55'),
(74, 13, '2021-02-14', 'P', '2021-02-16 16:23:55'),
(75, 13, '2021-02-15', 'P', '2021-02-16 16:23:56'),
(76, 13, '2021-02-16', 'P', '2021-02-16 16:23:56'),
(77, 13, '2021-02-19', 'F', '2021-02-16 16:23:56'),
(78, 13, '2021-02-26', 'F', '2021-02-16 16:23:56'),
(79, 1, '2021-02-06', 'P', '2021-02-16 16:23:56'),
(80, 1, '2021-02-07', 'P', '2021-02-16 16:23:56'),
(81, 1, '2021-02-08', 'P', '2021-02-16 16:23:56'),
(82, 1, '2021-02-09', 'P', '2021-02-16 16:23:56'),
(83, 1, '2021-02-10', 'P', '2021-02-16 16:23:56'),
(84, 1, '2021-02-11', 'P', '2021-02-16 16:23:56'),
(85, 1, '2021-02-12', 'F', '2021-02-16 16:23:56'),
(86, 1, '2021-02-13', 'P', '2021-02-16 16:23:56'),
(87, 1, '2021-02-14', 'P', '2021-02-16 16:23:56'),
(88, 1, '2021-02-15', 'P', '2021-02-16 16:23:56'),
(89, 1, '2021-02-16', 'P', '2021-02-16 16:23:56'),
(90, 1, '2021-02-19', 'F', '2021-02-16 16:23:56'),
(91, 1, '2021-02-26', 'F', '2021-02-16 16:23:56'),
(92, 5, '2021-02-06', 'P', '2021-02-16 16:23:56'),
(93, 5, '2021-02-07', 'P', '2021-02-16 16:23:57'),
(94, 5, '2021-02-08', 'P', '2021-02-16 16:23:57'),
(95, 5, '2021-02-09', 'P', '2021-02-16 16:23:57'),
(96, 5, '2021-02-10', 'P', '2021-02-16 16:23:57'),
(97, 5, '2021-02-11', 'P', '2021-02-16 16:23:57'),
(98, 5, '2021-02-12', 'F', '2021-02-16 16:23:57'),
(99, 5, '2021-02-13', 'P', '2021-02-16 16:23:57'),
(100, 5, '2021-02-14', 'P', '2021-02-16 16:23:57'),
(101, 5, '2021-02-15', 'P', '2021-02-16 16:23:57'),
(102, 5, '2021-02-16', 'P', '2021-02-16 16:23:57'),
(103, 5, '2021-02-19', 'F', '2021-02-16 16:23:57'),
(104, 5, '2021-02-26', 'F', '2021-02-16 16:23:57'),
(105, 14, '2021-02-06', 'P', '2021-02-16 16:23:58'),
(106, 14, '2021-02-07', 'P', '2021-02-16 16:23:58'),
(107, 14, '2021-02-08', 'P', '2021-02-16 16:23:58'),
(108, 14, '2021-02-09', 'P', '2021-02-16 16:23:58'),
(109, 14, '2021-02-10', 'P', '2021-02-16 16:23:58'),
(110, 14, '2021-02-11', 'P', '2021-02-16 16:23:58'),
(111, 14, '2021-02-12', 'F', '2021-02-16 16:23:58'),
(112, 14, '2021-02-13', 'P', '2021-02-16 16:23:58'),
(113, 14, '2021-02-14', 'P', '2021-02-16 16:23:58'),
(114, 14, '2021-02-15', 'P', '2021-02-16 16:23:58'),
(115, 14, '2021-02-16', 'P', '2021-02-16 16:23:58'),
(116, 14, '2021-02-19', 'F', '2021-02-16 16:23:58'),
(117, 14, '2021-02-26', 'F', '2021-02-16 16:23:58'),
(118, 4, '2021-02-06', 'P', '2021-02-16 16:23:58'),
(119, 4, '2021-02-07', 'P', '2021-02-16 16:23:58'),
(120, 4, '2021-02-08', 'P', '2021-02-16 16:23:58'),
(121, 4, '2021-02-09', 'P', '2021-02-16 16:23:58'),
(122, 4, '2021-02-10', 'P', '2021-02-16 16:23:58'),
(123, 4, '2021-02-11', 'P', '2021-02-16 16:23:59'),
(124, 4, '2021-02-12', 'F', '2021-02-16 16:23:59'),
(125, 4, '2021-02-13', 'P', '2021-02-16 16:23:59'),
(126, 4, '2021-02-14', 'P', '2021-02-16 16:23:59'),
(127, 4, '2021-02-15', 'P', '2021-02-16 16:23:59'),
(128, 4, '2021-02-16', 'P', '2021-02-16 16:23:59'),
(129, 4, '2021-02-19', 'F', '2021-02-16 16:23:59'),
(130, 4, '2021-02-26', 'F', '2021-02-16 16:23:59'),
(131, 8, '2021-02-06', 'P', '2021-02-16 16:23:59'),
(132, 8, '2021-02-07', 'P', '2021-02-16 16:23:59'),
(133, 8, '2021-02-08', 'P', '2021-02-16 16:23:59'),
(134, 8, '2021-02-09', 'P', '2021-02-16 16:23:59'),
(135, 8, '2021-02-10', 'P', '2021-02-16 16:23:59'),
(136, 8, '2021-02-11', 'P', '2021-02-16 16:23:59'),
(137, 8, '2021-02-12', 'P', '2021-02-16 16:23:59'),
(138, 8, '2021-02-13', 'P', '2021-02-16 16:23:59'),
(139, 8, '2021-02-14', 'P', '2021-02-16 16:23:59'),
(140, 8, '2021-02-15', 'P', '2021-02-16 16:23:59'),
(141, 8, '2021-02-16', 'P', '2021-02-16 16:23:59'),
(142, 8, '2021-02-19', 'P', '2021-02-16 16:23:59'),
(143, 8, '2021-02-26', 'P', '2021-02-16 16:23:59'),
(144, 12, '2021-02-06', 'P', '2021-02-16 16:24:00'),
(145, 12, '2021-02-07', 'P', '2021-02-16 16:24:00'),
(146, 12, '2021-02-08', 'P', '2021-02-16 16:24:00'),
(147, 12, '2021-02-09', 'P', '2021-02-16 16:24:00'),
(148, 12, '2021-02-10', 'P', '2021-02-16 16:24:00'),
(149, 12, '2021-02-11', 'P', '2021-02-16 16:24:00'),
(150, 12, '2021-02-12', 'F', '2021-02-16 16:24:00'),
(151, 12, '2021-02-13', 'P', '2021-02-16 16:24:00'),
(152, 12, '2021-02-14', 'P', '2021-02-16 16:24:00'),
(153, 12, '2021-02-15', 'P', '2021-02-16 16:24:00'),
(154, 12, '2021-02-16', 'P', '2021-02-16 16:24:00'),
(155, 12, '2021-02-19', 'F', '2021-02-16 16:24:00'),
(156, 12, '2021-02-26', 'F', '2021-02-16 16:24:00'),
(157, 6, '2021-02-06', 'P', '2021-02-16 16:24:00'),
(158, 6, '2021-02-07', 'P', '2021-02-16 16:24:00'),
(159, 6, '2021-02-08', 'P', '2021-02-16 16:24:00'),
(160, 6, '2021-02-09', 'P', '2021-02-16 16:24:00'),
(161, 6, '2021-02-10', 'P', '2021-02-16 16:24:00'),
(162, 6, '2021-02-11', 'P', '2021-02-16 16:24:00'),
(163, 6, '2021-02-12', 'F', '2021-02-16 16:24:00'),
(164, 6, '2021-02-13', 'P', '2021-02-16 16:24:01'),
(165, 6, '2021-02-14', 'P', '2021-02-16 16:24:01'),
(166, 6, '2021-02-15', 'P', '2021-02-16 16:24:01'),
(167, 6, '2021-02-16', 'P', '2021-02-16 16:24:01'),
(168, 6, '2021-02-19', 'F', '2021-02-16 16:24:01'),
(169, 6, '2021-02-26', 'F', '2021-02-16 16:24:01'),
(170, 3, '2021-02-06', 'P', '2021-02-16 16:24:01'),
(171, 3, '2021-02-07', 'P', '2021-02-16 16:24:01'),
(172, 3, '2021-02-08', 'P', '2021-02-16 16:24:01'),
(173, 3, '2021-02-09', 'P', '2021-02-16 16:24:01'),
(174, 3, '2021-02-10', 'P', '2021-02-16 16:24:01'),
(175, 3, '2021-02-11', 'P', '2021-02-16 16:24:01'),
(176, 3, '2021-02-12', 'F', '2021-02-16 16:24:01'),
(177, 3, '2021-02-13', 'P', '2021-02-16 16:24:01'),
(178, 3, '2021-02-14', 'P', '2021-02-16 16:24:01'),
(179, 3, '2021-02-15', 'P', '2021-02-16 16:24:01'),
(180, 3, '2021-02-16', 'P', '2021-02-16 16:24:01'),
(181, 3, '2021-02-19', 'F', '2021-02-16 16:24:01'),
(182, 3, '2021-02-26', 'F', '2021-02-16 16:24:01'),
(183, 7, '2021-01-01', 'F', '2021-02-16 16:32:45'),
(184, 7, '2021-01-02', 'P', '2021-02-16 16:32:45'),
(185, 7, '2021-01-03', 'P', '2021-02-16 16:32:45'),
(186, 7, '2021-01-04', 'P', '2021-02-16 16:32:45'),
(187, 7, '2021-01-05', 'P', '2021-02-16 16:32:45'),
(188, 7, '2021-01-06', 'P', '2021-02-16 16:32:45'),
(189, 7, '2021-01-07', 'P', '2021-02-16 16:32:45'),
(190, 7, '2021-01-08', 'P', '2021-02-16 16:32:45'),
(191, 7, '2021-01-09', 'P', '2021-02-16 16:32:46'),
(192, 7, '2021-01-10', 'P', '2021-02-16 16:32:46'),
(193, 7, '2021-01-11', 'P', '2021-02-16 16:32:46'),
(194, 7, '2021-01-12', 'P', '2021-02-16 16:32:46'),
(195, 7, '2021-01-13', 'P', '2021-02-16 16:32:46'),
(196, 7, '2021-01-14', 'P', '2021-02-16 16:32:46'),
(197, 7, '2021-01-15', 'P', '2021-02-16 16:32:46'),
(198, 7, '2021-01-16', 'P', '2021-02-16 16:32:46'),
(199, 7, '2021-01-17', 'P', '2021-02-16 16:32:46'),
(200, 7, '2021-01-18', 'P', '2021-02-16 16:32:46'),
(201, 7, '2021-01-19', 'P', '2021-02-16 16:32:46'),
(202, 7, '2021-01-20', 'P', '2021-02-16 16:32:46'),
(203, 7, '2021-01-21', 'P', '2021-02-16 16:32:46'),
(204, 7, '2021-01-22', 'P', '2021-02-16 16:32:46'),
(205, 7, '2021-01-23', 'P', '2021-02-16 16:32:46'),
(206, 7, '2021-01-24', 'P', '2021-02-16 16:32:46'),
(207, 7, '2021-01-25', 'P', '2021-02-16 16:32:46'),
(208, 7, '2021-01-26', 'P', '2021-02-16 16:32:46'),
(209, 7, '2021-01-27', 'P', '2021-02-16 16:32:46'),
(210, 7, '2021-01-28', 'P', '2021-02-16 16:32:46'),
(211, 7, '2021-01-29', 'P', '2021-02-16 16:32:46'),
(212, 7, '2021-01-30', 'P', '2021-02-16 16:32:46'),
(213, 7, '2021-01-31', 'P', '2021-02-16 16:32:46'),
(214, 11, '2021-01-01', 'F', '2021-02-16 16:32:47'),
(215, 11, '2021-01-02', 'P', '2021-02-16 16:32:47'),
(216, 11, '2021-01-03', 'P', '2021-02-16 16:32:47'),
(217, 11, '2021-01-04', 'P', '2021-02-16 16:32:47'),
(218, 11, '2021-01-05', 'P', '2021-02-16 16:32:47'),
(219, 11, '2021-01-06', 'P', '2021-02-16 16:32:47'),
(220, 11, '2021-01-07', 'P', '2021-02-16 16:32:47'),
(221, 11, '2021-01-08', 'P', '2021-02-16 16:32:47'),
(222, 11, '2021-01-09', 'P', '2021-02-16 16:32:47'),
(223, 11, '2021-01-10', 'P', '2021-02-16 16:32:47'),
(224, 11, '2021-01-11', 'P', '2021-02-16 16:32:47'),
(225, 11, '2021-01-12', 'P', '2021-02-16 16:32:47'),
(226, 11, '2021-01-13', 'P', '2021-02-16 16:32:47'),
(227, 11, '2021-01-14', 'P', '2021-02-16 16:32:47'),
(228, 11, '2021-01-15', 'P', '2021-02-16 16:32:47'),
(229, 11, '2021-01-16', 'P', '2021-02-16 16:32:47'),
(230, 11, '2021-01-17', 'P', '2021-02-16 16:32:47'),
(231, 11, '2021-01-18', 'P', '2021-02-16 16:32:47'),
(232, 11, '2021-01-19', 'P', '2021-02-16 16:32:47'),
(233, 11, '2021-01-20', 'P', '2021-02-16 16:32:47'),
(234, 11, '2021-01-21', 'P', '2021-02-16 16:32:47'),
(235, 11, '2021-01-22', 'P', '2021-02-16 16:32:47'),
(236, 11, '2021-01-23', 'P', '2021-02-16 16:32:47'),
(237, 11, '2021-01-24', 'P', '2021-02-16 16:32:47'),
(238, 11, '2021-01-25', 'P', '2021-02-16 16:32:47'),
(239, 11, '2021-01-26', 'P', '2021-02-16 16:32:47'),
(240, 11, '2021-01-27', 'P', '2021-02-16 16:32:47'),
(241, 11, '2021-01-28', 'P', '2021-02-16 16:32:47'),
(242, 11, '2021-01-29', 'P', '2021-02-16 16:32:48'),
(243, 11, '2021-01-30', 'P', '2021-02-16 16:32:48'),
(244, 11, '2021-01-31', 'P', '2021-02-16 16:32:48'),
(245, 2, '2021-01-01', 'F', '2021-02-16 16:32:48'),
(246, 2, '2021-01-02', 'P', '2021-02-16 16:32:48'),
(247, 2, '2021-01-03', 'P', '2021-02-16 16:32:48'),
(248, 2, '2021-01-04', 'P', '2021-02-16 16:32:48'),
(249, 2, '2021-01-05', 'P', '2021-02-16 16:32:48'),
(250, 2, '2021-01-06', 'P', '2021-02-16 16:32:48'),
(251, 2, '2021-01-07', 'P', '2021-02-16 16:32:48'),
(252, 2, '2021-01-08', 'P', '2021-02-16 16:32:48'),
(253, 2, '2021-01-09', 'P', '2021-02-16 16:32:48'),
(254, 2, '2021-01-10', 'P', '2021-02-16 16:32:48'),
(255, 2, '2021-01-11', 'P', '2021-02-16 16:32:48'),
(256, 2, '2021-01-12', 'P', '2021-02-16 16:32:48'),
(257, 2, '2021-01-13', 'P', '2021-02-16 16:32:48'),
(258, 2, '2021-01-14', 'P', '2021-02-16 16:32:48'),
(259, 2, '2021-01-15', 'P', '2021-02-16 16:32:48'),
(260, 2, '2021-01-16', 'P', '2021-02-16 16:32:48'),
(261, 2, '2021-01-17', 'P', '2021-02-16 16:32:48'),
(262, 2, '2021-01-18', 'P', '2021-02-16 16:32:48'),
(263, 2, '2021-01-19', 'P', '2021-02-16 16:32:48'),
(264, 2, '2021-01-20', 'P', '2021-02-16 16:32:48'),
(265, 2, '2021-01-21', 'P', '2021-02-16 16:32:48'),
(266, 2, '2021-01-22', 'P', '2021-02-16 16:32:48'),
(267, 2, '2021-01-23', 'P', '2021-02-16 16:32:49'),
(268, 2, '2021-01-24', 'P', '2021-02-16 16:32:49'),
(269, 2, '2021-01-25', 'P', '2021-02-16 16:32:49'),
(270, 2, '2021-01-26', 'P', '2021-02-16 16:32:49'),
(271, 2, '2021-01-27', 'P', '2021-02-16 16:32:49'),
(272, 2, '2021-01-28', 'P', '2021-02-16 16:32:49'),
(273, 2, '2021-01-29', 'P', '2021-02-16 16:32:49'),
(274, 2, '2021-01-30', 'P', '2021-02-16 16:32:49'),
(275, 2, '2021-01-31', 'P', '2021-02-16 16:32:49'),
(276, 10, '2021-01-01', 'F', '2021-02-16 16:32:49'),
(277, 10, '2021-01-02', 'P', '2021-02-16 16:32:49'),
(278, 10, '2021-01-03', 'P', '2021-02-16 16:32:49'),
(279, 10, '2021-01-04', 'P', '2021-02-16 16:32:49'),
(280, 10, '2021-01-05', 'P', '2021-02-16 16:32:49'),
(281, 10, '2021-01-06', 'P', '2021-02-16 16:32:49'),
(282, 10, '2021-01-07', 'P', '2021-02-16 16:32:49'),
(283, 10, '2021-01-08', 'P', '2021-02-16 16:32:49'),
(284, 10, '2021-01-09', 'P', '2021-02-16 16:32:49'),
(285, 10, '2021-01-10', 'P', '2021-02-16 16:32:49'),
(286, 10, '2021-01-11', 'P', '2021-02-16 16:32:49'),
(287, 10, '2021-01-12', 'P', '2021-02-16 16:32:49'),
(288, 10, '2021-01-13', 'P', '2021-02-16 16:32:49'),
(289, 10, '2021-01-14', 'P', '2021-02-16 16:32:50'),
(290, 10, '2021-01-15', 'P', '2021-02-16 16:32:50'),
(291, 10, '2021-01-16', 'P', '2021-02-16 16:32:50'),
(292, 10, '2021-01-17', 'P', '2021-02-16 16:32:50'),
(293, 10, '2021-01-18', 'P', '2021-02-16 16:32:50'),
(294, 10, '2021-01-19', 'P', '2021-02-16 16:32:50'),
(295, 10, '2021-01-20', 'P', '2021-02-16 16:32:50'),
(296, 10, '2021-01-21', 'P', '2021-02-16 16:32:51'),
(297, 10, '2021-01-22', 'P', '2021-02-16 16:32:51'),
(298, 10, '2021-01-23', 'P', '2021-02-16 16:32:51'),
(299, 10, '2021-01-24', 'P', '2021-02-16 16:32:51'),
(300, 10, '2021-01-25', 'P', '2021-02-16 16:32:51'),
(301, 10, '2021-01-26', 'P', '2021-02-16 16:32:51'),
(302, 10, '2021-01-27', 'P', '2021-02-16 16:32:51'),
(303, 10, '2021-01-28', 'P', '2021-02-16 16:32:51'),
(304, 10, '2021-01-29', 'P', '2021-02-16 16:32:51'),
(305, 10, '2021-01-30', 'P', '2021-02-16 16:32:51'),
(306, 10, '2021-01-31', 'P', '2021-02-16 16:32:51'),
(307, 9, '2021-01-01', 'F', '2021-02-16 16:32:51'),
(308, 9, '2021-01-02', 'P', '2021-02-16 16:32:52'),
(309, 9, '2021-01-03', 'P', '2021-02-16 16:32:52'),
(310, 9, '2021-01-04', 'P', '2021-02-16 16:32:52'),
(311, 9, '2021-01-05', 'P', '2021-02-16 16:32:52'),
(312, 9, '2021-01-06', 'P', '2021-02-16 16:32:52'),
(313, 9, '2021-01-07', 'P', '2021-02-16 16:32:52'),
(314, 9, '2021-01-08', 'P', '2021-02-16 16:32:52'),
(315, 9, '2021-01-09', 'P', '2021-02-16 16:32:52'),
(316, 9, '2021-01-10', 'P', '2021-02-16 16:32:52'),
(317, 9, '2021-01-11', 'P', '2021-02-16 16:32:52'),
(318, 9, '2021-01-12', 'P', '2021-02-16 16:32:52'),
(319, 9, '2021-01-13', 'P', '2021-02-16 16:32:52'),
(320, 9, '2021-01-14', 'P', '2021-02-16 16:32:52'),
(321, 9, '2021-01-15', 'P', '2021-02-16 16:32:52'),
(322, 9, '2021-01-16', 'P', '2021-02-16 16:32:52'),
(323, 9, '2021-01-17', 'P', '2021-02-16 16:32:52'),
(324, 9, '2021-01-18', 'P', '2021-02-16 16:32:52'),
(325, 9, '2021-01-19', 'P', '2021-02-16 16:32:52'),
(326, 9, '2021-01-20', 'P', '2021-02-16 16:32:52'),
(327, 9, '2021-01-21', 'P', '2021-02-16 16:32:52'),
(328, 9, '2021-01-22', 'P', '2021-02-16 16:32:52'),
(329, 9, '2021-01-23', 'P', '2021-02-16 16:32:52'),
(330, 9, '2021-01-24', 'P', '2021-02-16 16:32:52'),
(331, 9, '2021-01-25', 'P', '2021-02-16 16:32:52'),
(332, 9, '2021-01-26', 'P', '2021-02-16 16:32:52'),
(333, 9, '2021-01-27', 'P', '2021-02-16 16:32:53'),
(334, 9, '2021-01-28', 'P', '2021-02-16 16:32:53'),
(335, 9, '2021-01-29', 'P', '2021-02-16 16:32:53'),
(336, 9, '2021-01-30', 'P', '2021-02-16 16:32:53'),
(337, 9, '2021-01-31', 'P', '2021-02-16 16:32:53'),
(338, 13, '2021-01-01', 'F', '2021-02-16 16:32:53'),
(339, 13, '2021-01-02', 'P', '2021-02-16 16:32:53'),
(340, 13, '2021-01-03', 'P', '2021-02-16 16:32:53'),
(341, 13, '2021-01-04', 'P', '2021-02-16 16:32:53'),
(342, 13, '2021-01-05', 'P', '2021-02-16 16:32:53'),
(343, 13, '2021-01-06', 'P', '2021-02-16 16:32:53'),
(344, 13, '2021-01-07', 'P', '2021-02-16 16:32:53'),
(345, 13, '2021-01-08', 'P', '2021-02-16 16:32:53'),
(346, 13, '2021-01-09', 'P', '2021-02-16 16:32:53'),
(347, 13, '2021-01-10', 'P', '2021-02-16 16:32:53'),
(348, 13, '2021-01-11', 'P', '2021-02-16 16:32:53'),
(349, 13, '2021-01-12', 'P', '2021-02-16 16:32:53'),
(350, 13, '2021-01-13', 'P', '2021-02-16 16:32:53'),
(351, 13, '2021-01-14', 'P', '2021-02-16 16:32:53'),
(352, 13, '2021-01-15', 'P', '2021-02-16 16:32:53'),
(353, 13, '2021-01-16', 'P', '2021-02-16 16:32:53'),
(354, 13, '2021-01-17', 'P', '2021-02-16 16:32:53'),
(355, 13, '2021-01-18', 'P', '2021-02-16 16:32:53'),
(356, 13, '2021-01-19', 'P', '2021-02-16 16:32:53'),
(357, 13, '2021-01-20', 'P', '2021-02-16 16:32:54'),
(358, 13, '2021-01-21', 'P', '2021-02-16 16:32:54'),
(359, 13, '2021-01-22', 'P', '2021-02-16 16:32:54'),
(360, 13, '2021-01-23', 'P', '2021-02-16 16:32:54'),
(361, 13, '2021-01-24', 'P', '2021-02-16 16:32:54'),
(362, 13, '2021-01-25', 'P', '2021-02-16 16:32:54'),
(363, 13, '2021-01-26', 'P', '2021-02-16 16:32:54'),
(364, 13, '2021-01-27', 'P', '2021-02-16 16:32:54'),
(365, 13, '2021-01-28', 'P', '2021-02-16 16:32:54'),
(366, 13, '2021-01-29', 'P', '2021-02-16 16:32:54'),
(367, 13, '2021-01-30', 'P', '2021-02-16 16:32:54'),
(368, 13, '2021-01-31', 'P', '2021-02-16 16:32:54'),
(369, 1, '2021-01-01', 'F', '2021-02-16 16:32:54'),
(370, 1, '2021-01-02', 'P', '2021-02-16 16:32:54'),
(371, 1, '2021-01-03', 'P', '2021-02-16 16:32:54'),
(372, 1, '2021-01-04', 'P', '2021-02-16 16:32:54'),
(373, 1, '2021-01-05', 'P', '2021-02-16 16:32:54'),
(374, 1, '2021-01-06', 'P', '2021-02-16 16:32:54'),
(375, 1, '2021-01-07', 'P', '2021-02-16 16:32:54'),
(376, 1, '2021-01-08', 'P', '2021-02-16 16:32:54'),
(377, 1, '2021-01-09', 'P', '2021-02-16 16:32:54'),
(378, 1, '2021-01-10', 'P', '2021-02-16 16:32:54'),
(379, 1, '2021-01-11', 'P', '2021-02-16 16:32:54'),
(380, 1, '2021-01-12', 'P', '2021-02-16 16:32:54'),
(381, 1, '2021-01-13', 'P', '2021-02-16 16:32:55'),
(382, 1, '2021-01-14', 'P', '2021-02-16 16:32:55'),
(383, 1, '2021-01-15', 'P', '2021-02-16 16:32:55'),
(384, 1, '2021-01-16', 'P', '2021-02-16 16:32:55'),
(385, 1, '2021-01-17', 'P', '2021-02-16 16:32:55'),
(386, 1, '2021-01-18', 'P', '2021-02-16 16:32:55'),
(387, 1, '2021-01-19', 'P', '2021-02-16 16:32:55'),
(388, 1, '2021-01-20', 'P', '2021-02-16 16:32:55'),
(389, 1, '2021-01-21', 'P', '2021-02-16 16:32:55'),
(390, 1, '2021-01-22', 'P', '2021-02-16 16:32:55'),
(391, 1, '2021-01-23', 'P', '2021-02-16 16:32:55'),
(392, 1, '2021-01-24', 'P', '2021-02-16 16:32:55'),
(393, 1, '2021-01-25', 'P', '2021-02-16 16:32:55'),
(394, 1, '2021-01-26', 'P', '2021-02-16 16:32:55'),
(395, 1, '2021-01-27', 'P', '2021-02-16 16:32:55'),
(396, 1, '2021-01-28', 'P', '2021-02-16 16:32:55'),
(397, 1, '2021-01-29', 'P', '2021-02-16 16:32:55'),
(398, 1, '2021-01-30', 'P', '2021-02-16 16:32:55'),
(399, 1, '2021-01-31', 'P', '2021-02-16 16:32:55'),
(400, 5, '2021-01-01', 'F', '2021-02-16 16:32:55'),
(401, 5, '2021-01-02', 'P', '2021-02-16 16:32:55'),
(402, 5, '2021-01-03', 'P', '2021-02-16 16:32:55'),
(403, 5, '2021-01-04', 'P', '2021-02-16 16:32:56'),
(404, 5, '2021-01-05', 'P', '2021-02-16 16:32:56'),
(405, 5, '2021-01-06', 'P', '2021-02-16 16:32:56'),
(406, 5, '2021-01-07', 'P', '2021-02-16 16:32:56'),
(407, 5, '2021-01-08', 'P', '2021-02-16 16:32:56'),
(408, 5, '2021-01-09', 'P', '2021-02-16 16:32:56'),
(409, 5, '2021-01-10', 'P', '2021-02-16 16:32:56'),
(410, 5, '2021-01-11', 'P', '2021-02-16 16:32:56'),
(411, 5, '2021-01-12', 'P', '2021-02-16 16:32:56'),
(412, 5, '2021-01-13', 'P', '2021-02-16 16:32:56'),
(413, 5, '2021-01-14', 'P', '2021-02-16 16:32:56'),
(414, 5, '2021-01-15', 'P', '2021-02-16 16:32:56'),
(415, 5, '2021-01-16', 'P', '2021-02-16 16:32:56'),
(416, 5, '2021-01-17', 'P', '2021-02-16 16:32:56'),
(417, 5, '2021-01-18', 'P', '2021-02-16 16:32:56'),
(418, 5, '2021-01-19', 'P', '2021-02-16 16:32:56'),
(419, 5, '2021-01-20', 'P', '2021-02-16 16:32:56'),
(420, 5, '2021-01-21', 'P', '2021-02-16 16:32:56'),
(421, 5, '2021-01-22', 'P', '2021-02-16 16:32:56'),
(422, 5, '2021-01-23', 'P', '2021-02-16 16:32:56'),
(423, 5, '2021-01-24', 'P', '2021-02-16 16:32:56'),
(424, 5, '2021-01-25', 'P', '2021-02-16 16:32:56'),
(425, 5, '2021-01-26', 'P', '2021-02-16 16:32:56'),
(426, 5, '2021-01-27', 'P', '2021-02-16 16:32:57'),
(427, 5, '2021-01-28', 'P', '2021-02-16 16:32:57'),
(428, 5, '2021-01-29', 'P', '2021-02-16 16:32:57'),
(429, 5, '2021-01-30', 'P', '2021-02-16 16:32:57'),
(430, 5, '2021-01-31', 'P', '2021-02-16 16:32:57'),
(431, 14, '2021-01-01', 'F', '2021-02-16 16:32:57'),
(432, 14, '2021-01-02', 'P', '2021-02-16 16:32:57'),
(433, 14, '2021-01-03', 'P', '2021-02-16 16:32:57'),
(434, 14, '2021-01-04', 'P', '2021-02-16 16:32:57'),
(435, 14, '2021-01-05', 'P', '2021-02-16 16:32:57'),
(436, 14, '2021-01-06', 'P', '2021-02-16 16:32:57'),
(437, 14, '2021-01-07', 'P', '2021-02-16 16:32:57'),
(438, 14, '2021-01-08', 'P', '2021-02-16 16:32:57'),
(439, 14, '2021-01-09', 'P', '2021-02-16 16:32:57'),
(440, 14, '2021-01-10', 'P', '2021-02-16 16:32:57'),
(441, 14, '2021-01-11', 'P', '2021-02-16 16:32:57'),
(442, 14, '2021-01-12', 'P', '2021-02-16 16:32:57'),
(443, 14, '2021-01-13', 'P', '2021-02-16 16:32:57'),
(444, 14, '2021-01-14', 'P', '2021-02-16 16:32:57'),
(445, 14, '2021-01-15', 'P', '2021-02-16 16:32:57'),
(446, 14, '2021-01-16', 'P', '2021-02-16 16:32:57'),
(447, 14, '2021-01-17', 'P', '2021-02-16 16:32:57'),
(448, 14, '2021-01-18', 'P', '2021-02-16 16:32:57'),
(449, 14, '2021-01-19', 'P', '2021-02-16 16:32:57'),
(450, 14, '2021-01-20', 'P', '2021-02-16 16:32:57'),
(451, 14, '2021-01-21', 'P', '2021-02-16 16:32:58'),
(452, 14, '2021-01-22', 'P', '2021-02-16 16:32:58'),
(453, 14, '2021-01-23', 'P', '2021-02-16 16:32:58'),
(454, 14, '2021-01-24', 'P', '2021-02-16 16:32:58'),
(455, 14, '2021-01-25', 'P', '2021-02-16 16:32:58'),
(456, 14, '2021-01-26', 'P', '2021-02-16 16:32:58'),
(457, 14, '2021-01-27', 'P', '2021-02-16 16:32:58'),
(458, 14, '2021-01-28', 'P', '2021-02-16 16:32:58'),
(459, 14, '2021-01-29', 'P', '2021-02-16 16:32:58'),
(460, 14, '2021-01-30', 'P', '2021-02-16 16:32:58'),
(461, 14, '2021-01-31', 'P', '2021-02-16 16:32:58'),
(462, 4, '2021-01-01', 'F', '2021-02-16 16:32:58'),
(463, 4, '2021-01-02', 'P', '2021-02-16 16:32:58'),
(464, 4, '2021-01-03', 'P', '2021-02-16 16:32:58'),
(465, 4, '2021-01-04', 'P', '2021-02-16 16:32:59'),
(466, 4, '2021-01-05', 'P', '2021-02-16 16:32:59'),
(467, 4, '2021-01-06', 'P', '2021-02-16 16:32:59'),
(468, 4, '2021-01-07', 'P', '2021-02-16 16:32:59'),
(469, 4, '2021-01-08', 'P', '2021-02-16 16:32:59'),
(470, 4, '2021-01-09', 'P', '2021-02-16 16:32:59'),
(471, 4, '2021-01-10', 'P', '2021-02-16 16:32:59'),
(472, 4, '2021-01-11', 'P', '2021-02-16 16:32:59'),
(473, 4, '2021-01-12', 'P', '2021-02-16 16:32:59'),
(474, 4, '2021-01-13', 'P', '2021-02-16 16:32:59'),
(475, 4, '2021-01-14', 'P', '2021-02-16 16:32:59'),
(476, 4, '2021-01-15', 'P', '2021-02-16 16:32:59'),
(477, 4, '2021-01-16', 'P', '2021-02-16 16:32:59'),
(478, 4, '2021-01-17', 'P', '2021-02-16 16:32:59'),
(479, 4, '2021-01-18', 'P', '2021-02-16 16:32:59'),
(480, 4, '2021-01-19', 'P', '2021-02-16 16:32:59'),
(481, 4, '2021-01-20', 'P', '2021-02-16 16:32:59'),
(482, 4, '2021-01-21', 'P', '2021-02-16 16:32:59'),
(483, 4, '2021-01-22', 'P', '2021-02-16 16:32:59'),
(484, 4, '2021-01-23', 'P', '2021-02-16 16:32:59'),
(485, 4, '2021-01-24', 'P', '2021-02-16 16:32:59'),
(486, 4, '2021-01-25', 'P', '2021-02-16 16:32:59'),
(487, 4, '2021-01-26', 'P', '2021-02-16 16:32:59'),
(488, 4, '2021-01-27', 'P', '2021-02-16 16:32:59'),
(489, 4, '2021-01-28', 'P', '2021-02-16 16:33:00'),
(490, 4, '2021-01-29', 'P', '2021-02-16 16:33:00'),
(491, 4, '2021-01-30', 'P', '2021-02-16 16:33:00'),
(492, 4, '2021-01-31', 'P', '2021-02-16 16:33:00'),
(493, 8, '2021-01-01', 'F', '2021-02-16 16:33:00'),
(494, 8, '2021-01-02', 'P', '2021-02-16 16:33:00'),
(495, 8, '2021-01-03', 'P', '2021-02-16 16:33:00'),
(496, 8, '2021-01-04', 'P', '2021-02-16 16:33:00'),
(497, 8, '2021-01-05', 'P', '2021-02-16 16:33:00'),
(498, 8, '2021-01-06', 'P', '2021-02-16 16:33:00'),
(499, 8, '2021-01-07', 'P', '2021-02-16 16:33:00'),
(500, 8, '2021-01-08', 'P', '2021-02-16 16:33:00'),
(501, 8, '2021-01-09', 'P', '2021-02-16 16:33:00'),
(502, 8, '2021-01-10', 'P', '2021-02-16 16:33:00'),
(503, 8, '2021-01-11', 'P', '2021-02-16 16:33:00'),
(504, 8, '2021-01-12', 'P', '2021-02-16 16:33:00'),
(505, 8, '2021-01-13', 'P', '2021-02-16 16:33:00'),
(506, 8, '2021-01-14', 'P', '2021-02-16 16:33:00'),
(507, 8, '2021-01-15', 'P', '2021-02-16 16:33:00'),
(508, 8, '2021-01-16', 'P', '2021-02-16 16:33:00'),
(509, 8, '2021-01-17', 'P', '2021-02-16 16:33:00'),
(510, 8, '2021-01-18', 'P', '2021-02-16 16:33:00'),
(511, 8, '2021-01-19', 'P', '2021-02-16 16:33:00'),
(512, 8, '2021-01-20', 'P', '2021-02-16 16:33:00'),
(513, 8, '2021-01-21', 'P', '2021-02-16 16:33:00'),
(514, 8, '2021-01-22', 'P', '2021-02-16 16:33:00'),
(515, 8, '2021-01-23', 'P', '2021-02-16 16:33:00'),
(516, 8, '2021-01-24', 'P', '2021-02-16 16:33:00'),
(517, 8, '2021-01-25', 'P', '2021-02-16 16:33:01'),
(518, 8, '2021-01-26', 'P', '2021-02-16 16:33:01'),
(519, 8, '2021-01-27', 'P', '2021-02-16 16:33:01'),
(520, 8, '2021-01-28', 'P', '2021-02-16 16:33:01'),
(521, 8, '2021-01-29', 'P', '2021-02-16 16:33:01'),
(522, 8, '2021-01-30', 'P', '2021-02-16 16:33:01'),
(523, 8, '2021-01-31', 'P', '2021-02-16 16:33:01'),
(524, 12, '2021-01-01', 'F', '2021-02-16 16:33:01'),
(525, 12, '2021-01-02', 'P', '2021-02-16 16:33:01'),
(526, 12, '2021-01-03', 'P', '2021-02-16 16:33:01'),
(527, 12, '2021-01-04', 'P', '2021-02-16 16:33:01'),
(528, 12, '2021-01-05', 'P', '2021-02-16 16:33:01'),
(529, 12, '2021-01-06', 'P', '2021-02-16 16:33:01'),
(530, 12, '2021-01-07', 'P', '2021-02-16 16:33:01'),
(531, 12, '2021-01-08', 'P', '2021-02-16 16:33:01'),
(532, 12, '2021-01-09', 'P', '2021-02-16 16:33:01'),
(533, 12, '2021-01-10', 'P', '2021-02-16 16:33:01'),
(534, 12, '2021-01-11', 'P', '2021-02-16 16:33:01'),
(535, 12, '2021-01-12', 'P', '2021-02-16 16:33:01'),
(536, 12, '2021-01-13', 'P', '2021-02-16 16:33:01'),
(537, 12, '2021-01-14', 'P', '2021-02-16 16:33:01'),
(538, 12, '2021-01-15', 'P', '2021-02-16 16:33:02'),
(539, 12, '2021-01-16', 'P', '2021-02-16 16:33:02'),
(540, 12, '2021-01-17', 'P', '2021-02-16 16:33:02'),
(541, 12, '2021-01-18', 'P', '2021-02-16 16:33:02'),
(542, 12, '2021-01-19', 'P', '2021-02-16 16:33:02'),
(543, 12, '2021-01-20', 'P', '2021-02-16 16:33:02'),
(544, 12, '2021-01-21', 'P', '2021-02-16 16:33:02'),
(545, 12, '2021-01-22', 'P', '2021-02-16 16:33:02'),
(546, 12, '2021-01-23', 'P', '2021-02-16 16:33:02'),
(547, 12, '2021-01-24', 'P', '2021-02-16 16:33:02'),
(548, 12, '2021-01-25', 'P', '2021-02-16 16:33:02'),
(549, 12, '2021-01-26', 'P', '2021-02-16 16:33:02'),
(550, 12, '2021-01-27', 'P', '2021-02-16 16:33:02'),
(551, 12, '2021-01-28', 'P', '2021-02-16 16:33:02'),
(552, 12, '2021-01-29', 'P', '2021-02-16 16:33:02'),
(553, 12, '2021-01-30', 'P', '2021-02-16 16:33:02'),
(554, 12, '2021-01-31', 'P', '2021-02-16 16:33:02'),
(555, 6, '2021-01-01', 'F', '2021-02-16 16:33:02'),
(556, 6, '2021-01-02', 'P', '2021-02-16 16:33:02'),
(557, 6, '2021-01-03', 'P', '2021-02-16 16:33:02'),
(558, 6, '2021-01-04', 'P', '2021-02-16 16:33:02'),
(559, 6, '2021-01-05', 'P', '2021-02-16 16:33:02'),
(560, 6, '2021-01-06', 'P', '2021-02-16 16:33:02'),
(561, 6, '2021-01-07', 'P', '2021-02-16 16:33:02'),
(562, 6, '2021-01-08', 'P', '2021-02-16 16:33:02'),
(563, 6, '2021-01-09', 'P', '2021-02-16 16:33:02'),
(564, 6, '2021-01-10', 'P', '2021-02-16 16:33:03'),
(565, 6, '2021-01-11', 'P', '2021-02-16 16:33:03'),
(566, 6, '2021-01-12', 'P', '2021-02-16 16:33:03'),
(567, 6, '2021-01-13', 'P', '2021-02-16 16:33:03'),
(568, 6, '2021-01-14', 'P', '2021-02-16 16:33:03'),
(569, 6, '2021-01-15', 'P', '2021-02-16 16:33:03'),
(570, 6, '2021-01-16', 'P', '2021-02-16 16:33:03'),
(571, 6, '2021-01-17', 'P', '2021-02-16 16:33:03'),
(572, 6, '2021-01-18', 'P', '2021-02-16 16:33:03'),
(573, 6, '2021-01-19', 'P', '2021-02-16 16:33:03'),
(574, 6, '2021-01-20', 'P', '2021-02-16 16:33:03'),
(575, 6, '2021-01-21', 'P', '2021-02-16 16:33:03'),
(576, 6, '2021-01-22', 'P', '2021-02-16 16:33:03'),
(577, 6, '2021-01-23', 'P', '2021-02-16 16:33:03'),
(578, 6, '2021-01-24', 'P', '2021-02-16 16:33:03'),
(579, 6, '2021-01-25', 'P', '2021-02-16 16:33:03'),
(580, 6, '2021-01-26', 'P', '2021-02-16 16:33:03'),
(581, 6, '2021-01-27', 'P', '2021-02-16 16:33:03'),
(582, 6, '2021-01-28', 'P', '2021-02-16 16:33:04'),
(583, 6, '2021-01-29', 'P', '2021-02-16 16:33:04'),
(584, 6, '2021-01-30', 'P', '2021-02-16 16:33:04'),
(585, 6, '2021-01-31', 'P', '2021-02-16 16:33:04'),
(586, 3, '2021-01-01', 'F', '2021-02-16 16:33:04'),
(587, 3, '2021-01-02', 'P', '2021-02-16 16:33:04'),
(588, 3, '2021-01-03', 'P', '2021-02-16 16:33:04'),
(589, 3, '2021-01-04', 'P', '2021-02-16 16:33:04'),
(590, 3, '2021-01-05', 'P', '2021-02-16 16:33:04'),
(591, 3, '2021-01-06', 'P', '2021-02-16 16:33:04'),
(592, 3, '2021-01-07', 'P', '2021-02-16 16:33:04'),
(593, 3, '2021-01-08', 'P', '2021-02-16 16:33:04'),
(594, 3, '2021-01-09', 'P', '2021-02-16 16:33:04'),
(595, 3, '2021-01-10', 'P', '2021-02-16 16:33:04'),
(596, 3, '2021-01-11', 'P', '2021-02-16 16:33:04'),
(597, 3, '2021-01-12', 'P', '2021-02-16 16:33:04'),
(598, 3, '2021-01-13', 'P', '2021-02-16 16:33:04'),
(599, 3, '2021-01-14', 'P', '2021-02-16 16:33:04'),
(600, 3, '2021-01-15', 'P', '2021-02-16 16:33:04'),
(601, 3, '2021-01-16', 'P', '2021-02-16 16:33:04'),
(602, 3, '2021-01-17', 'P', '2021-02-16 16:33:04'),
(603, 3, '2021-01-18', 'P', '2021-02-16 16:33:04'),
(604, 3, '2021-01-19', 'P', '2021-02-16 16:33:04'),
(605, 3, '2021-01-20', 'P', '2021-02-16 16:33:04'),
(606, 3, '2021-01-21', 'P', '2021-02-16 16:33:04'),
(607, 3, '2021-01-22', 'P', '2021-02-16 16:33:05'),
(608, 3, '2021-01-23', 'P', '2021-02-16 16:33:05'),
(609, 3, '2021-01-24', 'P', '2021-02-16 16:33:05'),
(610, 3, '2021-01-25', 'P', '2021-02-16 16:33:05'),
(611, 3, '2021-01-26', 'P', '2021-02-16 16:33:05'),
(612, 3, '2021-01-27', 'P', '2021-02-16 16:33:05'),
(613, 3, '2021-01-28', 'P', '2021-02-16 16:33:05'),
(614, 3, '2021-01-29', 'P', '2021-02-16 16:33:05'),
(615, 3, '2021-01-30', 'P', '2021-02-16 16:33:05'),
(616, 3, '2021-01-31', 'P', '2021-02-16 16:33:05'),
(617, 7, '2021-02-01', 'P', '2021-02-27 09:35:43'),
(618, 7, '2021-02-02', 'P', '2021-02-27 09:35:43'),
(619, 7, '2021-02-03', 'P', '2021-02-27 09:35:43'),
(620, 7, '2021-02-04', 'P', '2021-02-27 09:35:43'),
(621, 7, '2021-02-05', 'P', '2021-02-27 09:35:44'),
(622, 7, '2021-02-17', 'P', '2021-02-27 09:35:44'),
(623, 7, '2021-02-18', 'P', '2021-02-27 09:35:44'),
(624, 7, '2021-02-20', 'P', '2021-02-27 09:35:45'),
(625, 7, '2021-02-21', 'P', '2021-02-27 09:35:45'),
(626, 7, '2021-02-22', 'P', '2021-02-27 09:35:45'),
(627, 7, '2021-02-23', 'P', '2021-02-27 09:35:45'),
(628, 7, '2021-02-24', 'P', '2021-02-27 09:35:45'),
(629, 7, '2021-02-25', 'P', '2021-02-27 09:35:45'),
(630, 7, '2021-02-27', 'P', '2021-02-27 09:35:45'),
(631, 5, '2021-02-01', 'P', '2021-02-27 09:35:45'),
(632, 5, '2021-02-02', 'P', '2021-02-27 09:35:45'),
(633, 5, '2021-02-03', 'P', '2021-02-27 09:35:45'),
(634, 5, '2021-02-04', 'P', '2021-02-27 09:35:45'),
(635, 5, '2021-02-05', 'F', '2021-02-27 09:35:45'),
(636, 5, '2021-02-17', 'P', '2021-02-27 09:35:45'),
(637, 5, '2021-02-18', 'P', '2021-02-27 09:35:45'),
(638, 5, '2021-02-20', 'P', '2021-02-27 09:35:45'),
(639, 5, '2021-02-21', 'P', '2021-02-27 09:35:45'),
(640, 5, '2021-02-22', 'P', '2021-02-27 09:35:45'),
(641, 5, '2021-02-23', 'P', '2021-02-27 09:35:45'),
(642, 5, '2021-02-24', 'P', '2021-02-27 09:35:46'),
(643, 5, '2021-02-25', 'P', '2021-02-27 09:35:46'),
(644, 5, '2021-02-27', 'P', '2021-02-27 09:35:46'),
(645, 14, '2021-02-01', 'P', '2021-02-27 09:35:46'),
(646, 14, '2021-02-02', 'P', '2021-02-27 09:35:46'),
(647, 14, '2021-02-03', 'P', '2021-02-27 09:35:46'),
(648, 14, '2021-02-04', 'P', '2021-02-27 09:35:46'),
(649, 14, '2021-02-05', 'F', '2021-02-27 09:35:46'),
(650, 14, '2021-02-17', 'P', '2021-02-27 09:35:46'),
(651, 14, '2021-02-18', 'P', '2021-02-27 09:35:46'),
(652, 14, '2021-02-20', 'P', '2021-02-27 09:35:46'),
(653, 14, '2021-02-21', 'P', '2021-02-27 09:35:46'),
(654, 14, '2021-02-22', 'P', '2021-02-27 09:35:46'),
(655, 14, '2021-02-23', 'P', '2021-02-27 09:35:46'),
(656, 14, '2021-02-24', 'P', '2021-02-27 09:35:46'),
(657, 14, '2021-02-25', 'P', '2021-02-27 09:35:46'),
(658, 14, '2021-02-27', 'P', '2021-02-27 09:35:46'),
(659, 11, '2021-02-01', 'P', '2021-02-27 09:35:46'),
(660, 11, '2021-02-02', 'P', '2021-02-27 09:35:46'),
(661, 11, '2021-02-03', 'P', '2021-02-27 09:35:46'),
(662, 11, '2021-02-04', 'P', '2021-02-27 09:35:46'),
(663, 11, '2021-02-05', 'F', '2021-02-27 09:35:46'),
(664, 11, '2021-02-17', 'P', '2021-02-27 09:35:47'),
(665, 11, '2021-02-18', 'P', '2021-02-27 09:35:47'),
(666, 11, '2021-02-20', 'P', '2021-02-27 09:35:47'),
(667, 11, '2021-02-21', 'P', '2021-02-27 09:35:47'),
(668, 11, '2021-02-22', 'P', '2021-02-27 09:35:47'),
(669, 11, '2021-02-23', 'P', '2021-02-27 09:35:47'),
(670, 11, '2021-02-24', 'P', '2021-02-27 09:35:47'),
(671, 11, '2021-02-25', 'P', '2021-02-27 09:35:47'),
(672, 11, '2021-02-27', 'P', '2021-02-27 09:35:47'),
(673, 13, '2021-02-01', 'P', '2021-02-27 09:35:47'),
(674, 13, '2021-02-02', 'P', '2021-02-27 09:35:47'),
(675, 13, '2021-02-03', 'P', '2021-02-27 09:35:47'),
(676, 13, '2021-02-04', 'P', '2021-02-27 09:35:47'),
(677, 13, '2021-02-05', 'F', '2021-02-27 09:35:47'),
(678, 13, '2021-02-17', 'P', '2021-02-27 09:35:47'),
(679, 13, '2021-02-18', 'P', '2021-02-27 09:35:47'),
(680, 13, '2021-02-20', 'P', '2021-02-27 09:35:47'),
(681, 13, '2021-02-21', 'P', '2021-02-27 09:35:47'),
(682, 13, '2021-02-22', 'P', '2021-02-27 09:35:48'),
(683, 13, '2021-02-23', 'P', '2021-02-27 09:35:48'),
(684, 13, '2021-02-24', 'P', '2021-02-27 09:35:48'),
(685, 13, '2021-02-25', 'P', '2021-02-27 09:35:48'),
(686, 13, '2021-02-27', 'P', '2021-02-27 09:35:48'),
(687, 2, '2021-02-01', 'P', '2021-02-27 09:35:48'),
(688, 2, '2021-02-02', 'P', '2021-02-27 09:35:48'),
(689, 2, '2021-02-03', 'P', '2021-02-27 09:35:48'),
(690, 2, '2021-02-04', 'P', '2021-02-27 09:35:48'),
(691, 2, '2021-02-05', 'F', '2021-02-27 09:35:48'),
(692, 2, '2021-02-17', 'P', '2021-02-27 09:35:48'),
(693, 2, '2021-02-18', 'P', '2021-02-27 09:35:48'),
(694, 2, '2021-02-20', 'P', '2021-02-27 09:35:48'),
(695, 2, '2021-02-21', 'P', '2021-02-27 09:35:48'),
(696, 2, '2021-02-22', 'P', '2021-02-27 09:35:49'),
(697, 2, '2021-02-23', 'P', '2021-02-27 09:35:49'),
(698, 2, '2021-02-24', 'P', '2021-02-27 09:35:49'),
(699, 2, '2021-02-25', 'P', '2021-02-27 09:35:49'),
(700, 2, '2021-02-27', 'P', '2021-02-27 09:35:49'),
(701, 15, '2021-02-01', 'P', '2021-02-27 09:35:49'),
(702, 15, '2021-02-02', 'P', '2021-02-27 09:35:49'),
(703, 15, '2021-02-03', 'P', '2021-02-27 09:35:49'),
(704, 15, '2021-02-04', 'P', '2021-02-27 09:35:49'),
(705, 15, '2021-02-05', 'P', '2021-02-27 09:35:49'),
(706, 15, '2021-02-06', 'P', '2021-02-27 09:35:49'),
(707, 15, '2021-02-07', 'P', '2021-02-27 09:35:49'),
(708, 15, '2021-02-08', 'P', '2021-02-27 09:35:49'),
(709, 15, '2021-02-09', 'P', '2021-02-27 09:35:49'),
(710, 15, '2021-02-10', 'P', '2021-02-27 09:35:49'),
(711, 15, '2021-02-11', 'P', '2021-02-27 09:35:49'),
(712, 15, '2021-02-12', 'P', '2021-02-27 09:35:49'),
(713, 15, '2021-02-13', 'P', '2021-02-27 09:35:49'),
(714, 15, '2021-02-14', 'P', '2021-02-27 09:35:49'),
(715, 15, '2021-02-15', 'P', '2021-02-27 09:35:50'),
(716, 15, '2021-02-16', 'P', '2021-02-27 09:35:50'),
(717, 15, '2021-02-17', 'P', '2021-02-27 09:35:50'),
(718, 15, '2021-02-18', 'P', '2021-02-27 09:35:50'),
(719, 15, '2021-02-19', 'P', '2021-02-27 09:35:50'),
(720, 15, '2021-02-20', 'P', '2021-02-27 09:35:50'),
(721, 15, '2021-02-21', 'P', '2021-02-27 09:35:50'),
(722, 15, '2021-02-22', 'P', '2021-02-27 09:35:50'),
(723, 15, '2021-02-23', 'P', '2021-02-27 09:35:50'),
(724, 15, '2021-02-24', 'P', '2021-02-27 09:35:50'),
(725, 15, '2021-02-25', 'P', '2021-02-27 09:35:50'),
(726, 15, '2021-02-26', 'P', '2021-02-27 09:35:50'),
(727, 15, '2021-02-27', 'P', '2021-02-27 09:35:50'),
(728, 9, '2021-02-01', 'P', '2021-02-27 09:35:50'),
(729, 9, '2021-02-02', 'P', '2021-02-27 09:35:50'),
(730, 9, '2021-02-03', 'P', '2021-02-27 09:35:50'),
(731, 9, '2021-02-04', 'P', '2021-02-27 09:35:50'),
(732, 9, '2021-02-05', 'F', '2021-02-27 09:35:51'),
(733, 9, '2021-02-17', 'P', '2021-02-27 09:35:51'),
(734, 9, '2021-02-18', 'P', '2021-02-27 09:35:51'),
(735, 9, '2021-02-20', 'P', '2021-02-27 09:35:51'),
(736, 9, '2021-02-21', 'P', '2021-02-27 09:35:51'),
(737, 9, '2021-02-22', 'P', '2021-02-27 09:35:51'),
(738, 9, '2021-02-23', 'P', '2021-02-27 09:35:51'),
(739, 9, '2021-02-24', 'P', '2021-02-27 09:35:51'),
(740, 9, '2021-02-25', 'P', '2021-02-27 09:35:51'),
(741, 9, '2021-02-27', 'P', '2021-02-27 09:35:51'),
(742, 1, '2021-02-01', 'P', '2021-02-27 09:35:51'),
(743, 1, '2021-02-02', 'P', '2021-02-27 09:35:51'),
(744, 1, '2021-02-03', 'P', '2021-02-27 09:35:51'),
(745, 1, '2021-02-04', 'P', '2021-02-27 09:35:51'),
(746, 1, '2021-02-05', 'F', '2021-02-27 09:35:51'),
(747, 1, '2021-02-17', 'P', '2021-02-27 09:35:52'),
(748, 1, '2021-02-18', 'P', '2021-02-27 09:35:52'),
(749, 1, '2021-02-20', 'P', '2021-02-27 09:35:52'),
(750, 1, '2021-02-21', 'P', '2021-02-27 09:35:52'),
(751, 1, '2021-02-22', 'P', '2021-02-27 09:35:52'),
(752, 1, '2021-02-23', 'P', '2021-02-27 09:35:52'),
(753, 1, '2021-02-24', 'P', '2021-02-27 09:35:52'),
(754, 1, '2021-02-25', 'P', '2021-02-27 09:35:52'),
(755, 1, '2021-02-27', 'P', '2021-02-27 09:35:52'),
(756, 4, '2021-02-01', 'P', '2021-02-27 09:35:52'),
(757, 4, '2021-02-02', 'P', '2021-02-27 09:35:52'),
(758, 4, '2021-02-03', 'P', '2021-02-27 09:35:52'),
(759, 4, '2021-02-04', 'P', '2021-02-27 09:35:52'),
(760, 4, '2021-02-05', 'F', '2021-02-27 09:35:52'),
(761, 4, '2021-02-17', 'P', '2021-02-27 09:35:52'),
(762, 4, '2021-02-18', 'P', '2021-02-27 09:35:52'),
(763, 4, '2021-02-20', 'P', '2021-02-27 09:35:52'),
(764, 4, '2021-02-21', 'P', '2021-02-27 09:35:52'),
(765, 4, '2021-02-22', 'P', '2021-02-27 09:35:52'),
(766, 4, '2021-02-23', 'P', '2021-02-27 09:35:52'),
(767, 4, '2021-02-24', 'P', '2021-02-27 09:35:53'),
(768, 4, '2021-02-25', 'P', '2021-02-27 09:35:53'),
(769, 4, '2021-02-27', 'P', '2021-02-27 09:35:53'),
(770, 3, '2021-02-01', 'P', '2021-02-27 09:35:53'),
(771, 3, '2021-02-02', 'P', '2021-02-27 09:35:53'),
(772, 3, '2021-02-03', 'P', '2021-02-27 09:35:53'),
(773, 3, '2021-02-04', 'P', '2021-02-27 09:35:53'),
(774, 3, '2021-02-05', 'F', '2021-02-27 09:35:53'),
(775, 3, '2021-02-17', 'P', '2021-02-27 09:35:53'),
(776, 3, '2021-02-18', 'P', '2021-02-27 09:35:53'),
(777, 3, '2021-02-20', 'P', '2021-02-27 09:35:53'),
(778, 3, '2021-02-21', 'P', '2021-02-27 09:35:53'),
(779, 3, '2021-02-22', 'P', '2021-02-27 09:35:53'),
(780, 3, '2021-02-23', 'P', '2021-02-27 09:35:53'),
(781, 3, '2021-02-24', 'P', '2021-02-27 09:35:53'),
(782, 3, '2021-02-25', 'P', '2021-02-27 09:35:53'),
(783, 3, '2021-02-27', 'P', '2021-02-27 09:35:53'),
(784, 12, '2021-02-01', 'P', '2021-02-27 09:35:53'),
(785, 12, '2021-02-02', 'P', '2021-02-27 09:35:53'),
(786, 12, '2021-02-03', 'P', '2021-02-27 09:35:54'),
(787, 12, '2021-02-04', 'P', '2021-02-27 09:35:54'),
(788, 12, '2021-02-05', 'F', '2021-02-27 09:35:54'),
(789, 12, '2021-02-17', 'P', '2021-02-27 09:35:54'),
(790, 12, '2021-02-18', 'P', '2021-02-27 09:35:54'),
(791, 12, '2021-02-20', 'P', '2021-02-27 09:35:54'),
(792, 12, '2021-02-21', 'P', '2021-02-27 09:35:54'),
(793, 12, '2021-02-22', 'P', '2021-02-27 09:35:54'),
(794, 12, '2021-02-23', 'P', '2021-02-27 09:35:54'),
(795, 12, '2021-02-24', 'P', '2021-02-27 09:35:54'),
(796, 12, '2021-02-25', 'P', '2021-02-27 09:35:54'),
(797, 12, '2021-02-27', 'P', '2021-02-27 09:35:54'),
(798, 6, '2021-02-01', 'P', '2021-02-27 09:35:54'),
(799, 6, '2021-02-02', 'P', '2021-02-27 09:35:54'),
(800, 6, '2021-02-03', 'P', '2021-02-27 09:35:54'),
(801, 6, '2021-02-04', 'P', '2021-02-27 09:35:54'),
(802, 6, '2021-02-05', 'F', '2021-02-27 09:35:54'),
(803, 6, '2021-02-17', 'P', '2021-02-27 09:35:54'),
(804, 6, '2021-02-18', 'P', '2021-02-27 09:35:54'),
(805, 6, '2021-02-20', 'P', '2021-02-27 09:35:54'),
(806, 6, '2021-02-21', 'P', '2021-02-27 09:35:55'),
(807, 6, '2021-02-22', 'P', '2021-02-27 09:35:55'),
(808, 6, '2021-02-23', 'P', '2021-02-27 09:35:55'),
(809, 6, '2021-02-24', 'P', '2021-02-27 09:35:55'),
(810, 6, '2021-02-25', 'P', '2021-02-27 09:35:55'),
(811, 6, '2021-02-27', 'P', '2021-02-27 09:35:55'),
(812, 10, '2021-02-01', 'P', '2021-02-27 09:35:55'),
(813, 10, '2021-02-02', 'P', '2021-02-27 09:35:55'),
(814, 10, '2021-02-03', 'P', '2021-02-27 09:35:55'),
(815, 10, '2021-02-04', 'P', '2021-02-27 09:35:55'),
(816, 10, '2021-02-05', 'F', '2021-02-27 09:35:55'),
(817, 10, '2021-02-17', 'P', '2021-02-27 09:35:55'),
(818, 10, '2021-02-18', 'P', '2021-02-27 09:35:55'),
(819, 10, '2021-02-20', 'P', '2021-02-27 09:35:55'),
(820, 10, '2021-02-21', 'P', '2021-02-27 09:35:55'),
(821, 10, '2021-02-22', 'P', '2021-02-27 09:35:55'),
(822, 10, '2021-02-23', 'P', '2021-02-27 09:35:55'),
(823, 10, '2021-02-24', 'P', '2021-02-27 09:35:55'),
(824, 10, '2021-02-25', 'P', '2021-02-27 09:35:55'),
(825, 10, '2021-02-27', 'P', '2021-02-27 09:35:56'),
(826, 8, '2021-02-01', 'P', '2021-02-27 09:35:56'),
(827, 8, '2021-02-02', 'P', '2021-02-27 09:35:56'),
(828, 8, '2021-02-03', 'P', '2021-02-27 09:35:56'),
(829, 8, '2021-02-04', 'P', '2021-02-27 09:35:56'),
(830, 8, '2021-02-05', 'P', '2021-02-27 09:35:56'),
(831, 8, '2021-02-17', 'P', '2021-02-27 09:35:56'),
(832, 8, '2021-02-18', 'P', '2021-02-27 09:35:56'),
(833, 8, '2021-02-20', 'P', '2021-02-27 09:35:56'),
(834, 8, '2021-02-21', 'P', '2021-02-27 09:35:56'),
(835, 8, '2021-02-22', 'P', '2021-02-27 09:35:56'),
(836, 8, '2021-02-23', 'P', '2021-02-27 09:35:56'),
(837, 8, '2021-02-24', 'P', '2021-02-27 09:35:56'),
(838, 8, '2021-02-25', 'P', '2021-02-27 09:35:56'),
(839, 8, '2021-02-27', 'P', '2021-02-27 09:35:56'),
(840, 8, '2021-02-28', 'P', '2021-02-27 09:35:56'),
(841, 7, '2021-02-28', 'P', '2021-02-27 09:42:04'),
(842, 15, '2021-02-28', 'P', '2021-02-27 09:42:05'),
(843, 15, '2021-01-01', 'F', '2021-02-27 09:52:33'),
(844, 15, '2021-01-02', 'P', '2021-02-27 09:52:33'),
(845, 15, '2021-01-03', 'P', '2021-02-27 09:52:33'),
(846, 15, '2021-01-04', 'P', '2021-02-27 09:52:33'),
(847, 15, '2021-01-05', 'P', '2021-02-27 09:52:33'),
(848, 15, '2021-01-06', 'P', '2021-02-27 09:52:33'),
(849, 15, '2021-01-07', 'P', '2021-02-27 09:52:33'),
(850, 15, '2021-01-08', 'P', '2021-02-27 09:52:33'),
(851, 15, '2021-01-09', 'P', '2021-02-27 09:52:33'),
(852, 15, '2021-01-10', 'P', '2021-02-27 09:52:33'),
(853, 15, '2021-01-11', 'P', '2021-02-27 09:52:33'),
(854, 15, '2021-01-12', 'P', '2021-02-27 09:52:33'),
(855, 15, '2021-01-13', 'P', '2021-02-27 09:52:33'),
(856, 15, '2021-01-14', 'P', '2021-02-27 09:52:33'),
(857, 15, '2021-01-15', 'P', '2021-02-27 09:52:33'),
(858, 15, '2021-01-16', 'P', '2021-02-27 09:52:33'),
(859, 15, '2021-01-17', 'P', '2021-02-27 09:52:34'),
(860, 15, '2021-01-18', 'P', '2021-02-27 09:52:34'),
(861, 15, '2021-01-19', 'P', '2021-02-27 09:52:34'),
(862, 15, '2021-01-20', 'P', '2021-02-27 09:52:34'),
(863, 15, '2021-01-21', 'P', '2021-02-27 09:52:34'),
(864, 15, '2021-01-22', 'P', '2021-02-27 09:52:34'),
(865, 15, '2021-01-23', 'P', '2021-02-27 09:52:34'),
(866, 15, '2021-01-24', 'P', '2021-02-27 09:52:34'),
(867, 15, '2021-01-25', 'P', '2021-02-27 09:52:34'),
(868, 15, '2021-01-26', 'P', '2021-02-27 09:52:34'),
(869, 15, '2021-01-27', 'P', '2021-02-27 09:52:34'),
(870, 15, '2021-01-28', 'P', '2021-02-27 09:52:34'),
(871, 15, '2021-01-29', 'P', '2021-02-27 09:52:34'),
(872, 15, '2021-01-30', 'P', '2021-02-27 09:52:34'),
(873, 15, '2021-01-31', 'P', '2021-02-27 09:52:34');

-- --------------------------------------------------------

--
-- Table structure for table `employee_payment`
--

CREATE TABLE `employee_payment` (
  `id` int(11) NOT NULL,
  `employee_id` int(11) NOT NULL,
  `employee_salary_id` int(11) DEFAULT NULL,
  `date` date NOT NULL,
  `amount` int(11) NOT NULL,
  `account_id` int(11) NOT NULL,
  `ts` timestamp NOT NULL DEFAULT current_timestamp()
) ENGINE=InnoDB DEFAULT CHARSET=latin1;

--
-- Dumping data for table `employee_payment`
--

INSERT INTO `employee_payment` (`id`, `employee_id`, `employee_salary_id`, `date`, `amount`, `account_id`, `ts`) VALUES
(1, 4, NULL, '2021-02-18', 1000, 0, '2021-02-27 09:23:28'),
(2, 3, NULL, '2021-02-11', 5000, 0, '2021-02-27 09:23:53'),
(3, 3, NULL, '2021-02-18', 1000, 0, '2021-02-27 09:24:07'),
(4, 13, NULL, '2021-02-23', 5000, 0, '2021-02-27 09:24:27'),
(5, 2, NULL, '2021-02-11', 3000, 0, '2021-02-27 09:24:49'),
(6, 2, NULL, '2021-02-18', 5000, 0, '2021-02-27 09:24:59'),
(11, 11, NULL, '2021-02-18', 1000, 0, '2021-02-27 09:26:21'),
(12, 14, NULL, '2021-02-11', 2000, 0, '2021-02-27 09:26:46'),
(13, 14, NULL, '2021-02-18', 2000, 0, '2021-02-27 09:27:00'),
(21, 7, 15, '2021-01-31', 18000, 0, '2021-02-27 09:52:29'),
(22, 5, 22, '2021-01-31', 18000, 0, '2021-02-27 09:52:31'),
(23, 14, 23, '2021-01-31', 10000, 0, '2021-02-27 09:52:31'),
(24, 11, 16, '2021-01-31', 18000, 0, '2021-02-27 09:52:32'),
(25, 13, 20, '2021-01-31', 3000, 0, '2021-02-27 09:52:32'),
(26, 2, 17, '2021-01-31', 30000, 0, '2021-02-27 09:52:33'),
(27, 15, 30, '2021-01-31', 15000, 0, '2021-02-27 09:52:34'),
(28, 9, 19, '2021-01-31', 25000, 0, '2021-02-27 09:52:35'),
(29, 1, 21, '2021-01-31', 30000, 0, '2021-02-27 09:52:35'),
(30, 4, 24, '2021-01-31', 25000, 0, '2021-02-27 09:52:36'),
(31, 3, 28, '2021-01-31', 25000, 0, '2021-02-27 09:52:36'),
(32, 12, 26, '2021-01-31', 15000, 0, '2021-02-27 09:52:36'),
(33, 6, 27, '2021-01-31', 20000, 0, '2021-02-27 09:52:37'),
(34, 10, 18, '2021-01-31', 10000, 0, '2021-02-27 09:52:37'),
(35, 8, 25, '2021-01-31', 26000, 0, '2021-02-27 09:52:38'),
(36, 8, NULL, '2021-02-08', 5000, 0, '2021-02-27 09:58:48'),
(37, 8, NULL, '2021-02-09', 200, 0, '2021-02-27 09:59:05'),
(38, 8, NULL, '2021-02-11', 6000, 0, '2021-02-27 09:59:20'),
(39, 8, NULL, '2021-02-18', 5000, 0, '2021-02-27 09:59:36'),
(40, 7, 1, '2021-02-28', 18000, 0, '2021-02-27 10:08:04'),
(41, 5, 8, '2021-02-28', 18000, 0, '2021-02-27 10:08:04'),
(42, 14, 9, '2021-02-28', 6000, 0, '2021-02-27 10:08:05'),
(43, 11, 2, '2021-02-28', 17000, 0, '2021-02-27 10:08:05'),
(44, 13, 6, '2021-02-28', -2000, 0, '2021-02-27 10:08:05'),
(45, 2, 3, '2021-02-28', 30000, 0, '2021-02-27 10:08:05'),
(46, 15, 29, '2021-02-28', 15000, 0, '2021-02-27 10:08:05'),
(47, 9, 5, '2021-02-28', 25000, 0, '2021-02-27 10:08:05'),
(48, 1, 7, '2021-02-28', 30000, 0, '2021-02-27 10:08:05'),
(49, 4, 10, '2021-02-28', 24000, 0, '2021-02-27 10:08:05'),
(50, 3, 14, '2021-02-28', 19000, 0, '2021-02-27 10:08:05'),
(51, 12, 12, '2021-02-28', 15000, 0, '2021-02-27 10:08:06'),
(52, 6, 13, '2021-02-28', 20000, 0, '2021-02-27 10:08:06'),
(53, 10, 4, '2021-02-28', 10000, 0, '2021-02-27 10:08:06'),
(54, 8, 11, '2021-02-28', 9800, 0, '2021-02-27 10:08:06');

-- --------------------------------------------------------

--
-- Table structure for table `employee_salary`
--

CREATE TABLE `employee_salary` (
  `id` int(11) NOT NULL,
  `employee_id` int(11) NOT NULL,
  `date` date NOT NULL,
  `salary_rate` int(11) NOT NULL,
  `over_time_rate` int(11) NOT NULL,
  `calculated_salary` int(11) NOT NULL,
  `ts` timestamp NOT NULL DEFAULT current_timestamp()
) ENGINE=InnoDB DEFAULT CHARSET=latin1;

--
-- Dumping data for table `employee_salary`
--

INSERT INTO `employee_salary` (`id`, `employee_id`, `date`, `salary_rate`, `over_time_rate`, `calculated_salary`, `ts`) VALUES
(1, 7, '2021-02-28', 18000, 50, 18000, '2021-02-16 16:23:53'),
(2, 11, '2021-02-28', 18000, 0, 13800, '2021-02-16 16:23:53'),
(3, 2, '2021-02-28', 30000, 0, 0, '2021-02-16 16:23:54'),
(4, 10, '2021-02-28', 10000, 0, 0, '2021-02-16 16:23:54'),
(5, 9, '2021-02-28', 25000, 0, 0, '2021-02-16 16:23:55'),
(6, 13, '2021-02-28', 3000, 0, 0, '2021-02-16 16:23:56'),
(7, 1, '2021-02-28', 30000, 0, 0, '2021-02-16 16:23:56'),
(8, 5, '2021-02-28', 18000, 0, 13800, '2021-02-16 16:23:58'),
(9, 14, '2021-02-28', 10000, 0, 7667, '2021-02-16 16:23:58'),
(10, 4, '2021-02-28', 25000, 0, 0, '2021-02-16 16:23:59'),
(11, 8, '2021-02-28', 26000, 0, 24267, '2021-02-16 16:24:00'),
(12, 12, '2021-02-28', 15000, 0, 0, '2021-02-16 16:24:00'),
(13, 6, '2021-02-28', 20000, 0, 0, '2021-02-16 16:24:01'),
(14, 3, '2021-02-28', 25000, 0, 0, '2021-02-16 16:24:01'),
(15, 7, '2021-01-31', 18000, 0, 18000, '2021-02-16 16:32:47'),
(16, 11, '2021-01-31', 18000, 0, 18000, '2021-02-16 16:32:48'),
(17, 2, '2021-01-31', 30000, 0, 30000, '2021-02-16 16:32:49'),
(18, 10, '2021-01-31', 10000, 0, 10000, '2021-02-16 16:32:51'),
(19, 9, '2021-01-31', 25000, 0, 25000, '2021-02-16 16:32:53'),
(20, 13, '2021-01-31', 3000, 0, 3000, '2021-02-16 16:32:54'),
(21, 1, '2021-01-31', 30000, 0, 30000, '2021-02-16 16:32:55'),
(22, 5, '2021-01-31', 18000, 0, 18000, '2021-02-16 16:32:57'),
(23, 14, '2021-01-31', 10000, 0, 10000, '2021-02-16 16:32:58'),
(24, 4, '2021-01-31', 25000, 0, 25000, '2021-02-16 16:33:00'),
(25, 8, '2021-01-31', 26000, 0, 26000, '2021-02-16 16:33:01'),
(26, 12, '2021-01-31', 15000, 0, 15000, '2021-02-16 16:33:02'),
(27, 6, '2021-01-31', 20000, 0, 20000, '2021-02-16 16:33:04'),
(28, 3, '2021-01-31', 25000, 0, 25000, '2021-02-16 16:33:05'),
(29, 15, '2021-02-28', 15000, 0, 14000, '2021-02-27 09:35:50'),
(30, 15, '2021-01-31', 15000, 0, 15000, '2021-02-27 09:52:34');

-- --------------------------------------------------------

--
-- Table structure for table `expense`
--

CREATE TABLE `expense` (
  `id` int(11) NOT NULL,
  `datetime_added` datetime NOT NULL,
  `expense_category_id` varchar(100) NOT NULL,
  `account_id` int(11) NOT NULL,
  `details` varchar(1000) NOT NULL,
  `amount` decimal(10,2) NOT NULL,
  `added_by` int(11) NOT NULL,
  `status` int(1) NOT NULL DEFAULT 1,
  `ts` timestamp NOT NULL DEFAULT current_timestamp() ON UPDATE current_timestamp()
) ENGINE=InnoDB DEFAULT CHARSET=utf8mb4;

--
-- Dumping data for table `expense`
--

INSERT INTO `expense` (`id`, `datetime_added`, `expense_category_id`, `account_id`, `details`, `amount`, `added_by`, `status`, `ts`) VALUES
(2, '2021-02-11 01:59:00', '83', 20, '', '28802.00', 1, 1, '2021-02-16 21:01:43'),
(3, '2021-02-11 02:04:00', '123', 20, '', '25586.00', 1, 1, '2021-02-16 21:04:26'),
(4, '2021-02-11 02:04:00', '124', 20, '', '4025.00', 1, 1, '2021-02-16 21:04:48'),
(5, '2021-02-11 02:05:00', '125', 20, '', '133735.00', 1, 1, '2021-02-16 21:05:57'),
(6, '2021-02-11 02:06:00', '122', 20, '', '26181.00', 1, 1, '2021-02-16 21:06:42'),
(7, '2021-01-31 14:32:00', '42', 0, 'kashif daily wages', '8000.00', 1, 1, '2021-02-27 10:17:30'),
(8, '2021-01-31 15:16:00', '42', 0, 'ZAHID', '140000.00', 1, 1, '2021-02-27 10:17:00'),
(9, '2021-01-31 15:17:00', '42', 0, 'RAJO', '30000.00', 1, 1, '2021-02-27 10:17:55'),
(10, '2021-01-31 15:17:00', '42', 0, 'MUBEN', '10000.00', 1, 1, '2021-02-27 10:18:17'),
(11, '2021-01-31 15:18:00', '42', 0, 'ASGHAR', '33000.00', 1, 1, '2021-02-27 10:18:37'),
(12, '2021-01-31 15:18:00', '42', 0, 'SABIR', '71866.00', 1, 1, '2021-02-27 10:18:57'),
(13, '2021-01-31 15:19:00', '42', 0, 'AHSAN', '20000.00', 1, 1, '2021-02-27 10:19:16');

-- --------------------------------------------------------

--
-- Table structure for table `expense_category`
--

CREATE TABLE `expense_category` (
  `id` int(11) NOT NULL,
  `title` varchar(50) NOT NULL,
  `title_urdu` varchar(1000) CHARACTER SET utf8mb4 NOT NULL,
  `status` int(11) NOT NULL DEFAULT 1,
  `ts` timestamp NOT NULL DEFAULT current_timestamp() ON UPDATE current_timestamp()
) ENGINE=InnoDB DEFAULT CHARSET=latin1;

--
-- Dumping data for table `expense_category`
--

INSERT INTO `expense_category` (`id`, `title`, `title_urdu`, `status`, `ts`) VALUES
(19, 'OFFICE  STAFF SALARY', '', 1, '2020-02-24 16:14:12'),
(20, 'OVERTIME', 'OVERTIME', 1, '2021-01-19 16:39:09'),
(21, 'MISC EXPENSES ', '', 1, '2020-02-24 16:15:52'),
(22, 'WATER TANKER', '', 1, '2020-02-24 16:16:11'),
(23, 'DRINKING WATER', '', 1, '2020-02-24 16:16:24'),
(24, 'BAKRA CHARA', '', 1, '2020-02-24 16:16:36'),
(25, 'SEEYLANI CHARITY ', '', 1, '2020-02-24 16:17:35'),
(26, 'KASHIF(OWNER) DRAWING', '', 1, '2020-02-24 16:18:13'),
(38, 'HIRING LABOR FOR MALL KHULAI', '', 1, '2020-04-14 10:09:59'),
(39, 'TRANSPORT/TRAVEL', '', 1, '2020-04-18 11:20:06'),
(40, 'BANGLE PAYMENT', '', 1, '2020-04-21 09:43:12'),
(41, 'NADEM PLYDAR', '', 1, '2020-07-08 13:22:10'),
(42, 'ADVANCE', 'ایڈوانس', 1, '2021-02-27 09:31:52'),
(43, 'YUSUF FOR COUNTING', '', 1, '2020-07-07 09:53:56'),
(44, 'SUHAIL FOR COUNTING', '', 1, '2020-07-07 09:57:02'),
(45, 'SHAKIR FOR COUNTING', '', 1, '2020-07-07 09:57:31'),
(46, 'ASIF FOR COUNTING', '', 1, '2020-07-07 10:07:55'),
(47, 'IKRAM FOR COUNTING', '', 1, '2020-07-07 10:08:10'),
(48, 'RAFIQ PLYDAR', '', 1, '2020-07-08 13:22:22'),
(49, 'SABIR PLYDAR', '', 1, '2020-07-09 14:09:39'),
(50, 'JAVED  PLYDAR', '', 1, '2020-07-08 13:24:18'),
(51, 'NASIR PLYDAR', '', 1, '2020-07-08 13:24:33'),
(52, 'NABEL  PLYDAR', '', 1, '2020-07-08 13:25:13'),
(53, 'SHAHBAZ PLYDAR', '', 1, '2020-07-08 13:26:05'),
(54, 'JAVED  B  PLYDAR', '', 1, '2020-07-08 13:31:22'),
(55, 'AMIR PLYDAR', '', 1, '2020-07-08 13:32:41'),
(56, 'RIZWAN PLYDAR', '', 1, '2020-07-08 13:37:21'),
(57, 'AKRAM FOR COUNTING', '', 1, '2020-07-08 13:44:08'),
(58, 'ADIL PLYDAR', '', 1, '2020-07-09 13:58:53'),
(59, 'SAMAD PLYDAR', '', 1, '2020-07-09 14:52:44'),
(60, 'BALA PLYDAR', '', 1, '2020-07-09 14:59:38'),
(61, 'MOHAN  PLYDAR', '', 1, '2020-07-09 14:59:53'),
(62, 'SHANI PLYDAR', '', 1, '2020-07-09 15:00:32'),
(63, 'BHOLA PLYDAR', '', 1, '2020-07-09 15:00:58'),
(64, 'ISHTIYAQ PLYDAR', '', 1, '2020-07-09 15:01:15'),
(65, 'KHURSHED  PLYDAR', '', 1, '2020-07-09 15:01:30'),
(66, 'RIYAZ PLYDAR', '', 1, '2020-07-09 15:02:03'),
(67, 'SHAHZAIB  PLYDAR', '', 1, '2020-07-09 15:02:21'),
(68, 'RAOUF PLYDAR', '', 1, '2020-07-09 15:02:54'),
(69, 'KAMRAN B PLYDAR', '', 1, '2020-07-09 15:11:53'),
(70, 'SHAHID PLYDAR', '', 1, '2020-07-09 15:22:58'),
(71, 'MAKRANI MALL KHULAI', '', 1, '2020-07-09 15:29:29'),
(72, 'ZUBAIR PLYDAR', '', 1, '2020-07-09 15:41:52'),
(73, 'NADEM  MALL  KHULAI', '', 1, '2020-07-09 15:54:11'),
(74, 'RAFIQ B PLYDAR', '', 1, '2020-07-09 16:17:18'),
(75, 'SAQIB MALL KHULAI', '', 1, '2020-07-09 17:04:53'),
(76, 'ESSA MALL KHULAI', '', 1, '2020-07-09 17:05:06'),
(77, 'AJAZ MALL KHULAI', '', 1, '2020-07-12 15:56:16'),
(78, 'KASHIF MALL  KHULAI', '', 1, '2020-07-12 15:56:34'),
(79, 'WASEM MALL KHULAI', '', 1, '2020-07-12 15:56:54'),
(80, 'SAEED  MALL KHULAI', '', 1, '2020-07-12 15:57:24'),
(81, 'ADNAN MALL  KHULAI', '', 1, '2020-07-12 15:57:56'),
(82, 'INCENTIVE ', '', 1, '2020-07-13 08:46:07'),
(83, 'PLYDAR', 'پلے دار', 1, '2021-02-17 13:35:04'),
(84, 'TM', '', 1, '2020-07-28 19:33:05'),
(85, 'LABOR ADVANCE', '', 1, '2020-09-06 13:24:44'),
(86, 'REHAN', '', 1, '2020-09-06 13:28:43'),
(87, 'BABAR', '', 1, '2020-09-06 13:28:53'),
(88, 'SHAHID PLYDAR', '', 1, '2020-09-06 13:29:03'),
(89, 'RASHID', '', 1, '2020-09-06 14:08:49'),
(90, 'ASAD', '', 1, '2020-09-06 14:17:53'),
(91, 'GULAM HUSAIN', '', 1, '2020-09-06 14:29:52'),
(92, 'KASHIF', '', 1, '2020-09-06 14:39:35'),
(93, 'UMAIR BHAI', '', 1, '2020-09-07 06:41:09'),
(94, 'SAHIL', '', 1, '2020-09-07 06:43:01'),
(95, 'NOMAN', '', 1, '2020-09-07 06:43:07'),
(96, 'MOLANA REHAN', '', 1, '2020-09-07 06:43:16'),
(97, 'AFTAB', '', 1, '2020-09-07 06:43:27'),
(98, 'MAMO', '', 1, '2020-09-07 06:43:39'),
(99, 'SHAHZAIB', '', 1, '2020-09-07 06:43:46'),
(100, 'SHARJEL', '', 1, '2020-09-07 06:43:52'),
(101, 'AHTISHAM ALAM', '', 1, '2020-09-07 06:44:05'),
(102, 'SMALL SHAHZAIB', '', 1, '2020-09-07 06:44:26'),
(103, 'NADEM', '', 1, '2020-09-07 06:44:32'),
(104, 'TARIQ', '', 1, '2020-09-07 06:44:38'),
(105, 'ADNAN', '', 1, '2020-09-07 06:44:44'),
(106, 'ZOHAIB', '', 1, '2020-09-07 06:44:51'),
(107, 'BURHAN', '', 1, '2020-09-07 06:44:57'),
(108, 'ABID ', '', 1, '2020-09-07 06:45:10'),
(109, 'YOUSUF PLYDAR', '', 1, '2020-09-07 06:45:22'),
(110, 'IRFAN', '', 1, '2020-09-07 07:45:33'),
(111, 'RAHEL', '', 1, '2020-09-07 07:55:11'),
(112, 'WALI', '', 1, '2020-09-07 09:53:45'),
(113, 'AHSAN', '', 1, '2020-09-07 09:53:57'),
(114, 'AWAIS', '', 1, '2020-09-07 09:54:19'),
(115, 'JAVED', '', 1, '2020-09-07 09:54:28'),
(116, 'JAMEL', '', 1, '2020-09-07 09:54:39'),
(117, 'FAYSAL', '', 1, '2020-09-07 09:54:52'),
(118, 'SAJID', '', 1, '2020-09-07 09:58:09'),
(119, 'ARSHAD', '', 1, '2020-09-07 10:01:35'),
(120, 'OFFICE ADVANVE', '', 1, '2020-09-21 06:00:31'),
(121, 'PLYDAR', 'پلے دار', 1, '2021-02-16 20:59:40'),
(122, 'GHUCHAI', 'گھچئائی', 1, '2021-02-16 21:02:37'),
(123, 'SADA MALL KHULAI', 'سادھ مال کھلائی', 1, '2021-02-16 21:03:16'),
(124, 'STAFF OT', 'اسٹاف OT', 1, '2021-02-16 21:03:52'),
(125, 'LABOR OT', 'لیبر  OT', 1, '2021-02-16 21:05:21');

-- --------------------------------------------------------

--
-- Table structure for table `incoming`
--

CREATE TABLE `incoming` (
  `id` int(11) NOT NULL,
  `gatepass_id` varchar(20) NOT NULL,
  `date` date NOT NULL,
  `customer_id` int(11) NOT NULL,
  `labour_id` int(11) NOT NULL,
  `status` int(1) NOT NULL DEFAULT 1,
  `ts` timestamp NOT NULL DEFAULT current_timestamp() ON UPDATE current_timestamp()
) ENGINE=InnoDB DEFAULT CHARSET=latin1;

--
-- Dumping data for table `incoming`
--

INSERT INTO `incoming` (`id`, `gatepass_id`, `date`, `customer_id`, `labour_id`, `status`, `ts`) VALUES
(1, '1', '2021-01-20', 22, 0, 1, '2021-01-20 18:00:38'),
(2, '2', '2021-01-20', 45, 0, 1, '2021-01-20 18:01:44'),
(3, '3', '2021-01-20', 15, 0, 1, '2021-01-20 18:02:10'),
(4, '4', '2021-01-20', 15, 0, 1, '2021-01-20 18:02:37'),
(5, '5', '2021-01-20', 8, 0, 1, '2021-01-20 18:03:10'),
(6, '6', '2021-01-20', 3, 0, 1, '2021-01-20 18:10:04'),
(7, '7', '2021-01-20', 10, 0, 1, '2021-01-20 18:10:37'),
(8, '8', '2021-01-20', 10, 0, 1, '2021-01-20 18:11:55'),
(9, '9', '2021-01-20', 48, 0, 1, '2021-01-20 18:12:18'),
(10, '10', '2021-01-20', 82, 0, 1, '2021-01-20 18:15:22'),
(11, '11', '2021-01-20', 2, 0, 1, '2021-01-20 18:16:27'),
(12, '15', '2021-01-20', 9, 0, 1, '2021-01-20 18:17:49'),
(13, '16', '2021-01-20', 29, 0, 1, '2021-01-20 18:18:17'),
(14, '17', '2021-01-20', 2, 0, 1, '2021-01-20 18:18:43'),
(15, '18', '2021-01-20', 7, 0, 1, '2021-01-20 18:19:15'),
(16, '19', '2021-01-20', 14, 0, 1, '2021-01-20 18:19:49'),
(17, '20', '2021-01-20', 50, 0, 1, '2021-01-20 18:20:19'),
(18, '21', '2021-01-20', 25, 0, 1, '2021-01-20 18:20:44'),
(19, '22', '2021-01-20', 9, 0, 1, '2021-01-20 18:21:26'),
(20, '23', '2021-01-20', 29, 0, 1, '2021-01-20 18:22:50'),
(21, '24', '2021-01-20', 7, 0, 1, '2021-01-20 18:23:22'),
(22, '25', '2021-01-20', 30, 0, 1, '2021-01-20 18:24:09'),
(23, '26', '2021-01-20', 60, 0, 1, '2021-01-20 18:24:57'),
(24, '27', '2021-01-20', 83, 0, 1, '2021-01-20 18:26:39'),
(25, '28', '2021-01-20', 11, 0, 1, '2021-01-20 18:27:11'),
(26, '29', '2021-01-20', 47, 0, 1, '2021-01-20 18:27:38'),
(27, '30', '2021-01-20', 47, 0, 1, '2021-01-20 18:28:15'),
(28, '31', '2021-01-20', 9, 0, 1, '2021-01-20 18:28:42'),
(29, '32', '2021-01-20', 2, 0, 1, '2021-01-20 18:29:09'),
(30, '33', '2021-01-20', 11, 0, 1, '2021-01-20 18:29:42'),
(31, '34', '2021-01-20', 33, 0, 1, '2021-01-20 18:30:08'),
(32, '35', '2021-01-20', 33, 0, 1, '2021-01-20 18:30:40'),
(33, '36', '2021-01-20', 75, 0, 1, '2021-01-20 18:31:12'),
(34, '37', '2021-01-20', 14, 0, 1, '2021-01-20 18:31:45'),
(35, '38', '2021-01-20', 14, 0, 1, '2021-01-20 18:32:30'),
(36, '39', '2021-01-20', 4, 0, 1, '2021-01-20 18:33:21'),
(37, '40', '2021-01-20', 16, 0, 1, '2021-01-20 18:33:44'),
(38, '43', '2021-01-20', 10, 0, 1, '2021-01-20 18:35:26'),
(39, '44', '2021-01-20', 5, 0, 1, '2021-01-20 18:35:57'),
(40, '45', '2021-01-20', 3, 0, 1, '2021-01-20 18:36:24'),
(41, '46', '2021-01-20', 11, 0, 1, '2021-01-20 18:36:59'),
(42, '47', '2021-01-20', 24, 0, 1, '2021-01-20 18:38:32'),
(43, '48', '2021-01-20', 13, 0, 1, '2021-01-20 18:39:09'),
(44, '49', '2021-01-20', 16, 0, 1, '2021-01-20 18:40:44'),
(45, '50', '2021-01-20', 73, 0, 1, '2021-01-20 18:41:08'),
(46, '51', '2021-01-20', 60, 0, 1, '2021-01-20 18:41:36'),
(47, '52', '2021-01-20', 5, 0, 1, '2021-01-20 18:42:19'),
(48, '53', '2021-01-20', 84, 0, 1, '2021-01-20 18:43:57'),
(49, '55', '2021-01-20', 5, 0, 1, '2021-01-20 18:44:24'),
(50, '56', '2021-01-20', 47, 0, 1, '2021-01-20 18:45:18'),
(51, '57', '2021-01-20', 8, 0, 1, '2021-01-20 18:45:39'),
(52, '58', '2021-01-20', 84, 0, 1, '2021-01-20 18:46:29'),
(53, '60', '2021-01-20', 64, 0, 1, '2021-01-20 18:47:01'),
(54, '61', '2021-01-20', 2, 0, 1, '2021-01-20 18:47:32'),
(55, '62', '2021-01-20', 33, 0, 1, '2021-01-20 18:48:33'),
(56, '64', '2021-01-20', 33, 0, 1, '2021-01-20 18:49:07'),
(57, '65', '2021-01-20', 60, 0, 1, '2021-01-20 18:49:38'),
(58, '66', '2021-01-20', 48, 0, 1, '2021-01-20 18:53:53'),
(59, '67', '2021-01-20', 19, 0, 1, '2021-01-20 18:54:17'),
(60, '68', '2021-01-20', 38, 0, 1, '2021-01-20 18:54:47'),
(61, '69', '2021-01-20', 9, 0, 1, '2021-01-20 18:55:32'),
(62, '71', '2021-01-20', 73, 0, 1, '2021-01-20 18:55:59'),
(63, '72', '2021-01-20', 36, 0, 1, '2021-01-20 18:56:28'),
(64, '74', '2021-01-20', 47, 0, 1, '2021-01-20 18:56:59'),
(65, '75', '2021-01-20', 2, 0, 1, '2021-01-20 18:57:23'),
(66, '76', '2021-01-20', 5, 0, 1, '2021-01-20 18:57:49'),
(67, '77', '2021-01-20', 37, 0, 1, '2021-01-20 06:06:36'),
(68, '78', '2021-01-20', 36, 0, 1, '2021-01-20 06:07:25'),
(69, '80', '2021-01-20', 2, 0, 1, '2021-01-20 16:39:07'),
(70, '79', '2021-01-20', 2, 0, 1, '2021-01-20 16:40:06'),
(71, '81', '2021-01-20', 7, 0, 1, '2021-01-20 16:40:37'),
(72, '82', '2021-01-20', 5, 0, 1, '2021-01-20 16:41:04'),
(73, '83', '2021-01-20', 69, 0, 1, '2021-01-20 16:41:28'),
(74, '84', '2021-01-20', 3, 0, 1, '2021-01-20 16:41:48'),
(75, '85', '2021-01-20', 6, 0, 1, '2021-01-20 16:42:44'),
(76, '86', '2021-01-20', 28, 0, 1, '2021-01-20 16:43:06'),
(77, '87', '2021-01-20', 31, 0, 1, '2021-01-20 16:43:59'),
(78, '88', '2021-01-20', 31, 0, 1, '2021-01-20 16:45:36'),
(79, '92', '2021-01-20', 18, 0, 1, '2021-01-20 16:46:03'),
(80, '93', '2021-01-20', 30, 0, 1, '2021-01-20 16:46:37'),
(81, '94', '2021-01-20', 7, 0, 1, '2021-01-20 16:46:55'),
(82, '95', '2021-01-20', 11, 0, 1, '2021-01-20 16:47:17'),
(83, '96', '2021-01-20', 65, 0, 1, '2021-01-20 16:48:20'),
(84, '97', '2021-01-20', 3, 0, 1, '2021-01-20 16:48:38'),
(85, '98', '2021-01-20', 30, 0, 1, '2021-01-20 16:49:21'),
(86, '99', '2021-01-20', 9, 0, 1, '2021-01-20 16:50:07'),
(87, '100', '2021-01-20', 30, 0, 1, '2021-01-20 16:50:39'),
(88, '101', '2021-01-20', 46, 0, 1, '2021-01-20 16:51:00'),
(89, '102', '2021-01-20', 3, 0, 1, '2021-01-20 16:51:22'),
(90, '103', '2021-01-20', 38, 0, 1, '2021-01-20 16:52:06'),
(91, '104', '2021-01-20', 6, 0, 1, '2021-01-20 16:53:41'),
(92, '105', '2021-01-20', 11, 0, 1, '2021-01-20 16:54:07'),
(93, '106', '2021-01-20', 2, 0, 1, '2021-01-20 16:58:41'),
(94, '107', '2021-01-20', 75, 0, 1, '2021-01-20 17:00:13'),
(95, '108', '2021-01-20', 16, 0, 1, '2021-01-20 17:00:37'),
(96, '109', '2021-01-20', 2, 0, 1, '2021-01-20 17:01:18'),
(97, '110', '2021-01-20', 6, 0, 1, '2021-01-20 17:02:00'),
(98, '111', '2021-01-20', 9, 0, 1, '2021-01-20 17:02:53'),
(99, '112', '2021-01-20', 11, 0, 1, '2021-01-20 17:03:33'),
(100, '114', '2021-01-20', 71, 0, 1, '2021-01-20 17:04:19'),
(101, '115', '2021-01-20', 5, 0, 1, '2021-01-20 17:04:49'),
(102, '116', '2021-01-20', 13, 0, 1, '2021-01-20 17:05:30'),
(103, '23', '2021-01-20', 29, 0, 1, '2021-01-21 19:22:43'),
(104, '42', '2021-01-20', 11, 0, 1, '2021-01-21 19:26:13'),
(105, '42', '2021-01-20', 11, 0, 1, '2021-01-21 19:26:58'),
(106, '96', '2021-01-20', 10, 0, 1, '2021-01-21 19:27:59'),
(107, '4401', '2021-01-28', 5, 0, 1, '2021-01-28 07:37:25'),
(108, '4402', '2021-01-28', 32, 0, 1, '2021-01-28 07:37:50'),
(109, '4403', '2021-01-28', 47, 0, 1, '2021-01-28 07:38:30'),
(110, '4391', '2021-01-28', 67, 0, 1, '2021-01-28 07:39:10'),
(111, '4392', '2021-01-28', 10, 0, 1, '2021-01-28 07:40:14'),
(112, '4393', '2021-01-28', 117, 0, 1, '2021-01-28 07:40:38'),
(113, '4394', '2021-01-28', 61, 0, 1, '2021-01-28 07:40:58'),
(114, '4395', '2021-01-28', 38, 0, 1, '2021-01-28 07:41:37'),
(115, '4396', '2021-01-28', 4, 0, 1, '2021-01-28 07:42:19'),
(116, '4397', '2021-01-28', 19, 0, 1, '2021-01-28 07:43:12'),
(117, '4398', '2021-01-28', 2, 0, 1, '2021-01-28 07:43:44'),
(118, '4399', '2021-01-28', 9, 0, 1, '2021-01-28 07:44:15'),
(119, '4400', '2021-01-28', 11, 0, 1, '2021-01-28 07:44:50'),
(120, '4404', '2021-01-30', 43, 0, 1, '2021-01-30 10:26:28'),
(121, '4405', '2021-01-30', 11, 0, 1, '2021-01-30 10:28:12'),
(122, '4406', '2021-01-30', 30, 0, 1, '2021-01-30 10:28:41'),
(123, '4407', '2021-01-30', 116, 0, 1, '2021-01-30 10:29:40'),
(124, '4408', '2021-01-30', 119, 0, 1, '2021-01-30 10:30:08'),
(125, '4409', '2021-01-30', 5, 0, 1, '2021-01-30 10:30:29'),
(126, '4410', '2021-01-30', 2, 0, 1, '2021-01-30 10:30:52'),
(127, '4411', '2021-01-30', 13, 0, 1, '2021-01-30 10:31:25'),
(128, '4412', '2021-01-30', 9, 0, 1, '2021-01-30 10:32:01'),
(129, '4413', '2021-01-30', 113, 0, 1, '2021-01-30 10:32:30'),
(130, '4414', '2021-01-30', 120, 0, 1, '2021-01-30 10:33:15'),
(131, '4415', '2021-01-30', 84, 0, 1, '2021-01-30 10:34:03'),
(132, '4416', '2021-01-30', 36, 0, 1, '2021-01-30 10:34:27'),
(133, '4417', '2021-01-30', 32, 0, 1, '2021-01-30 10:34:49'),
(134, '4418', '2021-01-31', 49, 0, 1, '2021-01-31 07:52:01'),
(135, '4419', '2021-01-31', 7, 0, 1, '2021-01-31 07:52:21'),
(136, '4420', '2021-01-31', 64, 0, 1, '2021-01-31 07:52:41'),
(137, '4421', '2021-01-31', 11, 0, 1, '2021-01-31 07:53:22'),
(138, '4422', '2021-01-31', 3, 0, 1, '2021-01-31 07:54:24'),
(139, '4423', '2021-01-31', 84, 0, 1, '2021-01-31 07:55:26'),
(140, '4424', '2021-01-31', 123, 0, 1, '2021-01-31 07:56:05'),
(141, '4425', '2021-01-31', 10, 0, 1, '2021-01-31 07:56:27'),
(142, '4426', '2021-01-31', 4, 0, 1, '2021-01-31 07:57:46'),
(143, '4427', '2021-01-31', 5, 0, 1, '2021-01-31 07:58:34'),
(144, '4428', '2021-01-31', 119, 0, 1, '2021-01-31 07:58:55'),
(145, '4429', '2021-01-31', 48, 0, 1, '2021-01-31 07:59:18'),
(146, '4430', '2021-01-31', 34, 0, 1, '2021-01-31 07:59:39'),
(147, '4431', '2021-01-31', 75, 0, 1, '2021-01-31 08:00:01'),
(148, '4432', '2021-01-31', 37, 0, 1, '2021-01-31 08:00:27'),
(149, '4433', '2021-01-31', 46, 0, 1, '2021-01-31 08:00:50'),
(150, '4434', '2021-01-31', 11, 0, 1, '2021-01-31 08:01:11'),
(151, '4436', '2021-02-01', 118, 0, 1, '2021-02-08 07:46:22'),
(152, '4437', '2021-02-01', 4, 0, 1, '2021-02-08 07:48:04'),
(153, '4438', '2021-02-01', 67, 0, 1, '2021-02-08 07:48:40'),
(154, '4439', '2021-02-01', 119, 0, 1, '2021-02-08 07:49:11'),
(155, '4440', '2021-02-01', 84, 0, 1, '2021-02-08 07:51:19'),
(156, '4441', '2021-02-01', 10, 0, 1, '2021-02-08 07:52:18'),
(157, '4442', '2021-02-01', 33, 0, 1, '2021-02-08 07:54:46'),
(158, '4443', '2021-02-01', 41, 0, 1, '2021-02-08 07:55:33'),
(159, '4444', '2021-02-01', 8, 0, 1, '2021-02-08 07:55:55'),
(160, '4445', '2021-02-01', 1, 0, 1, '2021-02-08 07:56:28'),
(161, '4446', '2021-02-01', 16, 0, 1, '2021-02-08 07:56:49'),
(162, '4447', '2021-02-01', 11, 0, 1, '2021-02-08 07:58:15'),
(163, '4448', '2021-02-01', 38, 0, 1, '2021-02-08 07:58:39'),
(164, '4449', '2021-02-01', 2, 0, 1, '2021-02-08 07:59:05'),
(165, '4450', '2021-02-01', 7, 0, 1, '2021-02-08 07:59:30'),
(166, '4451', '2021-02-01', 30, 0, 1, '2021-02-08 08:00:01'),
(167, '4452', '2021-02-01', 5, 0, 1, '2021-02-08 08:00:36'),
(168, '4453', '2021-02-02', 35, 0, 1, '2021-02-08 11:18:20'),
(169, '4454', '2021-02-02', 4, 0, 1, '2021-02-08 11:21:21'),
(170, '4455', '2021-02-02', 19, 0, 1, '2021-02-08 11:21:41'),
(171, '4456', '2021-02-02', 24, 0, 1, '2021-02-08 11:22:19'),
(172, '4457', '2021-02-02', 11, 0, 1, '2021-02-08 11:23:45'),
(173, '4458', '2021-02-02', 25, 0, 1, '2021-02-08 11:24:18'),
(174, '4459', '2021-02-02', 8, 0, 1, '2021-02-08 11:25:02'),
(175, '4460', '2021-02-02', 6, 0, 1, '2021-02-08 11:25:26'),
(176, '4461', '2021-02-02', 33, 0, 1, '2021-02-08 11:25:52'),
(177, '4462', '2021-02-02', 2, 0, 1, '2021-02-08 11:26:20'),
(178, '4463', '2021-02-02', 5, 0, 1, '2021-02-08 11:27:05'),
(179, '4464', '2021-02-02', 119, 0, 1, '2021-02-08 11:27:35'),
(180, '4465', '2021-02-03', 30, 0, 1, '2021-02-08 11:28:26'),
(181, '4466', '2021-02-03', 4, 0, 1, '2021-02-08 11:29:03'),
(182, '4467', '2021-02-03', 19, 0, 1, '2021-02-08 11:29:44'),
(183, '4468', '2021-02-03', 11, 0, 1, '2021-02-08 11:30:59'),
(184, '4469', '2021-02-03', 24, 0, 1, '2021-02-08 11:31:28'),
(185, '4470', '2021-02-03', 73, 0, 1, '2021-02-08 11:31:50'),
(186, '4471', '2021-02-03', 9, 0, 1, '2021-02-08 11:32:17'),
(187, '4472', '2021-02-03', 5, 0, 1, '2021-02-08 11:32:40'),
(188, '4473', '2021-02-03', 33, 0, 1, '2021-02-08 11:33:08'),
(189, '4474', '2021-02-03', 75, 0, 1, '2021-02-08 11:33:39'),
(190, '4475', '2021-02-03', 45, 0, 1, '2021-02-08 11:34:05'),
(191, '4476', '2021-02-03', 49, 0, 1, '2021-02-08 11:34:58'),
(192, '4477', '2021-02-03', 116, 0, 1, '2021-02-08 11:35:24'),
(193, '4478', '2021-02-03', 41, 0, 1, '2021-02-08 11:36:00'),
(194, '4479', '2021-02-04', 49, 0, 1, '2021-02-08 11:37:28'),
(195, '4480', '2021-02-04', 5, 0, 1, '2021-02-08 11:38:22'),
(196, '4481', '2021-02-04', 38, 0, 1, '2021-02-08 11:38:49'),
(197, '4482', '2021-02-04', 37, 0, 1, '2021-02-08 11:39:13'),
(198, '4483', '2021-02-04', 4, 0, 1, '2021-02-08 11:39:40'),
(199, '4484', '2021-02-04', 104, 0, 1, '2021-02-08 11:40:13'),
(200, '4485', '2021-02-04', 72, 0, 1, '2021-02-08 11:40:45'),
(201, '4486', '2021-02-04', 118, 0, 1, '2021-02-08 11:41:48'),
(202, '4487', '2021-02-04', 11, 0, 1, '2021-02-08 11:42:13'),
(203, '4488', '2021-02-04', 64, 0, 1, '2021-02-08 11:43:34'),
(204, '4489', '2021-02-04', 36, 0, 1, '2021-02-08 11:44:11'),
(205, '4490', '2021-02-04', 115, 0, 1, '2021-02-08 11:44:46'),
(206, '4491', '2021-02-06', 14, 0, 1, '2021-02-08 11:46:09'),
(207, '4492', '2021-02-06', 3, 0, 1, '2021-02-08 12:15:13'),
(208, '4493', '2021-02-06', 11, 0, 1, '2021-02-08 12:16:13'),
(209, '4494', '2021-02-06', 62, 0, 1, '2021-02-08 12:16:56'),
(210, '4495', '2021-02-06', 7, 0, 1, '2021-02-08 12:17:19'),
(211, '4496', '2021-02-06', 4, 0, 1, '2021-02-08 12:17:45'),
(212, '4497', '2021-02-06', 19, 0, 1, '2021-02-08 12:18:09'),
(213, '4498', '2021-02-06', 118, 0, 1, '2021-02-08 12:18:34'),
(214, '4499', '2021-02-06', 10, 0, 1, '2021-02-08 12:19:09'),
(215, '4500', '2021-02-06', 47, 0, 1, '2021-02-08 12:19:52'),
(216, 'XXXX', '2021-02-06', 5, 0, 1, '2021-02-08 12:55:43'),
(217, 'XXXX', '2021-02-06', 119, 0, 1, '2021-02-08 12:56:38'),
(218, 'x', '2021-02-07', 73, 0, 1, '2021-02-08 13:26:26'),
(219, 'x', '2021-02-07', 4, 0, 1, '2021-02-08 13:27:05'),
(220, 'x', '2021-02-07', 36, 0, 1, '2021-02-08 13:27:34'),
(221, 'x', '2021-02-07', 4, 0, 1, '2021-02-08 13:28:12'),
(223, '4468', '2021-02-03', 33, 0, 1, '2021-02-17 14:38:10'),
(224, '95', '2021-02-21', 9, 0, 1, '2021-02-22 05:55:51'),
(225, '96', '2021-02-21', 4, 0, 1, '2021-02-22 05:56:23'),
(226, '97', '2021-02-21', 49, 0, 1, '2021-02-22 05:56:50'),
(227, '98', '2021-02-21', 46, 0, 1, '2021-02-22 05:57:28'),
(228, '99', '2021-02-21', 7, 0, 1, '2021-02-22 05:57:54'),
(229, '100', '2021-02-21', 9, 0, 1, '2021-02-22 05:58:34'),
(230, '101', '2021-02-21', 120, 0, 1, '2021-02-22 05:59:28'),
(231, '102', '2021-02-21', 2, 0, 1, '2021-02-22 05:59:53'),
(232, '103', '2021-02-21', 70, 0, 1, '2021-02-22 16:51:29'),
(233, '104', '2021-02-21', 37, 0, 1, '2021-02-22 16:51:53'),
(234, '105', '2021-02-21', 32, 0, 1, '2021-02-22 16:52:29'),
(235, '106', '2021-02-22', 37, 0, 1, '2021-02-22 16:52:49'),
(236, '107', '2021-02-22', 4, 0, 1, '2021-02-22 16:53:12'),
(237, '108', '2021-02-22', 11, 0, 1, '2021-02-22 16:54:00'),
(238, '109', '2021-02-22', 5, 0, 1, '2021-02-22 16:54:21'),
(239, '110', '2021-02-22', 9, 0, 1, '2021-02-22 16:55:22'),
(240, '111', '2021-02-22', 38, 0, 1, '2021-02-22 16:55:43'),
(241, '112', '2021-02-22', 14, 0, 1, '2021-02-22 16:56:14'),
(242, '113', '2021-02-22', 132, 0, 1, '2021-02-22 16:56:49'),
(243, '114', '2021-02-22', 8, 0, 1, '2021-02-24 07:25:39'),
(244, '115', '2021-02-22', 16, 0, 1, '2021-02-22 16:57:31'),
(245, '116', '2021-02-22', 133, 0, 1, '2021-02-22 16:58:16'),
(246, '117', '2021-02-22', 75, 0, 1, '2021-02-22 16:58:57'),
(247, '118', '2021-02-22', 121, 0, 1, '2021-02-22 16:59:56'),
(248, '119', '2021-02-22', 2, 0, 1, '2021-02-22 17:00:35'),
(249, '120', '2021-02-22', 47, 0, 1, '2021-02-22 17:01:01'),
(250, '121', '2021-02-22', 24, 0, 1, '2021-02-24 07:26:32'),
(251, '122', '2021-02-22', 5, 0, 1, '2021-02-24 07:26:57'),
(252, '123', '2021-02-23', 9, 0, 1, '2021-02-24 07:28:12'),
(253, '124', '2021-02-23', 118, 0, 1, '2021-02-24 07:29:40'),
(254, '125', '2021-02-23', 4, 0, 1, '2021-02-24 07:30:13'),
(255, '126', '2021-02-23', 5, 0, 1, '2021-02-24 07:30:58'),
(256, '127', '2021-02-23', 47, 0, 1, '2021-02-24 07:31:27'),
(257, '128', '2021-02-23', 7, 0, 1, '2021-02-24 07:31:50'),
(258, '129', '2021-02-23', 116, 0, 1, '2021-02-24 07:32:13'),
(259, '130', '2021-02-23', 71, 0, 1, '2021-02-24 07:32:58'),
(260, '131', '2021-02-23', 32, 0, 1, '2021-02-24 07:33:33'),
(261, '132', '2021-02-23', 6, 0, 1, '2021-02-24 07:34:03'),
(262, '133', '2021-02-23', 3, 0, 1, '2021-02-24 07:34:41'),
(263, '134', '2021-02-23', 2, 0, 1, '2021-02-24 07:35:19'),
(264, '135', '2021-02-23', 33, 0, 1, '2021-02-24 07:35:43'),
(265, '136', '2021-02-23', 11, 0, 1, '2021-02-24 07:36:35'),
(266, '137', '2021-02-23', 83, 0, 1, '2021-02-24 07:37:01'),
(267, '138', '2021-02-23', 16, 0, 1, '2021-02-24 07:56:56'),
(268, '141', '2021-02-24', 7, 0, 1, '2021-02-25 09:31:47'),
(269, '142', '2021-02-24', 46, 0, 1, '2021-02-25 09:35:14'),
(270, '143', '2021-02-24', 24, 0, 1, '2021-02-25 09:35:48'),
(271, '144', '2021-02-24', 84, 0, 1, '2021-02-25 09:36:12'),
(272, '145', '2021-02-24', 34, 0, 1, '2021-02-25 09:36:40'),
(273, '146', '2021-02-24', 5, 0, 1, '2021-02-25 09:37:21'),
(274, '147', '2021-02-24', 11, 0, 1, '2021-02-25 09:38:18'),
(275, '148', '2021-02-24', 22, 0, 1, '2021-02-25 09:39:01'),
(276, '149', '2021-02-24', 128, 0, 1, '2021-02-25 09:39:42'),
(277, '150', '2021-02-24', 104, 0, 1, '2021-02-25 09:40:11'),
(278, '151', '2021-02-24', 9, 0, 1, '2021-02-25 09:40:37'),
(279, '79', '2021-02-20', 4, 0, 1, '2021-02-25 11:05:08'),
(280, '80', '2021-02-20', 15, 0, 1, '2021-02-25 11:05:32'),
(281, '81', '2021-02-20', 60, 0, 1, '2021-02-25 11:06:13'),
(282, '82', '2021-02-20', 46, 0, 1, '2021-02-25 11:06:34'),
(283, '83', '2021-02-20', 38, 0, 1, '2021-02-25 11:07:18'),
(284, '84', '2021-02-20', 33, 0, 1, '2021-02-25 11:07:41'),
(285, '85', '2021-02-20', 37, 0, 1, '2021-02-25 11:08:54'),
(286, '86', '2021-02-20', 3, 0, 1, '2021-02-25 11:09:41'),
(287, '87', '2021-02-20', 8, 0, 1, '2021-02-25 11:10:47'),
(288, '88', '2021-02-20', 116, 0, 1, '2021-02-25 11:11:23'),
(289, '89', '2021-02-20', 14, 0, 1, '2021-02-25 11:11:49'),
(290, '90', '2021-02-20', 32, 0, 1, '2021-02-25 11:12:14'),
(291, '91', '2021-02-20', 75, 0, 1, '2021-02-25 11:12:48'),
(292, '92', '2021-02-20', 46, 0, 1, '2021-02-25 11:13:11'),
(293, '93', '2021-02-20', 37, 0, 1, '2021-02-25 11:13:48'),
(294, '94', '2021-02-20', 32, 0, 1, '2021-02-25 11:14:21'),
(295, '152', '2021-02-25', 75, 0, 1, '2021-02-27 08:04:03'),
(296, '153', '2021-02-25', 60, 0, 1, '2021-02-27 08:04:55'),
(297, '154', '2021-02-25', 84, 0, 1, '2021-02-27 08:05:18'),
(298, '155', '2021-02-25', 3, 0, 1, '2021-02-27 08:05:57'),
(299, '156', '2021-02-25', 19, 0, 1, '2021-02-27 08:06:19'),
(300, '157', '2021-02-25', 64, 0, 1, '2021-02-27 08:06:52'),
(301, '158', '2021-02-25', 9, 0, 1, '2021-02-27 08:07:18'),
(302, '159', '2021-02-25', 128, 0, 1, '2021-02-27 08:07:43'),
(303, '160', '2021-02-25', 11, 0, 1, '2021-02-27 08:08:18'),
(304, '161', '2021-02-25', 16, 0, 1, '2021-02-27 08:08:38'),
(305, '162', '2021-02-25', 34, 0, 1, '2021-02-27 08:09:13'),
(306, '163', '2021-02-25', 7, 0, 1, '2021-02-27 08:09:47'),
(307, '164', '2021-02-25', 13, 0, 1, '2021-02-27 08:10:09'),
(308, '165', '2021-02-25', 118, 0, 1, '2021-02-27 08:10:43'),
(309, '166', '2021-02-25', 30, 0, 1, '2021-02-27 08:11:13'),
(310, '167', '2021-02-25', 1, 0, 1, '2021-02-27 08:11:34'),
(311, '168', '2021-02-25', 5, 0, 1, '2021-02-27 08:12:13'),
(312, '169', '2021-02-25', 2, 0, 1, '2021-02-27 08:12:40'),
(313, '170', '2021-02-25', 33, 0, 1, '2021-02-27 08:13:21'),
(314, '171', '2021-02-25', 45, 0, 1, '2021-02-27 08:13:57');

-- --------------------------------------------------------

--
-- Table structure for table `incoming_items`
--

CREATE TABLE `incoming_items` (
  `id` int(11) NOT NULL,
  `incoming_id` int(11) NOT NULL,
  `machine_id` int(11) NOT NULL,
  `color_id` int(11) NOT NULL,
  `size_id` int(11) NOT NULL,
  `design_id` int(11) NOT NULL,
  `quantity` int(11) NOT NULL,
  `ts` timestamp NOT NULL DEFAULT current_timestamp() ON UPDATE current_timestamp()
) ENGINE=InnoDB DEFAULT CHARSET=latin1;

--
-- Dumping data for table `incoming_items`
--

INSERT INTO `incoming_items` (`id`, `incoming_id`, `machine_id`, `color_id`, `size_id`, `design_id`, `quantity`, `ts`) VALUES
(1, 1, 0, 13, 11, 158, 300, '2021-01-20 18:00:38'),
(2, 2, 0, 13, 11, 155, 350, '2021-01-20 18:01:44'),
(3, 3, 0, 13, 11, 160, 750, '2021-01-20 18:02:10'),
(4, 4, 0, 13, 5, 161, 50, '2021-01-20 18:02:37'),
(5, 5, 0, 13, 4, 161, 200, '2021-01-20 18:03:10'),
(6, 6, 0, 13, 4, 162, 450, '2021-01-20 18:10:04'),
(7, 7, 0, 13, 11, 163, 240, '2021-01-20 18:10:37'),
(8, 8, 0, 13, 11, 164, 300, '2021-01-20 18:11:55'),
(9, 9, 0, 13, 11, 165, 300, '2021-01-20 18:12:19'),
(10, 10, 0, 13, 11, 161, 560, '2021-01-20 18:15:22'),
(11, 11, 0, 13, 4, 166, 32, '2021-01-20 18:16:27'),
(12, 11, 0, 13, 4, 161, 163, '2021-01-20 18:16:28'),
(13, 11, 0, 13, 11, 155, 700, '2021-01-20 18:16:28'),
(14, 12, 0, 13, 11, 167, 550, '2021-01-20 18:17:49'),
(15, 13, 0, 13, 11, 168, 277, '2021-01-20 18:18:17'),
(16, 14, 0, 13, 11, 169, 200, '2021-01-20 18:18:43'),
(17, 15, 0, 13, 11, 170, 200, '2021-01-20 18:19:15'),
(18, 16, 0, 13, 11, 155, 270, '2021-01-20 18:19:49'),
(19, 17, 0, 13, 4, 166, 100, '2021-01-20 18:20:19'),
(20, 17, 0, 13, 11, 166, 100, '2021-01-20 18:20:19'),
(21, 18, 0, 13, 11, 161, 650, '2021-01-20 18:20:44'),
(22, 19, 0, 13, 12, 171, 440, '2021-01-20 18:21:26'),
(23, 20, 0, 13, 11, 168, 310, '2021-01-20 18:22:50'),
(24, 21, 0, 13, 11, 172, 350, '2021-01-20 18:23:22'),
(25, 22, 0, 13, 11, 173, 865, '2021-01-20 18:24:09'),
(26, 23, 0, 13, 4, 161, 51, '2021-01-20 18:24:57'),
(27, 23, 0, 13, 4, 181, 49, '2021-01-20 18:24:57'),
(28, 24, 0, 13, 5, 155, 600, '2021-01-20 18:26:39'),
(29, 24, 0, 13, 11, 155, 500, '2021-01-20 18:26:39'),
(30, 25, 0, 13, 11, 174, 600, '2021-01-20 18:27:11'),
(31, 26, 0, 13, 11, 167, 300, '2021-01-20 18:27:39'),
(32, 27, 0, 13, 4, 161, 100, '2021-01-20 18:28:15'),
(33, 28, 0, 13, 11, 175, 150, '2021-01-20 18:28:42'),
(34, 29, 0, 13, 11, 160, 310, '2021-01-20 18:29:09'),
(35, 30, 0, 13, 11, 176, 600, '2021-01-20 18:29:42'),
(36, 31, 0, 13, 11, 161, 400, '2021-01-20 18:30:08'),
(37, 32, 0, 13, 11, 155, 400, '2021-01-20 18:30:40'),
(38, 33, 0, 13, 4, 164, 50, '2021-01-20 18:31:12'),
(39, 33, 0, 13, 11, 164, 500, '2021-01-20 18:31:13'),
(40, 34, 0, 13, 11, 177, 210, '2021-01-20 18:31:45'),
(41, 35, 0, 13, 4, 161, 50, '2021-01-20 18:32:30'),
(42, 35, 0, 13, 4, 155, 100, '2021-01-20 18:32:30'),
(43, 36, 0, 13, 11, 178, 831, '2021-01-20 18:33:21'),
(44, 37, 0, 13, 11, 161, 200, '2021-01-20 18:33:44'),
(45, 38, 0, 13, 11, 155, 300, '2021-01-20 18:35:26'),
(46, 39, 0, 13, 4, 182, 265, '2021-01-20 18:35:57'),
(47, 40, 0, 13, 4, 175, 370, '2021-01-20 18:36:24'),
(48, 41, 0, 13, 11, 155, 600, '2021-01-20 18:37:00'),
(49, 42, 0, 13, 11, 155, 206, '2021-01-20 18:38:32'),
(50, 43, 0, 13, 5, 158, 100, '2021-01-20 18:39:09'),
(51, 43, 0, 13, 12, 158, 300, '2021-01-20 18:39:09'),
(52, 44, 0, 13, 11, 161, 300, '2021-01-20 18:40:44'),
(53, 45, 0, 13, 11, 160, 300, '2021-01-20 18:41:08'),
(54, 46, 0, 13, 4, 161, 100, '2021-01-20 18:41:36'),
(55, 47, 0, 13, 4, 179, 100, '2021-01-20 18:42:19'),
(56, 47, 0, 13, 4, 163, 50, '2021-01-20 18:42:19'),
(57, 48, 0, 13, 4, 161, 100, '2021-01-20 18:43:58'),
(58, 48, 0, 13, 4, 155, 40, '2021-01-20 18:43:58'),
(59, 48, 0, 13, 11, 155, 120, '2021-01-20 18:43:58'),
(60, 48, 0, 13, 4, 185, 150, '2021-01-20 18:43:58'),
(61, 49, 0, 13, 11, 160, 600, '2021-01-20 18:44:24'),
(62, 50, 0, 13, 11, 163, 200, '2021-01-20 18:45:19'),
(63, 51, 0, 13, 11, 180, 72, '2021-01-20 18:45:39'),
(64, 52, 0, 13, 12, 161, 220, '2021-01-20 18:46:29'),
(65, 52, 0, 13, 12, 181, 220, '2021-01-20 18:46:29'),
(66, 53, 0, 13, 4, 155, 50, '2021-01-20 18:47:02'),
(67, 53, 0, 13, 12, 155, 400, '2021-01-20 18:47:02'),
(68, 54, 0, 13, 11, 161, 300, '2021-01-20 18:47:32'),
(69, 55, 0, 13, 5, 182, 75, '2021-01-20 18:48:33'),
(70, 55, 0, 13, 5, 160, 75, '2021-01-20 18:48:33'),
(71, 56, 0, 13, 11, 170, 78, '2021-01-20 18:49:07'),
(72, 57, 0, 13, 12, 163, 100, '2021-01-20 18:49:38'),
(73, 58, 0, 13, 11, 180, 74, '2021-01-20 18:53:53'),
(74, 59, 0, 13, 11, 180, 71, '2021-01-20 18:54:17'),
(75, 60, 0, 13, 12, 155, 300, '2021-01-20 18:54:47'),
(76, 61, 0, 13, 11, 181, 320, '2021-01-20 18:55:32'),
(77, 61, 0, 13, 11, 166, 300, '2021-01-20 18:55:33'),
(78, 62, 0, 13, 4, 155, 100, '2021-01-20 18:55:59'),
(79, 63, 0, 13, 4, 181, 100, '2021-01-20 18:56:28'),
(80, 64, 0, 13, 11, 167, 250, '2021-01-20 18:56:59'),
(81, 65, 0, 13, 11, 164, 300, '2021-01-20 18:57:23'),
(82, 66, 0, 13, 12, 155, 400, '2021-01-20 18:57:49'),
(83, 67, 0, 13, 4, 175, 200, '2021-01-20 06:06:36'),
(84, 68, 0, 13, 11, 161, 400, '2021-01-20 06:07:25'),
(85, 69, 0, 13, 4, 167, 225, '2021-01-20 16:39:07'),
(86, 69, 0, 13, 11, 167, 300, '2021-01-20 16:39:07'),
(87, 70, 0, 13, 4, 161, 175, '2021-01-20 16:40:06'),
(88, 71, 0, 13, 4, 154, 200, '2021-01-20 16:40:38'),
(89, 72, 0, 13, 11, 154, 210, '2021-01-20 16:41:04'),
(90, 73, 0, 13, 11, 155, 570, '2021-01-20 16:41:28'),
(91, 74, 0, 13, 4, 161, 200, '2021-01-20 16:41:48'),
(92, 75, 0, 13, 11, 166, 515, '2021-01-20 16:42:44'),
(93, 76, 0, 13, 11, 177, 150, '2021-01-20 16:43:07'),
(94, 77, 0, 13, 4, 167, 50, '2021-01-20 16:43:59'),
(95, 77, 0, 13, 11, 167, 150, '2021-01-20 16:43:59'),
(96, 78, 0, 13, 11, 183, 150, '2021-01-20 16:45:37'),
(97, 78, 0, 13, 4, 160, 50, '2021-01-20 16:45:37'),
(98, 78, 0, 13, 11, 184, 150, '2021-01-20 16:45:37'),
(99, 78, 0, 13, 4, 161, 50, '2021-01-20 16:45:37'),
(100, 78, 0, 13, 11, 161, 150, '2021-01-20 16:45:37'),
(101, 78, 0, 13, 5, 172, 70, '2021-01-20 16:45:37'),
(102, 78, 0, 13, 11, 172, 150, '2021-01-20 16:45:37'),
(103, 79, 0, 13, 11, 155, 200, '2021-01-20 16:46:03'),
(104, 79, 0, 13, 12, 155, 175, '2021-01-20 16:46:03'),
(105, 80, 0, 13, 11, 173, 812, '2021-01-20 16:46:38'),
(106, 81, 0, 13, 4, 175, 200, '2021-01-20 16:46:55'),
(107, 82, 0, 13, 11, 155, 300, '2021-01-20 16:47:17'),
(108, 83, 0, 13, 11, 173, 200, '2021-01-20 16:48:20'),
(109, 84, 0, 13, 4, 161, 100, '2021-01-20 16:48:38'),
(110, 85, 0, 13, 11, 154, 788, '2021-01-20 16:49:21'),
(111, 86, 0, 13, 4, 164, 150, '2021-01-20 16:50:07'),
(112, 86, 0, 13, 4, 181, 40, '2021-01-20 16:50:07'),
(113, 86, 0, 13, 4, 161, 50, '2021-01-20 16:50:07'),
(114, 87, 0, 13, 11, 154, 188, '2021-01-20 16:50:40'),
(115, 88, 0, 13, 11, 183, 50, '2021-01-20 16:51:00'),
(116, 89, 0, 13, 11, 162, 260, '2021-01-20 16:51:22'),
(117, 90, 0, 13, 11, 155, 225, '2021-01-20 16:52:06'),
(118, 91, 0, 13, 12, 154, 200, '2021-01-20 16:53:42'),
(119, 92, 0, 13, 11, 161, 400, '2021-01-20 16:54:07'),
(120, 93, 0, 13, 4, 183, 57, '2021-01-20 16:58:41'),
(121, 93, 0, 13, 5, 161, 115, '2021-01-20 16:58:41'),
(122, 94, 0, 13, 4, 154, 104, '2021-01-20 17:00:13'),
(123, 94, 0, 13, 4, 185, 129, '2021-01-20 17:00:14'),
(124, 94, 0, 13, 4, 181, 87, '2021-01-20 17:00:14'),
(125, 95, 0, 13, 4, 161, 100, '2021-01-20 17:00:37'),
(126, 96, 0, 13, 12, 155, 700, '2021-01-20 17:01:18'),
(127, 97, 0, 13, 11, 161, 240, '2021-01-20 17:02:00'),
(128, 98, 0, 13, 4, 161, 234, '2021-01-20 17:02:53'),
(129, 98, 0, 13, 4, 181, 160, '2021-01-20 17:02:53'),
(130, 99, 0, 13, 12, 174, 400, '2021-01-20 17:03:33'),
(131, 100, 0, 13, 4, 161, 50, '2021-01-20 17:04:19'),
(132, 100, 0, 13, 11, 161, 160, '2021-01-20 17:04:19'),
(133, 100, 0, 13, 4, 155, 50, '2021-01-20 17:04:19'),
(134, 100, 0, 13, 11, 155, 250, '2021-01-20 17:04:20'),
(135, 101, 0, 13, 11, 160, 400, '2021-01-20 17:04:49'),
(136, 102, 0, 13, 12, 158, 400, '2021-01-20 17:05:31'),
(137, 103, 0, 13, 4, 168, 263, '2021-01-21 19:22:43'),
(138, 103, 0, 13, 11, 168, 233, '2021-01-21 19:22:43'),
(139, 104, 0, 13, 11, 155, 1364, '2021-01-21 19:26:13'),
(140, 105, 0, 13, 11, 155, 1300, '2021-01-21 19:26:58'),
(141, 106, 0, 13, 11, 161, 300, '2021-01-21 19:28:00'),
(142, 107, 0, 14, 11, 155, 300, '2021-01-28 07:37:25'),
(143, 108, 0, 14, 4, 181, 200, '2021-01-28 07:37:50'),
(144, 109, 0, 14, 11, 155, 167, '2021-01-28 07:38:30'),
(145, 110, 0, 14, 11, 161, 240, '2021-01-28 07:39:10'),
(146, 111, 0, 14, 11, 198, 250, '2021-01-28 07:40:14'),
(147, 111, 0, 14, 4, 161, 400, '2021-01-28 07:40:14'),
(148, 111, 0, 14, 11, 161, 500, '2021-01-28 07:40:14'),
(149, 112, 0, 14, 11, 180, 101, '2021-01-28 07:40:38'),
(150, 113, 0, 14, 11, 182, 300, '2021-01-28 07:40:58'),
(151, 114, 0, 14, 11, 161, 240, '2021-01-28 07:41:37'),
(152, 114, 0, 14, 12, 155, 200, '2021-01-28 07:41:37'),
(153, 115, 0, 14, 11, 154, 775, '2021-01-28 07:42:19'),
(154, 115, 0, 14, 11, 195, 153, '2021-01-28 07:42:19'),
(155, 116, 0, 14, 11, 164, 120, '2021-01-28 07:43:12'),
(156, 116, 0, 14, 11, 161, 120, '2021-01-28 07:43:12'),
(157, 116, 0, 14, 11, 181, 120, '2021-01-28 07:43:12'),
(158, 116, 0, 14, 11, 170, 120, '2021-01-28 07:43:12'),
(159, 117, 0, 14, 11, 185, 300, '2021-01-28 07:43:44'),
(160, 117, 0, 14, 11, 188, 18, '2021-01-28 07:43:44'),
(161, 118, 0, 14, 12, 193, 68, '2021-01-28 07:44:16'),
(162, 118, 0, 14, 12, 161, 400, '2021-01-28 07:44:16'),
(163, 119, 0, 14, 4, 155, 63, '2021-01-28 07:44:50'),
(164, 119, 0, 14, 11, 154, 13, '2021-01-28 07:44:50'),
(165, 120, 0, 14, 5, 161, 50, '2021-01-30 10:26:28'),
(166, 120, 0, 14, 11, 161, 150, '2021-01-30 10:26:28'),
(167, 120, 0, 14, 11, 180, 81, '2021-01-30 10:26:28'),
(168, 121, 0, 14, 11, 155, 300, '2021-01-30 10:28:12'),
(169, 121, 0, 14, 12, 155, 1550, '2021-01-30 10:28:12'),
(170, 121, 0, 14, 4, 199, 100, '2021-01-30 10:28:12'),
(171, 122, 0, 14, 11, 154, 24, '2021-01-30 10:28:42'),
(172, 123, 0, 14, 11, 167, 50, '2021-01-30 10:29:40'),
(173, 123, 0, 14, 12, 161, 200, '2021-01-30 10:29:40'),
(174, 123, 0, 14, 12, 190, 200, '2021-01-30 10:29:40'),
(175, 124, 0, 14, 12, 161, 300, '2021-01-30 10:30:08'),
(176, 125, 0, 14, 4, 199, 200, '2021-01-30 10:30:29'),
(177, 126, 0, 14, 4, 199, 200, '2021-01-30 10:30:52'),
(178, 127, 0, 14, 4, 199, 100, '2021-01-30 10:31:25'),
(179, 127, 0, 14, 4, 190, 100, '2021-01-30 10:31:25'),
(180, 128, 0, 14, 12, 167, 400, '2021-01-30 10:32:01'),
(181, 128, 0, 14, 12, 154, 400, '2021-01-30 10:32:02'),
(182, 129, 0, 14, 4, 155, 50, '2021-01-30 10:32:30'),
(183, 129, 0, 14, 11, 155, 250, '2021-01-30 10:32:30'),
(184, 130, 0, 14, 12, 161, 200, '2021-01-30 10:33:15'),
(185, 131, 0, 14, 11, 170, 300, '2021-01-30 10:34:03'),
(186, 131, 0, 14, 11, 194, 152, '2021-01-30 10:34:03'),
(187, 132, 0, 14, 11, 167, 100, '2021-01-30 10:34:27'),
(188, 133, 0, 14, 4, 190, 200, '2021-01-30 10:34:49'),
(189, 134, 0, 13, 11, 180, 56, '2021-01-31 07:52:02'),
(190, 135, 0, 13, 11, 180, 50, '2021-01-31 07:52:21'),
(191, 136, 0, 13, 11, 154, 240, '2021-01-31 07:52:41'),
(192, 137, 0, 13, 11, 182, 300, '2021-01-31 07:53:22'),
(193, 137, 0, 13, 12, 182, 410, '2021-01-31 07:53:22'),
(194, 137, 0, 13, 11, 161, 100, '2021-01-31 07:53:22'),
(195, 138, 0, 13, 11, 162, 430, '2021-01-31 07:54:24'),
(196, 138, 0, 13, 11, 194, 210, '2021-01-31 07:54:24'),
(197, 138, 0, 13, 5, 155, 50, '2021-01-31 07:54:25'),
(198, 138, 0, 13, 11, 155, 215, '2021-01-31 07:54:25'),
(199, 139, 0, 13, 11, 154, 300, '2021-01-31 07:55:26'),
(200, 139, 0, 13, 11, 172, 170, '2021-01-31 07:55:26'),
(201, 140, 0, 13, 4, 182, 100, '2021-01-31 07:56:05'),
(202, 140, 0, 13, 11, 182, 500, '2021-01-31 07:56:05'),
(203, 141, 0, 13, 4, 198, 215, '2021-01-31 07:56:27'),
(204, 142, 0, 13, 4, 154, 300, '2021-01-31 07:57:46'),
(205, 142, 0, 13, 11, 154, 800, '2021-01-31 07:57:46'),
(206, 142, 0, 13, 12, 155, 1000, '2021-01-31 07:57:46'),
(207, 143, 0, 13, 11, 154, 1395, '2021-01-31 07:58:34'),
(208, 144, 0, 13, 11, 167, 300, '2021-01-31 07:58:56'),
(209, 145, 0, 13, 11, 171, 300, '2021-01-31 07:59:18'),
(210, 146, 0, 13, 11, 160, 100, '2021-01-31 07:59:39'),
(211, 147, 0, 13, 11, 185, 600, '2021-01-31 08:00:02'),
(212, 148, 0, 13, 11, 181, 20, '2021-01-31 08:00:27'),
(213, 149, 0, 13, 11, 194, 236, '2021-01-31 08:00:50'),
(214, 150, 0, 13, 11, 154, 58, '2021-01-31 08:01:11'),
(215, 151, 0, 14, 11, 181, 500, '2021-02-10 14:44:56'),
(216, 151, 0, 14, 11, 155, 300, '2021-02-08 07:46:22'),
(217, 152, 0, 14, 4, 155, 167, '2021-02-08 07:48:04'),
(218, 152, 0, 14, 11, 154, 405, '2021-02-08 07:48:04'),
(219, 152, 0, 14, 11, 161, 400, '2021-02-08 07:48:04'),
(220, 153, 0, 14, 11, 155, 100, '2021-02-08 07:48:40'),
(221, 153, 0, 14, 12, 155, 500, '2021-02-08 07:48:40'),
(222, 154, 0, 14, 4, 177, 50, '2021-02-08 07:49:11'),
(223, 154, 0, 14, 11, 177, 350, '2021-02-08 07:49:12'),
(224, 155, 0, 14, 5, 172, 30, '2021-02-08 07:51:19'),
(225, 156, 0, 14, 4, 198, 88, '2021-02-08 07:52:18'),
(226, 156, 0, 14, 11, 198, 80, '2021-02-08 07:52:18'),
(227, 156, 0, 14, 11, 161, 32, '2021-02-08 07:52:18'),
(228, 157, 0, 14, 11, 161, 500, '2021-02-08 07:54:47'),
(229, 158, 0, 14, 11, 180, 111, '2021-02-08 07:55:33'),
(230, 159, 0, 14, 11, 180, 8, '2021-02-08 07:55:55'),
(231, 160, 0, 14, 11, 155, 225, '2021-02-08 07:56:28'),
(232, 161, 0, 14, 11, 161, 200, '2021-02-08 07:56:49'),
(233, 162, 0, 14, 11, 154, 300, '2021-02-08 07:58:15'),
(234, 162, 0, 14, 11, 161, 200, '2021-02-08 07:58:15'),
(235, 162, 0, 14, 11, 155, 300, '2021-02-08 07:58:15'),
(236, 163, 0, 14, 11, 161, 180, '2021-02-08 07:58:39'),
(237, 164, 0, 14, 11, 154, 120, '2021-02-08 07:59:05'),
(238, 165, 0, 14, 11, 180, 43, '2021-02-08 07:59:30'),
(239, 166, 0, 14, 11, 173, 215, '2021-02-08 08:00:01'),
(240, 167, 0, 14, 4, 155, 50, '2021-02-08 08:00:36'),
(241, 168, 0, 14, 5, 161, 100, '2021-02-08 11:18:20'),
(242, 168, 0, 14, 11, 161, 850, '2021-02-08 11:18:20'),
(243, 168, 0, 14, 11, 162, 300, '2021-02-08 11:18:20'),
(244, 169, 0, 14, 4, 155, 175, '2021-02-08 11:21:21'),
(245, 169, 0, 14, 12, 155, 1000, '2021-02-08 11:21:21'),
(246, 169, 0, 14, 11, 154, 505, '2021-02-08 11:21:21'),
(247, 169, 0, 14, 11, 161, 100, '2021-02-08 11:21:22'),
(248, 170, 0, 14, 11, 180, 120, '2021-02-08 11:21:41'),
(249, 171, 0, 14, 12, 155, 500, '2021-02-08 11:22:19'),
(250, 172, 0, 14, 11, 176, 104, '2021-02-08 11:23:45'),
(251, 172, 0, 14, 11, 161, 180, '2021-02-08 11:23:45'),
(252, 173, 0, 14, 11, 155, 300, '2021-02-08 11:24:18'),
(253, 174, 0, 14, 4, 182, 50, '2021-02-08 11:25:02'),
(254, 174, 0, 14, 11, 182, 600, '2021-02-08 11:25:02'),
(255, 175, 0, 14, 11, 192, 100, '2021-02-08 11:25:26'),
(256, 176, 0, 14, 11, 180, 50, '2021-02-08 11:25:52'),
(257, 177, 0, 14, 4, 155, 500, '2021-02-08 11:26:20'),
(258, 177, 0, 14, 11, 155, 100, '2021-02-08 11:26:20'),
(259, 178, 0, 14, 11, 181, 320, '2021-02-08 11:27:05'),
(260, 178, 0, 14, 4, 169, 25, '2021-02-08 11:27:05'),
(261, 179, 0, 14, 11, 196, 190, '2021-02-08 11:27:35'),
(262, 180, 0, 14, 11, 173, 80, '2021-02-08 11:28:26'),
(263, 181, 0, 14, 11, 154, 470, '2021-02-08 11:29:03'),
(264, 182, 0, 14, 11, 171, 120, '2021-02-08 11:29:44'),
(265, 182, 0, 14, 11, 165, 80, '2021-02-08 11:29:44'),
(266, 182, 0, 14, 11, 174, 80, '2021-02-08 11:29:44'),
(269, 183, 0, 14, 11, 161, 800, '2021-02-08 11:30:59'),
(270, 183, 0, 14, 12, 155, 700, '2021-02-08 11:30:59'),
(271, 184, 0, 14, 11, 155, 500, '2021-02-08 11:31:28'),
(272, 185, 0, 14, 11, 155, 200, '2021-02-08 11:31:50'),
(273, 186, 0, 14, 12, 166, 32, '2021-02-08 11:32:17'),
(274, 187, 0, 14, 11, 194, 320, '2021-02-08 11:32:40'),
(275, 188, 0, 14, 11, 161, 200, '2021-02-08 11:33:08'),
(276, 189, 0, 14, 11, 181, 300, '2021-02-08 11:33:39'),
(277, 189, 0, 14, 11, 163, 300, '2021-02-08 11:33:39'),
(278, 190, 0, 14, 11, 155, 10, '2021-02-08 11:34:05'),
(279, 191, 0, 14, 4, 155, 50, '2021-02-08 11:34:59'),
(280, 191, 0, 14, 11, 200, 50, '2021-02-08 11:34:59'),
(281, 192, 0, 14, 11, 155, 200, '2021-02-08 11:35:24'),
(282, 193, 0, 14, 11, 169, 150, '2021-02-08 11:36:00'),
(283, 193, 0, 14, 11, 161, 450, '2021-02-08 11:36:00'),
(284, 194, 0, 16, 4, 155, 450, '2021-02-08 11:37:28'),
(285, 194, 0, 16, 5, 155, 200, '2021-02-08 11:37:28'),
(286, 194, 0, 16, 11, 155, 220, '2021-02-08 11:37:28'),
(287, 195, 0, 16, 11, 166, 1100, '2021-02-08 11:38:22'),
(288, 196, 0, 14, 11, 155, 300, '2021-02-08 11:38:49'),
(289, 197, 0, 14, 11, 177, 300, '2021-02-08 11:39:13'),
(290, 198, 0, 14, 11, 155, 300, '2021-02-08 11:39:40'),
(291, 199, 0, 14, 11, 154, 138, '2021-02-08 11:40:13'),
(292, 199, 0, 14, 11, 155, 87, '2021-02-08 11:40:13'),
(293, 200, 0, 14, 11, 183, 300, '2021-02-08 11:40:45'),
(294, 201, 0, 14, 11, 161, 800, '2021-02-08 11:41:48'),
(295, 201, 0, 14, 13, 161, 200, '2021-02-08 11:41:48'),
(296, 202, 0, 14, 11, 180, 137, '2021-02-08 11:42:13'),
(297, 203, 0, 14, 11, 161, 180, '2021-02-08 11:43:34'),
(298, 203, 0, 14, 11, 189, 180, '2021-02-08 11:43:34'),
(299, 203, 0, 14, 11, 180, 60, '2021-02-08 11:43:34'),
(300, 203, 0, 14, 4, 155, 50, '2021-02-08 11:43:34'),
(301, 204, 0, 14, 11, 198, 300, '2021-02-08 11:44:11'),
(302, 204, 0, 14, 11, 155, 200, '2021-02-08 11:44:11'),
(303, 205, 0, 14, 11, 154, 500, '2021-02-08 11:44:46'),
(304, 206, 0, 14, 11, 160, 220, '2021-02-08 11:46:09'),
(305, 206, 0, 14, 4, 155, 100, '2021-02-08 11:46:09'),
(306, 206, 0, 14, 11, 177, 40, '2021-02-08 11:46:09'),
(307, 206, 0, 14, 11, 199, 40, '2021-02-08 11:46:09'),
(308, 206, 0, 14, 11, 190, 40, '2021-02-08 11:46:09'),
(309, 207, 0, 14, 11, 180, 25, '2021-02-08 12:15:13'),
(310, 208, 0, 14, 11, 180, 59, '2021-02-08 12:16:13'),
(311, 208, 0, 14, 11, 176, 13, '2021-02-08 12:16:13'),
(312, 208, 0, 14, 11, 201, 92, '2021-02-08 12:16:13'),
(313, 209, 0, 14, 11, 176, 129, '2021-02-08 12:16:56'),
(314, 209, 0, 14, 11, 180, 24, '2021-02-08 12:16:56'),
(315, 210, 0, 14, 11, 180, 78, '2021-02-08 12:17:19'),
(316, 211, 0, 14, 11, 173, 300, '2021-02-08 12:17:46'),
(317, 212, 0, 14, 11, 180, 120, '2021-02-08 12:18:09'),
(318, 213, 0, 14, 11, 155, 500, '2021-02-08 12:18:34'),
(319, 214, 0, 14, 11, 184, 100, '2021-02-08 12:19:09'),
(320, 214, 0, 14, 11, 178, 200, '2021-02-08 12:19:09'),
(321, 215, 0, 14, 11, 177, 500, '2021-02-08 12:19:52'),
(322, 215, 0, 14, 11, 163, 200, '2021-02-08 12:19:52'),
(323, 216, 0, 14, 11, 166, 50, '2021-02-08 12:55:43'),
(324, 216, 0, 14, 12, 155, 400, '2021-02-08 12:55:43'),
(325, 217, 0, 14, 11, 154, 130, '2021-02-08 12:56:38'),
(326, 218, 0, 14, 11, 155, 300, '2021-02-08 13:26:26'),
(327, 219, 0, 14, 4, 173, 191, '2021-02-08 13:27:05'),
(328, 219, 0, 14, 11, 173, 200, '2021-02-08 13:27:05'),
(329, 220, 0, 14, 11, 161, 200, '2021-02-08 13:27:34'),
(330, 221, 0, 14, 11, 173, 290, '2021-02-08 13:28:12'),
(333, 223, 0, 14, 11, 165, 200, '2021-02-17 14:38:10'),
(334, 223, 0, 14, 12, 174, 200, '2021-02-17 14:38:10'),
(335, 224, 0, 14, 11, 155, 150, '2021-02-22 05:55:51'),
(336, 225, 0, 14, 11, 161, 600, '2021-02-22 05:56:23'),
(337, 226, 0, 14, 11, 161, 600, '2021-02-22 05:56:50'),
(338, 227, 0, 14, 11, 154, 350, '2021-02-22 05:57:28'),
(339, 228, 0, 14, 11, 155, 550, '2021-02-22 05:57:54'),
(340, 229, 0, 14, 4, 155, 195, '2021-02-22 05:58:34'),
(341, 229, 0, 14, 11, 155, 400, '2021-02-22 05:58:34'),
(342, 230, 0, 39, 11, 155, 110, '2021-02-22 05:59:28'),
(343, 230, 0, 39, 12, 155, 200, '2021-02-22 05:59:28'),
(344, 231, 0, 14, 11, 154, 270, '2021-02-22 05:59:53'),
(345, 232, 0, 14, 11, 160, 120, '2021-02-22 16:51:30'),
(346, 232, 0, 14, 11, 154, 60, '2021-02-22 16:51:30'),
(347, 232, 0, 14, 11, 155, 125, '2021-02-22 16:51:30'),
(348, 233, 0, 14, 11, 154, 126, '2021-02-22 16:51:53'),
(349, 234, 0, 14, 11, 154, 300, '2021-02-22 16:52:29'),
(350, 234, 0, 14, 11, 199, 50, '2021-02-22 16:52:29'),
(351, 235, 0, 14, 11, 155, 200, '2021-02-22 16:52:49'),
(352, 236, 0, 14, 4, 168, 600, '2021-02-22 16:53:12'),
(353, 237, 0, 14, 11, 176, 100, '2021-02-22 16:54:00'),
(354, 237, 0, 14, 4, 155, 250, '2021-02-22 16:54:00'),
(355, 237, 0, 14, 12, 161, 400, '2021-02-22 16:54:00'),
(356, 238, 0, 14, 12, 155, 400, '2021-02-22 16:54:21'),
(357, 239, 0, 14, 4, 155, 5, '2021-02-22 16:55:22'),
(358, 239, 0, 14, 12, 155, 600, '2021-02-22 16:55:22'),
(359, 239, 0, 14, 12, 171, 450, '2021-02-22 16:55:22'),
(360, 240, 0, 14, 11, 155, 300, '2021-02-22 16:55:43'),
(361, 241, 0, 14, 11, 177, 190, '2021-02-22 16:56:14'),
(362, 242, 0, 14, 11, 167, 300, '2021-02-22 16:56:49'),
(363, 243, 0, 14, 11, 161, 40, '2021-02-22 16:57:09'),
(364, 244, 0, 14, 11, 161, 300, '2021-02-22 16:57:31'),
(365, 245, 0, 14, 11, 154, 200, '2021-02-22 16:58:16'),
(366, 246, 0, 14, 11, 154, 595, '2021-02-22 16:58:57'),
(367, 246, 0, 14, 11, 198, 150, '2021-02-22 16:58:57'),
(368, 247, 0, 14, 11, 169, 237, '2021-02-22 16:59:56'),
(369, 247, 0, 14, 11, 166, 60, '2021-02-22 16:59:57'),
(370, 247, 0, 14, 11, 180, 60, '2021-02-22 16:59:57'),
(371, 248, 0, 14, 4, 155, 150, '2021-02-22 17:00:35'),
(372, 248, 0, 14, 11, 155, 600, '2021-02-22 17:00:35'),
(373, 248, 0, 14, 11, 154, 58, '2021-02-22 17:00:35'),
(374, 249, 0, 14, 11, 155, 600, '2021-02-22 17:01:01'),
(375, 243, 0, 14, 11, 180, 100, '2021-02-24 07:25:39'),
(376, 250, 0, 14, 4, 155, 350, '2021-02-24 07:26:32'),
(377, 251, 0, 14, 11, 155, 300, '2021-02-24 07:26:57'),
(378, 252, 0, 14, 11, 164, 530, '2021-02-24 07:28:12'),
(379, 252, 0, 14, 12, 171, 400, '2021-02-24 07:28:13'),
(380, 252, 0, 14, 12, 167, 119, '2021-02-24 07:28:13'),
(381, 253, 0, 14, 11, 155, 600, '2021-02-24 07:29:40'),
(382, 253, 0, 14, 12, 155, 642, '2021-02-24 07:29:40'),
(383, 253, 0, 14, 11, 161, 500, '2021-02-24 07:29:40'),
(384, 254, 0, 14, 11, 173, 499, '2021-02-24 07:30:13'),
(385, 255, 0, 14, 11, 154, 300, '2021-02-24 07:30:58'),
(386, 255, 0, 14, 11, 164, 300, '2021-02-24 07:30:58'),
(387, 255, 0, 14, 12, 166, 800, '2021-02-24 07:30:58'),
(388, 256, 0, 14, 11, 154, 386, '2021-02-24 07:31:27'),
(389, 257, 0, 14, 12, 155, 250, '2021-02-24 07:31:50'),
(390, 258, 0, 14, 11, 199, 100, '2021-02-24 07:32:13'),
(391, 259, 0, 14, 11, 198, 200, '2021-02-24 07:32:58'),
(392, 259, 0, 14, 4, 155, 100, '2021-02-24 07:32:58'),
(393, 259, 0, 14, 4, 173, 50, '2021-02-24 07:32:58'),
(394, 260, 0, 14, 5, 169, 100, '2021-02-24 07:33:33'),
(395, 260, 0, 14, 11, 155, 200, '2021-02-24 07:33:33'),
(396, 261, 0, 14, 11, 154, 300, '2021-02-24 07:34:03'),
(397, 262, 0, 14, 4, 194, 50, '2021-02-24 07:34:41'),
(398, 262, 0, 14, 11, 194, 210, '2021-02-24 07:34:41'),
(399, 263, 0, 14, 11, 155, 600, '2021-02-24 07:35:19'),
(400, 263, 0, 14, 11, 161, 50, '2021-02-24 07:35:19'),
(401, 264, 0, 14, 11, 161, 100, '2021-02-24 07:35:43'),
(402, 265, 0, 14, 5, 176, 200, '2021-02-24 07:36:35'),
(403, 265, 0, 14, 11, 202, 200, '2021-02-24 07:36:35'),
(404, 266, 0, 14, 5, 155, 500, '2021-02-24 07:37:01'),
(405, 267, 0, 14, 11, 178, 208, '2021-02-24 07:56:56'),
(406, 267, 0, 14, 11, 180, 42, '2021-02-24 07:56:56'),
(407, 268, 0, 14, 12, 155, 351, '2021-02-25 09:31:47'),
(408, 269, 0, 14, 11, 194, 237, '2021-02-25 09:35:14'),
(409, 270, 0, 14, 4, 155, 200, '2021-02-25 09:35:48'),
(410, 270, 0, 14, 5, 155, 100, '2021-02-25 09:35:48'),
(411, 270, 0, 14, 11, 155, 420, '2021-02-25 09:35:48'),
(412, 271, 0, 14, 11, 171, 170, '2021-02-25 09:36:13'),
(413, 272, 0, 14, 11, 166, 100, '2021-02-25 09:36:40'),
(414, 273, 0, 14, 5, 171, 200, '2021-02-25 09:37:21'),
(415, 273, 0, 14, 11, 202, 300, '2021-02-25 09:37:21'),
(416, 274, 0, 14, 11, 173, 400, '2021-02-25 09:38:18'),
(417, 274, 0, 14, 4, 202, 120, '2021-02-25 09:38:18'),
(418, 274, 0, 14, 11, 180, 66, '2021-02-25 09:38:18'),
(419, 275, 0, 14, 11, 161, 150, '2021-02-25 09:39:01'),
(420, 275, 0, 14, 11, 175, 150, '2021-02-25 09:39:01'),
(421, 276, 0, 14, 11, 161, 300, '2021-02-25 09:39:43'),
(422, 277, 0, 14, 11, 192, 140, '2021-02-25 09:40:11'),
(423, 278, 0, 14, 12, 161, 400, '2021-02-25 09:40:37'),
(424, 279, 0, 14, 11, 193, 300, '2021-02-25 11:05:08'),
(425, 279, 0, 14, 11, 173, 700, '2021-02-25 11:05:08'),
(426, 280, 0, 14, 11, 155, 230, '2021-02-25 11:05:32'),
(427, 281, 0, 14, 5, 161, 50, '2021-02-25 11:06:13'),
(428, 281, 0, 14, 11, 161, 600, '2021-02-25 11:06:13'),
(429, 281, 0, 14, 5, 155, 35, '2021-02-25 11:06:13'),
(430, 281, 0, 14, 11, 155, 215, '2021-02-25 11:06:13'),
(431, 282, 0, 14, 11, 202, 250, '2021-02-25 11:06:34'),
(432, 283, 0, 14, 11, 155, 300, '2021-02-25 11:07:18'),
(433, 284, 0, 14, 11, 175, 320, '2021-02-25 11:07:41'),
(434, 285, 0, 14, 4, 178, 100, '2021-02-25 11:08:54'),
(435, 285, 0, 14, 11, 178, 251, '2021-02-25 11:08:54'),
(436, 286, 0, 14, 5, 176, 30, '2021-02-25 11:09:41'),
(437, 286, 0, 14, 12, 155, 400, '2021-02-25 11:09:42'),
(438, 287, 0, 14, 11, 155, 300, '2021-02-25 11:10:47'),
(439, 287, 0, 14, 11, 161, 560, '2021-02-25 11:10:47'),
(440, 288, 0, 14, 11, 199, 200, '2021-02-25 11:11:23'),
(441, 289, 0, 14, 11, 155, 320, '2021-02-25 11:11:49'),
(442, 290, 0, 14, 11, 167, 300, '2021-02-25 11:12:14'),
(443, 291, 0, 14, 11, 198, 300, '2021-02-25 11:12:48'),
(444, 291, 0, 14, 11, 161, 300, '2021-02-25 11:12:48'),
(445, 292, 0, 14, 11, 194, 6, '2021-02-25 11:13:11'),
(446, 293, 0, 14, 11, 154, 389, '2021-02-25 11:13:48'),
(447, 294, 0, 14, 11, 171, 300, '2021-02-25 11:14:21'),
(448, 294, 0, 14, 11, 181, 300, '2021-02-25 11:14:21'),
(449, 295, 0, 14, 4, 154, 100, '2021-02-27 08:04:03'),
(450, 295, 0, 14, 11, 154, 410, '2021-02-27 08:04:03'),
(451, 296, 0, 14, 11, 155, 250, '2021-02-27 08:04:55'),
(452, 296, 0, 14, 4, 161, 100, '2021-02-27 08:04:55'),
(453, 296, 0, 14, 12, 161, 200, '2021-02-27 08:04:55'),
(454, 297, 0, 14, 11, 181, 280, '2021-02-27 08:05:18'),
(455, 298, 0, 14, 4, 175, 200, '2021-02-27 08:05:57'),
(456, 298, 0, 14, 11, 175, 260, '2021-02-27 08:05:57'),
(457, 298, 0, 14, 11, 180, 90, '2021-02-27 08:05:57'),
(458, 299, 0, 14, 11, 180, 53, '2021-02-27 08:06:20'),
(459, 300, 0, 14, 11, 154, 180, '2021-02-27 08:06:52'),
(460, 300, 0, 14, 11, 180, 34, '2021-02-27 08:06:52'),
(461, 301, 0, 14, 11, 199, 200, '2021-02-27 08:07:18'),
(462, 301, 0, 14, 12, 199, 400, '2021-02-27 08:07:18'),
(463, 302, 0, 14, 11, 155, 150, '2021-02-27 08:07:43'),
(464, 303, 0, 14, 11, 199, 34, '2021-02-27 08:08:18'),
(465, 303, 0, 14, 4, 167, 200, '2021-02-27 08:08:18'),
(466, 304, 0, 14, 11, 161, 200, '2021-02-27 08:08:39'),
(467, 305, 0, 14, 11, 161, 250, '2021-02-27 08:09:13'),
(468, 305, 0, 14, 5, 160, 200, '2021-02-27 08:09:13'),
(469, 306, 0, 14, 12, 154, 197, '2021-02-27 08:09:47'),
(470, 307, 0, 14, 4, 167, 200, '2021-02-27 08:10:09'),
(471, 308, 0, 14, 4, 154, 200, '2021-02-27 08:10:44'),
(472, 308, 0, 14, 11, 154, 300, '2021-02-27 08:10:44'),
(473, 308, 0, 14, 12, 154, 600, '2021-02-27 08:10:44'),
(474, 309, 0, 14, 4, 173, 200, '2021-02-27 08:11:13'),
(475, 309, 0, 14, 11, 173, 273, '2021-02-27 08:11:13'),
(476, 310, 0, 14, 11, 161, 250, '2021-02-27 08:11:34'),
(477, 311, 0, 14, 4, 194, 50, '2021-02-27 08:12:13'),
(478, 311, 0, 14, 11, 194, 300, '2021-02-27 08:12:13'),
(479, 311, 0, 14, 12, 161, 400, '2021-02-27 08:12:13'),
(480, 312, 0, 14, 5, 181, 50, '2021-02-27 08:12:40'),
(481, 312, 0, 14, 11, 181, 650, '2021-02-27 08:12:40'),
(482, 313, 0, 14, 11, 180, 66, '2021-02-27 08:13:21'),
(483, 313, 0, 14, 11, 161, 200, '2021-02-27 08:13:21'),
(484, 314, 0, 14, 11, 155, 131, '2021-02-27 08:13:57');

-- --------------------------------------------------------

--
-- Table structure for table `invoice`
--

CREATE TABLE `invoice` (
  `id` int(11) NOT NULL,
  `customer_id` int(11) NOT NULL,
  `machine_id` int(11) NOT NULL DEFAULT 0,
  `date_from` date NOT NULL,
  `date_to` date NOT NULL,
  `datetime_added` datetime NOT NULL,
  `notes` text NOT NULL,
  `status` int(1) NOT NULL DEFAULT 1,
  `ts` timestamp NOT NULL DEFAULT current_timestamp() ON UPDATE current_timestamp()
) ENGINE=InnoDB DEFAULT CHARSET=latin1;

--
-- Dumping data for table `invoice`
--

INSERT INTO `invoice` (`id`, `customer_id`, `machine_id`, `date_from`, `date_to`, `datetime_added`, `notes`, `status`, `ts`) VALUES
(425, 56, 0, '2021-01-01', '2021-01-25', '2021-01-25 22:05:00', '', 1, '2021-01-25 17:05:13'),
(1022, 8, 0, '2021-02-16', '2021-02-16', '2021-02-17 18:38:00', '', 1, '2021-02-17 13:38:42');

-- --------------------------------------------------------

--
-- Table structure for table `labour`
--

CREATE TABLE `labour` (
  `id` int(11) NOT NULL,
  `name` varchar(220) NOT NULL,
  `status` int(1) NOT NULL DEFAULT 1,
  `ts` datetime NOT NULL DEFAULT current_timestamp() ON UPDATE current_timestamp()
) ENGINE=InnoDB DEFAULT CHARSET=latin1;

--
-- Dumping data for table `labour`
--

INSERT INTO `labour` (`id`, `name`, `status`, `ts`) VALUES
(1, 'AII', 1, '2020-07-28 11:49:04');

-- --------------------------------------------------------

--
-- Table structure for table `machine`
--

CREATE TABLE `machine` (
  `id` int(11) NOT NULL,
  `title` varchar(250) NOT NULL,
  `status` tinyint(1) NOT NULL DEFAULT 1,
  `ts` timestamp NOT NULL DEFAULT current_timestamp()
) ENGINE=InnoDB DEFAULT CHARSET=latin1;

-- --------------------------------------------------------

--
-- Table structure for table `menu`
--

CREATE TABLE `menu` (
  `id` int(11) NOT NULL,
  `title` varchar(100) NOT NULL,
  `url` varchar(100) NOT NULL,
  `parent_id` int(11) NOT NULL,
  `depth` int(1) NOT NULL,
  `sortorder` int(11) NOT NULL,
  `icon` varchar(200) NOT NULL,
  `small_icon` varchar(200) CHARACTER SET latin1 NOT NULL
) ENGINE=MyISAM DEFAULT CHARSET=utf8;

--
-- Dumping data for table `menu`
--

INSERT INTO `menu` (`id`, `title`, `url`, `parent_id`, `depth`, `sortorder`, `icon`, `small_icon`) VALUES
(1, 'Dashboard', '#', 0, 0, 1, 'dashboard.png', 'home'),
(68, 'Bangles Setting', '#', 0, 0, 6, 'bengles.jpg', 'magnet'),
(69, 'Color', 'color_manage.php', 68, 1, 7, 'color.png', 'circle'),
(8, 'Manage Users', 'admin_manage.php', 1, 1, 4, 'administrator.png', 'user'),
(7, 'General Settings', 'config_manage.php?config_id=1', 1, 1, 2, 'general-settings.png', 'cog'),
(12, 'Upload Center', 'upload_manage.php', 1, 1, 3, 'upload-center.png', 'file-o'),
(22, 'Reports', '#', 0, 0, 24, 'reports.png', 'line-chart'),
(24, 'General Journal', 'report_manage.php?tab=general_journal', 22, 1, 23, 'general-journal.png', 'th-large'),
(26, 'Manage User Types', 'admin_type_manage.php', 1, 1, 5, 'admin-type.png', 'unlock-alt'),
(30, 'Accounts', '#', 0, 0, 19, 'accounts.jpg', 'suitcase'),
(28, 'Manage Expenses', 'expense_manage.php', 30, 1, 14, 'manage-expense.png', 'car'),
(32, 'Manage Transactions', 'transaction_manage.php', 30, 1, 21, 'transaction.png', 'money'),
(35, 'Manage Accounts', 'account_manage.php', 30, 1, 10, 'manage-accounts.png', 'balance-scale'),
(40, 'Expense Category', 'expense_category_manage.php', 30, 1, 13, 'expense-category.png', 'server'),
(74, 'Incoming', 'incoming_manage.php', 78, 1, 13, 'incoming.png', 'rub'),
(75, 'Washing', 'washing_manage.php', 78, 1, 14, 'washing.png', 'eraser'),
(76, 'Delivery', 'delivery_manage.php', 78, 1, 15, 'delivery.png', 'yelp'),
(53, 'Balance Sheet', 'report_manage.php?tab=balance_sheet', 22, 1, 24, 'balance-sheet.png', '500px'),
(54, 'Income Report', 'report_manage.php?tab=income', 22, 1, 25, 'income-report.png', 'backward'),
(73, 'Labour', 'labour_manage.php', 68, 1, 12, 'labour.png', 'male'),
(70, 'Size', 'size_manage.php', 68, 1, 8, 'size.png', 'exchange'),
(71, 'Design', 'design_manage.php', 68, 1, 9, 'design.png', 'empire'),
(72, 'Customer', 'customer_manage.php', 30, 1, 11, 'customer.png', 'male'),
(77, 'Customer Payment', 'customer_payment_manage.php', 30, 1, 12, 'customer-payment.png', 'random'),
(78, 'Bangles Manufacturing', '#', 0, 0, 7, 'bengles-manufacturing.jpg', 'map-signs'),
(79, 'Employees', '#', 0, 0, 18, 'employees.png', 'male'),
(80, 'Manage Employee', 'employee_manage.php', 79, 1, 27, 'manage-employee.png', 'user'),
(84, 'Employee Payment', 'employee_payment_manage.php', 79, 1, 30, 'employee-payment.png', 'archive'),
(82, 'Stock Report', 'report_manage.php?tab=stock_report', 22, 1, 28, 'stock-report.png', 'cogs'),
(83, 'Machine', 'machine_manage.php', 68, 1, 30, 'machine.png', 'magnet'),
(85, 'Employee Salary', 'employee_salary_manage.php', 79, 1, 31, 'employee-salary.png', 'anchor'),
(86, 'Manage Invoice', 'invoice_manage.php', 30, 1, 32, 'manage-invoice.png', 'balance-scale');

-- --------------------------------------------------------

--
-- Table structure for table `menu_2_admin_type`
--

CREATE TABLE `menu_2_admin_type` (
  `menu_id` int(11) NOT NULL,
  `admin_type_id` int(11) NOT NULL
) ENGINE=InnoDB DEFAULT CHARSET=utf8mb4;

--
-- Dumping data for table `menu_2_admin_type`
--

INSERT INTO `menu_2_admin_type` (`menu_id`, `admin_type_id`) VALUES
(1, 1),
(2, 1),
(3, 1),
(4, 1),
(4, 3),
(4, 4),
(5, 1),
(5, 3),
(6, 1),
(7, 1),
(8, 1),
(9, 1),
(12, 1),
(14, 1),
(14, 3),
(15, 1),
(15, 3),
(16, 1),
(16, 3),
(17, 1),
(17, 3),
(18, 1),
(18, 3),
(19, 1),
(20, 1),
(21, 1),
(21, 3),
(22, 1),
(22, 3),
(23, 1),
(24, 1),
(24, 3),
(25, 1),
(26, 1),
(27, 1),
(27, 3),
(28, 1),
(28, 3),
(29, 1),
(29, 3),
(30, 1),
(30, 3),
(31, 1),
(32, 1),
(32, 3),
(33, 1),
(33, 3),
(34, 1),
(34, 3),
(35, 1),
(36, 1),
(37, 1),
(38, 1),
(39, 1),
(40, 1),
(41, 1),
(41, 3),
(42, 1),
(43, 1),
(44, 1),
(45, 1),
(46, 1),
(47, 1),
(48, 1),
(49, 1),
(50, 1),
(51, 1),
(52, 1),
(53, 1),
(54, 1),
(55, 1),
(56, 1),
(57, 1),
(58, 1),
(58, 3),
(59, 1),
(59, 3),
(60, 1),
(60, 3),
(61, 1),
(61, 3),
(62, 1),
(62, 3),
(63, 1),
(63, 3),
(64, 1),
(64, 3),
(65, 1),
(65, 3),
(66, 1),
(66, 3),
(67, 1),
(67, 3),
(68, 1),
(69, 1),
(70, 1),
(71, 1),
(72, 1),
(73, 1),
(74, 1),
(75, 1),
(76, 1),
(77, 1),
(78, 1),
(79, 1),
(80, 1),
(81, 1),
(82, 1),
(83, 1),
(84, 1),
(85, 1),
(86, 1);

-- --------------------------------------------------------

--
-- Table structure for table `scheduled_transaction`
--

CREATE TABLE `scheduled_transaction` (
  `id` int(11) NOT NULL,
  `type` int(1) NOT NULL,
  `schedule` int(11) NOT NULL,
  `day_number` int(11) NOT NULL,
  `project_id` int(11) NOT NULL,
  `account_id` int(11) NOT NULL,
  `reference_id` int(1) NOT NULL DEFAULT 0,
  `datetime_added` datetime NOT NULL,
  `amount` decimal(10,2) NOT NULL,
  `details` text NOT NULL,
  `lastrun` int(11) NOT NULL,
  `nextrun` int(11) NOT NULL,
  `added_by` int(11) NOT NULL,
  `status` int(11) NOT NULL DEFAULT 1,
  `ts` timestamp NOT NULL DEFAULT current_timestamp() ON UPDATE current_timestamp()
) ENGINE=InnoDB DEFAULT CHARSET=latin1;

-- --------------------------------------------------------

--
-- Table structure for table `size`
--

CREATE TABLE `size` (
  `id` int(11) NOT NULL,
  `title` varchar(100) NOT NULL,
  `title_urdu` varchar(300) NOT NULL,
  `sortorder` int(11) NOT NULL,
  `status` int(1) NOT NULL DEFAULT 1,
  `ts` timestamp NOT NULL DEFAULT current_timestamp() ON UPDATE current_timestamp()
) ENGINE=InnoDB DEFAULT CHARSET=latin1;

--
-- Dumping data for table `size`
--

INSERT INTO `size` (`id`, `title`, `title_urdu`, `sortorder`, `status`, `ts`) VALUES
(4, '21=', '=21', 2, 1, '2021-02-08 06:42:35'),
(5, '111=', '=111', 3, 1, '2021-02-08 06:42:54'),
(11, 'BIG', 'BIG', 1, 1, '2021-02-08 06:42:12'),
(12, 'SMALL', 'SMALL', 4, 1, '2021-02-08 06:43:05'),
(13, '21x', '21x', 5, 1, '2021-02-08 06:43:12');

-- --------------------------------------------------------

--
-- Table structure for table `transaction`
--

CREATE TABLE `transaction` (
  `id` int(11) NOT NULL,
  `account_id` int(11) NOT NULL,
  `reference_id` int(1) NOT NULL DEFAULT 0,
  `datetime_added` datetime NOT NULL,
  `amount` decimal(10,2) NOT NULL,
  `details` text NOT NULL,
  `added_by` int(11) NOT NULL,
  `status` int(11) NOT NULL DEFAULT 1,
  `ts` timestamp NOT NULL DEFAULT current_timestamp() ON UPDATE current_timestamp()
) ENGINE=InnoDB DEFAULT CHARSET=latin1;

-- --------------------------------------------------------

--
-- Table structure for table `uploads`
--

CREATE TABLE `uploads` (
  `id` int(11) NOT NULL,
  `filename` varchar(200) NOT NULL,
  `filelocation` varchar(200) NOT NULL
) ENGINE=MyISAM DEFAULT CHARSET=utf8;

--
-- Dumping data for table `uploads`
--

INSERT INTO `uploads` (`id`, `filename`, `filelocation`) VALUES
(1, 'my file', 'my-file.xlsx');

-- --------------------------------------------------------

--
-- Table structure for table `washing`
--

CREATE TABLE `washing` (
  `id` int(11) NOT NULL,
  `date` date NOT NULL,
  `customer_id` int(11) NOT NULL,
  `status` int(1) NOT NULL DEFAULT 1,
  `ts` timestamp NOT NULL DEFAULT current_timestamp() ON UPDATE current_timestamp()
) ENGINE=InnoDB DEFAULT CHARSET=latin1;

-- --------------------------------------------------------

--
-- Table structure for table `washing_items`
--

CREATE TABLE `washing_items` (
  `id` int(11) NOT NULL,
  `washing_id` int(11) NOT NULL,
  `color_id` int(11) NOT NULL,
  `size_id` int(11) NOT NULL,
  `design_id` int(11) NOT NULL,
  `quantity` int(11) NOT NULL,
  `ts` timestamp NOT NULL DEFAULT current_timestamp() ON UPDATE current_timestamp()
) ENGINE=InnoDB DEFAULT CHARSET=latin1;

--
-- Indexes for dumped tables
--

--
-- Indexes for table `account`
--
ALTER TABLE `account`
  ADD PRIMARY KEY (`id`);

--
-- Indexes for table `admin`
--
ALTER TABLE `admin`
  ADD PRIMARY KEY (`id`);

--
-- Indexes for table `admin_type`
--
ALTER TABLE `admin_type`
  ADD PRIMARY KEY (`id`);

--
-- Indexes for table `color`
--
ALTER TABLE `color`
  ADD PRIMARY KEY (`id`);

--
-- Indexes for table `config_type`
--
ALTER TABLE `config_type`
  ADD PRIMARY KEY (`id`);

--
-- Indexes for table `config_variable`
--
ALTER TABLE `config_variable`
  ADD PRIMARY KEY (`id`);

--
-- Indexes for table `customer`
--
ALTER TABLE `customer`
  ADD PRIMARY KEY (`id`);

--
-- Indexes for table `customer_payment`
--
ALTER TABLE `customer_payment`
  ADD PRIMARY KEY (`id`);

--
-- Indexes for table `delivery`
--
ALTER TABLE `delivery`
  ADD PRIMARY KEY (`id`);

--
-- Indexes for table `delivery_items`
--
ALTER TABLE `delivery_items`
  ADD PRIMARY KEY (`id`);

--
-- Indexes for table `design`
--
ALTER TABLE `design`
  ADD PRIMARY KEY (`id`);

--
-- Indexes for table `employees`
--
ALTER TABLE `employees`
  ADD PRIMARY KEY (`id`);

--
-- Indexes for table `employee_attendance`
--
ALTER TABLE `employee_attendance`
  ADD PRIMARY KEY (`id`);

--
-- Indexes for table `employee_payment`
--
ALTER TABLE `employee_payment`
  ADD PRIMARY KEY (`id`);

--
-- Indexes for table `employee_salary`
--
ALTER TABLE `employee_salary`
  ADD PRIMARY KEY (`id`);

--
-- Indexes for table `expense`
--
ALTER TABLE `expense`
  ADD PRIMARY KEY (`id`);

--
-- Indexes for table `expense_category`
--
ALTER TABLE `expense_category`
  ADD PRIMARY KEY (`id`);

--
-- Indexes for table `incoming`
--
ALTER TABLE `incoming`
  ADD PRIMARY KEY (`id`);

--
-- Indexes for table `incoming_items`
--
ALTER TABLE `incoming_items`
  ADD PRIMARY KEY (`id`);

--
-- Indexes for table `invoice`
--
ALTER TABLE `invoice`
  ADD PRIMARY KEY (`id`);

--
-- Indexes for table `labour`
--
ALTER TABLE `labour`
  ADD PRIMARY KEY (`id`);

--
-- Indexes for table `machine`
--
ALTER TABLE `machine`
  ADD PRIMARY KEY (`id`);

--
-- Indexes for table `menu`
--
ALTER TABLE `menu`
  ADD PRIMARY KEY (`id`);

--
-- Indexes for table `menu_2_admin_type`
--
ALTER TABLE `menu_2_admin_type`
  ADD PRIMARY KEY (`menu_id`,`admin_type_id`);

--
-- Indexes for table `scheduled_transaction`
--
ALTER TABLE `scheduled_transaction`
  ADD PRIMARY KEY (`id`);

--
-- Indexes for table `size`
--
ALTER TABLE `size`
  ADD PRIMARY KEY (`id`);

--
-- Indexes for table `transaction`
--
ALTER TABLE `transaction`
  ADD PRIMARY KEY (`id`);

--
-- Indexes for table `uploads`
--
ALTER TABLE `uploads`
  ADD PRIMARY KEY (`id`);

--
-- Indexes for table `washing`
--
ALTER TABLE `washing`
  ADD PRIMARY KEY (`id`);

--
-- Indexes for table `washing_items`
--
ALTER TABLE `washing_items`
  ADD PRIMARY KEY (`id`);

--
-- AUTO_INCREMENT for dumped tables
--

--
-- AUTO_INCREMENT for table `account`
--
ALTER TABLE `account`
  MODIFY `id` int(11) NOT NULL AUTO_INCREMENT, AUTO_INCREMENT=21;

--
-- AUTO_INCREMENT for table `admin`
--
ALTER TABLE `admin`
  MODIFY `id` int(11) NOT NULL AUTO_INCREMENT, AUTO_INCREMENT=28;

--
-- AUTO_INCREMENT for table `admin_type`
--
ALTER TABLE `admin_type`
  MODIFY `id` int(11) NOT NULL AUTO_INCREMENT, AUTO_INCREMENT=4;

--
-- AUTO_INCREMENT for table `color`
--
ALTER TABLE `color`
  MODIFY `id` int(11) NOT NULL AUTO_INCREMENT, AUTO_INCREMENT=71;

--
-- AUTO_INCREMENT for table `config_type`
--
ALTER TABLE `config_type`
  MODIFY `id` int(11) NOT NULL AUTO_INCREMENT, AUTO_INCREMENT=10;

--
-- AUTO_INCREMENT for table `config_variable`
--
ALTER TABLE `config_variable`
  MODIFY `id` int(11) NOT NULL AUTO_INCREMENT, AUTO_INCREMENT=23;

--
-- AUTO_INCREMENT for table `customer`
--
ALTER TABLE `customer`
  MODIFY `id` int(11) NOT NULL AUTO_INCREMENT, AUTO_INCREMENT=134;

--
-- AUTO_INCREMENT for table `customer_payment`
--
ALTER TABLE `customer_payment`
  MODIFY `id` int(11) NOT NULL AUTO_INCREMENT, AUTO_INCREMENT=824;

--
-- AUTO_INCREMENT for table `delivery`
--
ALTER TABLE `delivery`
  MODIFY `id` int(11) NOT NULL AUTO_INCREMENT, AUTO_INCREMENT=1002;

--
-- AUTO_INCREMENT for table `delivery_items`
--
ALTER TABLE `delivery_items`
  MODIFY `id` int(11) NOT NULL AUTO_INCREMENT, AUTO_INCREMENT=1393;

--
-- AUTO_INCREMENT for table `design`
--
ALTER TABLE `design`
  MODIFY `id` int(11) NOT NULL AUTO_INCREMENT, AUTO_INCREMENT=203;

--
-- AUTO_INCREMENT for table `employees`
--
ALTER TABLE `employees`
  MODIFY `id` int(11) NOT NULL AUTO_INCREMENT, AUTO_INCREMENT=16;

--
-- AUTO_INCREMENT for table `employee_attendance`
--
ALTER TABLE `employee_attendance`
  MODIFY `id` int(11) NOT NULL AUTO_INCREMENT, AUTO_INCREMENT=874;

--
-- AUTO_INCREMENT for table `employee_payment`
--
ALTER TABLE `employee_payment`
  MODIFY `id` int(11) NOT NULL AUTO_INCREMENT, AUTO_INCREMENT=55;

--
-- AUTO_INCREMENT for table `employee_salary`
--
ALTER TABLE `employee_salary`
  MODIFY `id` int(11) NOT NULL AUTO_INCREMENT, AUTO_INCREMENT=31;

--
-- AUTO_INCREMENT for table `expense`
--
ALTER TABLE `expense`
  MODIFY `id` int(11) NOT NULL AUTO_INCREMENT, AUTO_INCREMENT=14;

--
-- AUTO_INCREMENT for table `expense_category`
--
ALTER TABLE `expense_category`
  MODIFY `id` int(11) NOT NULL AUTO_INCREMENT, AUTO_INCREMENT=126;

--
-- AUTO_INCREMENT for table `incoming`
--
ALTER TABLE `incoming`
  MODIFY `id` int(11) NOT NULL AUTO_INCREMENT, AUTO_INCREMENT=315;

--
-- AUTO_INCREMENT for table `incoming_items`
--
ALTER TABLE `incoming_items`
  MODIFY `id` int(11) NOT NULL AUTO_INCREMENT, AUTO_INCREMENT=485;

--
-- AUTO_INCREMENT for table `invoice`
--
ALTER TABLE `invoice`
  MODIFY `id` int(11) NOT NULL AUTO_INCREMENT, AUTO_INCREMENT=1023;

--
-- AUTO_INCREMENT for table `labour`
--
ALTER TABLE `labour`
  MODIFY `id` int(11) NOT NULL AUTO_INCREMENT, AUTO_INCREMENT=2;

--
-- AUTO_INCREMENT for table `machine`
--
ALTER TABLE `machine`
  MODIFY `id` int(11) NOT NULL AUTO_INCREMENT, AUTO_INCREMENT=18;

--
-- AUTO_INCREMENT for table `menu`
--
ALTER TABLE `menu`
  MODIFY `id` int(11) NOT NULL AUTO_INCREMENT, AUTO_INCREMENT=87;

--
-- AUTO_INCREMENT for table `scheduled_transaction`
--
ALTER TABLE `scheduled_transaction`
  MODIFY `id` int(11) NOT NULL AUTO_INCREMENT;

--
-- AUTO_INCREMENT for table `size`
--
ALTER TABLE `size`
  MODIFY `id` int(11) NOT NULL AUTO_INCREMENT, AUTO_INCREMENT=14;

--
-- AUTO_INCREMENT for table `transaction`
--
ALTER TABLE `transaction`
  MODIFY `id` int(11) NOT NULL AUTO_INCREMENT;

--
-- AUTO_INCREMENT for table `uploads`
--
ALTER TABLE `uploads`
  MODIFY `id` int(11) NOT NULL AUTO_INCREMENT, AUTO_INCREMENT=2;

--
-- AUTO_INCREMENT for table `washing`
--
ALTER TABLE `washing`
  MODIFY `id` int(11) NOT NULL AUTO_INCREMENT;

--
-- AUTO_INCREMENT for table `washing_items`
--
ALTER TABLE `washing_items`
  MODIFY `id` int(11) NOT NULL AUTO_INCREMENT;
COMMIT;

/*!40101 SET CHARACTER_SET_CLIENT=@OLD_CHARACTER_SET_CLIENT */;
/*!40101 SET CHARACTER_SET_RESULTS=@OLD_CHARACTER_SET_RESULTS */;
/*!40101 SET COLLATION_CONNECTION=@OLD_COLLATION_CONNECTION */;
