-- phpMyAdmin SQL Dump
-- version 5.0.4
-- https://www.phpmyadmin.net/
--
-- Host: 127.0.0.1
-- Generation Time: Jan 22, 2021 at 04:49 PM
-- Server version: 10.4.17-MariaDB
-- PHP Version: 7.3.25

SET SQL_MODE = "NO_AUTO_VALUE_ON_ZERO";
START TRANSACTION;
SET time_zone = "+00:00";


/*!40101 SET @OLD_CHARACTER_SET_CLIENT=@@CHARACTER_SET_CLIENT */;
/*!40101 SET @OLD_CHARACTER_SET_RESULTS=@@CHARACTER_SET_RESULTS */;
/*!40101 SET @OLD_COLLATION_CONNECTION=@@COLLATION_CONNECTION */;
/*!40101 SET NAMES utf8mb4 */;

--
-- Database: `bengles`
--

-- --------------------------------------------------------

--
-- Table structure for table `account`
--

CREATE TABLE `account` (
  `id` int(11) NOT NULL,
  `title` varchar(50) NOT NULL,
  `title_urdu` varchar(1000) CHARACTER SET utf8mb4 NOT NULL,
  `type` int(11) NOT NULL,
  `description` varchar(1000) DEFAULT NULL,
  `balance` decimal(10,2) NOT NULL,
  `is_petty_cash` int(1) NOT NULL DEFAULT 0,
  `status` int(11) NOT NULL DEFAULT 1,
  `ts` timestamp NOT NULL DEFAULT current_timestamp() ON UPDATE current_timestamp()
) ENGINE=InnoDB DEFAULT CHARSET=latin1;

-- --------------------------------------------------------

--
-- Table structure for table `admin`
--

CREATE TABLE `admin` (
  `id` int(11) NOT NULL,
  `admin_type_id` int(11) NOT NULL,
  `username` varchar(200) NOT NULL,
  `email` varchar(200) NOT NULL,
  `name` varchar(200) NOT NULL,
  `monthly_salary` decimal(10,2) NOT NULL,
  `password` varchar(200) NOT NULL,
  `status` int(11) NOT NULL DEFAULT 1,
  `ts` timestamp NOT NULL DEFAULT current_timestamp() ON UPDATE current_timestamp()
) ENGINE=MyISAM DEFAULT CHARSET=utf8;

--
-- Dumping data for table `admin`
--

INSERT INTO `admin` (`id`, `admin_type_id`, `username`, `email`, `name`, `monthly_salary`, `password`, `status`, `ts`) VALUES
(1, 1, 'admin', 'vickyali2@hotmail.com', 'Admin', '0.00', 'admin', 1, '2020-02-01 10:09:12');

-- --------------------------------------------------------

--
-- Table structure for table `admin_type`
--

CREATE TABLE `admin_type` (
  `id` int(11) NOT NULL,
  `title` varchar(200) NOT NULL,
  `can_add` int(1) NOT NULL DEFAULT 0,
  `can_edit` int(1) NOT NULL DEFAULT 0,
  `can_delete` int(1) NOT NULL DEFAULT 0,
  `can_read` int(1) NOT NULL DEFAULT 0,
  `status` int(1) NOT NULL DEFAULT 1,
  `ts` timestamp NULL DEFAULT current_timestamp() ON UPDATE current_timestamp()
) ENGINE=InnoDB DEFAULT CHARSET=utf8mb4;

--
-- Dumping data for table `admin_type`
--

INSERT INTO `admin_type` (`id`, `title`, `can_add`, `can_edit`, `can_delete`, `can_read`, `status`, `ts`) VALUES
(1, 'Administrator', 1, 1, 1, 1, 1, '2017-02-27 12:10:38'),
(3, 'Employee', 0, 0, 0, 1, 1, '2017-12-30 22:56:51');

-- --------------------------------------------------------

--
-- Table structure for table `color`
--

CREATE TABLE `color` (
  `id` int(11) NOT NULL,
  `title` varchar(100) NOT NULL,
  `title_urdu` varchar(1000) CHARACTER SET utf8mb4 NOT NULL,
  `sortorder` int(11) NOT NULL,
  `rate` decimal(10,2) NOT NULL,
  `status` int(1) NOT NULL DEFAULT 1,
  `ts` timestamp NOT NULL DEFAULT current_timestamp() ON UPDATE current_timestamp()
) ENGINE=InnoDB DEFAULT CHARSET=latin1;

--
-- Dumping data for table `color`
--

INSERT INTO `color` (`id`, `title`, `title_urdu`, `sortorder`, `rate`, `status`, `ts`) VALUES
(13, 'GOLDEN', 'گولڈن', 0, '105.00', 1, '2021-01-20 07:23:23'),
(14, 'GOLDEN', 'گولڈن', 0, '135.00', 1, '2021-01-20 07:23:29'),
(15, 'MOTIA', ' موتیا', 0, '50.00', 1, '2021-01-20 07:23:54'),
(16, ' SILVER', ' سلور', 0, '50.00', 1, '2021-01-20 07:24:02'),
(37, 'GOLDEN', 'گولڈن', 0, '80.00', 1, '2021-01-20 07:23:42'),
(38, 'GOLDEN', 'گولڈن', 0, '180.00', 1, '2021-01-21 21:16:00'),
(39, 'GOLDEN', 'گولڈن', 0, '160.00', 1, '2021-01-21 21:16:23'),
(40, 'GOLDEN', 'گولڈن', 0, '220.00', 1, '2021-01-21 21:16:42'),
(41, 'SILVER', ' سلور', 0, '120.00', 1, '2021-01-21 21:17:24'),
(42, 'GOLDEN', 'گولڈن', 0, '240.00', 1, '2021-01-21 21:17:37'),
(43, 'GOLDEN', 'گولڈن', 0, '200.00', 1, '2021-01-21 21:27:48'),
(44, 'SILVER', ' سلور', 0, '100.00', 1, '2021-01-21 21:58:03'),
(45, 'SILVER', ' سلور', 0, '25.00', 1, '2021-01-21 22:20:47'),
(46, 'GOLDEN', 'گولڈن', 0, '60.00', 1, '2021-01-22 02:45:53'),
(47, 'GOLDEN', 'گولڈن', 0, '50.00', 1, '2021-01-22 02:46:06'),
(48, 'GOLDEN', 'گولڈن', 0, '120.00', 1, '2021-01-22 03:13:07'),
(49, 'GOLDEN', 'گولڈن', 0, '250.00', 1, '2021-01-22 03:48:39'),
(50, 'SILVER', ' سلور', 0, '100.00', 1, '2021-01-22 03:48:51'),
(51, 'GOLDEN', 'گولڈن', 0, '210.00', 1, '2021-01-22 04:04:34'),
(52, 'GOLDEN', 'گولڈن', 0, '40.00', 1, '2021-01-22 05:32:52'),
(53, 'GOLDEN', 'گولڈن', 0, '35.00', 1, '2021-01-22 05:40:22'),
(54, 'GOLDEN', 'گولڈن', 0, '68.00', 1, '2021-01-22 05:40:45'),
(55, 'GOLDEN', 'گولڈن', 0, '90.00', 1, '2021-01-22 05:41:07'),
(56, 'GOLDEN', 'گولڈن', 0, '65.00', 1, '2021-01-22 06:28:08'),
(57, 'GOLDEN', 'گولڈن', 0, '70.00', 1, '2021-01-22 09:43:27'),
(58, 'GOLDEN', 'گولڈن', 0, '110.00', 1, '2021-01-22 10:42:36');

-- --------------------------------------------------------

--
-- Table structure for table `config_type`
--

CREATE TABLE `config_type` (
  `id` int(11) NOT NULL,
  `title` varchar(200) NOT NULL,
  `sortorder` int(11) NOT NULL
) ENGINE=MyISAM DEFAULT CHARSET=utf8;

--
-- Dumping data for table `config_type`
--

INSERT INTO `config_type` (`id`, `title`, `sortorder`) VALUES
(1, 'General Settings', 1),
(9, 'Invoice Setting', 2);

-- --------------------------------------------------------

--
-- Table structure for table `config_variable`
--

CREATE TABLE `config_variable` (
  `id` int(11) NOT NULL,
  `config_type_id` int(11) NOT NULL,
  `title` varchar(512) NOT NULL,
  `notes` varchar(512) NOT NULL,
  `type` varchar(200) NOT NULL,
  `default_values` text NOT NULL,
  `key` varchar(200) NOT NULL,
  `value` text NOT NULL,
  `sortorder` int(11) NOT NULL
) ENGINE=MyISAM DEFAULT CHARSET=utf8;

--
-- Dumping data for table `config_variable`
--

INSERT INTO `config_variable` (`id`, `config_type_id`, `title`, `notes`, `type`, `default_values`, `key`, `value`, `sortorder`) VALUES
(1, 1, 'Site URL', '', 'text', '', 'site_url', 'http://localhost/', 2),
(2, 1, 'Site Title', '', 'text', '', 'site_title', 'ABS ENTERPRISES', 1),
(3, 1, 'Admin Logo', '', 'file', '', 'admin_logo', '', 4),
(10, 1, 'Currency Symbol', '', 'text', '', 'currency_symbol', 'Rs', 5),
(7, 1, 'Admin Email', 'Main Email Address where all the notifications will be sent.', 'text', '', 'admin_email', '', 3),
(18, 1, 'Address/Phone', '', 'editor', '', 'address_phone', '<!DOCTYPE html>\r\n<html>\r\n<head>\r\n</head>\r\n<body>\r\n\r\n</body>\r\n</html>', 6),
(19, 1, 'Header', '', 'editor', '', 'fees_chalan_header', '<!DOCTYPE html>\r\n<html>\r\n<head>\r\n</head>\r\n<body>\r\n<h1>ABS ENTERPRISES</h1>\r\n</body>\r\n</html>', 7),
(21, 9, 'Supplier Detail', '', 'editor', '', 'supplier_detail', '<!DOCTYPE html>\r\n<html>\r\n<head>\r\n</head>\r\n<body>\r\n\r\n</body>\r\n</html>', 8),
(22, 1, 'Customer ID', '', 'text', '', 'customer_id', '3', 9);

-- --------------------------------------------------------

--
-- Table structure for table `customer`
--

CREATE TABLE `customer` (
  `id` int(11) NOT NULL,
  `customer_name` varchar(100) NOT NULL,
  `customer_name_urdu` varchar(1000) CHARACTER SET utf8mb4 NOT NULL,
  `phone` varchar(20) NOT NULL,
  `address` text NOT NULL,
  `balance` int(11) NOT NULL,
  `machine_id` int(11) NOT NULL DEFAULT 0,
  `status` int(1) NOT NULL DEFAULT 1,
  `ts` timestamp NOT NULL DEFAULT current_timestamp() ON UPDATE current_timestamp()
) ENGINE=InnoDB DEFAULT CHARSET=latin1;

--
-- Dumping data for table `customer`
--

INSERT INTO `customer` (`id`, `customer_name`, `customer_name_urdu`, `phone`, `address`, `balance`, `machine_id`, `status`, `ts`) VALUES
(1, 'AL NASEMA', '  النسیمہ  بینگل اسٹور', '', '', 746445, 0, 1, '2021-01-20 07:12:42'),
(2, 'QAZI AKRAM', 'قاضی  اکرم  بینگل اسٹور', '', '', 2458605, 0, 1, '2021-01-21 21:31:13'),
(3, 'MADNI ZAM ZAM', 'مدنی زمزم بینگل اسٹور', '', '', 1401785, 0, 1, '2021-01-21 21:54:08'),
(4, 'FAIZAN MEMONA', 'فیضان میمونہ بینگل اسٹور', '', '', 1733630, 0, 1, '2021-01-21 22:14:53'),
(5, 'RAFIQ MALIK', 'رفیق ملک بینگل اسٹور', '', '', 1155495, 0, 1, '2021-01-22 03:01:05'),
(6, 'AJ AZHAR ', 'اے جے اظہر بینگل اسٹور', '', '', 1383128, 0, 1, '2021-01-22 03:15:21'),
(7, 'LAL QALANDAR', 'لال قلندر بینگل اسٹور', '', '', 1856750, 0, 1, '2021-01-22 03:30:57'),
(8, 'MZ DANISH', 'ایم زیڈ دانش بینگل اسٹور', '', '', 1053435, 0, 1, '2021-01-22 03:51:55'),
(9, 'NAJED MIRZA', 'نجید مرزا بینگل اسٹور', '', '', 2050827, 0, 1, '2021-01-22 04:17:10'),
(10, 'IRSHAD ZAHID FAHEM', 'ارشاد زاہد فہیم بینگل اسٹور', '', '', 1186510, 0, 1, '2021-01-22 04:56:50'),
(11, 'HASAN ZAHER', 'حسن ظہیر بینگل اسٹور', '', '', 2043315, 0, 1, '2021-01-22 05:11:29'),
(12, 'AL NOOR RASHID', 'النور راشد  بینگل اسٹور', '', '', 591145, 0, 1, '2021-01-22 07:03:15'),
(13, 'SAJJAD BROTHERS', 'سجاد برادرز بینگل اسٹور', '', '', 295875, 0, 1, '2021-01-22 07:12:39'),
(14, 'ABULHASAN', 'ابو الحسن بینگل اسٹور', '', '', 326775, 0, 1, '2021-01-22 07:19:39'),
(15, 'GOLDEN JUBLIEE', 'گولڈن جوبلی    بینگل اسٹور', '', '', 213005, 0, 1, '2021-01-22 07:50:12'),
(16, 'ZUBAIR JUNAID', 'زبیر جنید بینگل اسٹور', '', '', 628980, 0, 1, '2021-01-22 09:51:20'),
(17, 'AZEM FAHEM', 'عظیم  فہیم  بینگل اسٹور', '', '', 286500, 0, 1, '2021-01-22 10:17:14'),
(18, 'MAHNOOR', 'ماہ نور بینگل اسٹور', '', '', 462615, 0, 1, '2021-01-22 10:20:15'),
(19, 'ALI EBAD', 'علی عباد  بینگل اسٹور', '', '', 318375, 0, 1, '2021-01-22 10:28:11'),
(20, 'REHAN FARHAN', 'ریحان فرحان بینگل اسٹور', '', '', 470500, 0, 1, '2021-01-22 10:58:07'),
(21, 'KANCH MEHAL AZHAR', 'کانچ محل بینگل اسٹور', '', '', 329816, 0, 1, '2021-01-22 11:07:18'),
(22, 'FAZL E RABI', 'فضل ربی     بینگل اسٹور', '', '', 205760, 0, 1, '2021-01-22 12:56:16'),
(23, 'NADEM QADRI', 'ندیم قادری بینگل اسٹور', '', '', 208450, 0, 1, '2021-01-22 13:04:17'),
(24, 'FAHAD JUNAID', 'فہد جنید  بینگل اسٹور', '', '', 1452940, 0, 1, '2021-01-22 13:55:28'),
(25, 'SHAHID QURESHI', 'شاہد قریشی بینگل اسٹور', '', '', 124585, 0, 1, '2021-01-22 14:15:47'),
(26, 'FAROOQ AFSHEN', 'فاروق افشین بینگل اسٹور', '', '', 236075, 0, 1, '2021-01-22 14:27:35'),
(27, 'ARIF ASIF', 'عارف آصف  بینگل اسٹور', '', '', 238500, 0, 1, '2021-01-22 14:36:53'),
(28, 'MAHEEN REHAN', 'ماہین بینگل اسٹور', '', '', 229500, 0, 1, '2021-01-22 14:43:01'),
(29, 'ZUBAIR MUSHTAQ', 'زبیر مشتاق  بینگل اسٹور', '', '', 0, 0, 1, '2021-01-20 07:05:51'),
(30, 'RAHEL MUSHTAQ', 'راحیل مشتاق بینگل اسٹور', '', '', 0, 0, 1, '2021-01-20 07:01:02'),
(31, 'UNIQUE WAQAR', 'یونیک وقار   بینگل اسٹور', '', '', 0, 0, 1, '2021-01-20 07:18:15'),
(32, 'FALAK STAR', 'فلک اسٹار بینگل اسٹور', '', '', 0, 0, 1, '2021-01-20 06:42:33'),
(33, 'HAJI FARHAN', 'حاجی   فرحان بینگل اسٹور', '', '', 0, 0, 1, '2021-01-20 06:46:16'),
(34, 'FAROOQ NOOR', 'فاروق نور بینگل اسٹور', '', '', 0, 0, 1, '2021-01-20 06:43:17'),
(35, 'DUBAI', 'دبئی  بینگل اسٹور', '', '', 0, 0, 1, '2021-01-20 06:40:35'),
(36, 'SEVEN STAR', 'سیون اسٹار بینگل اسٹور', '', '', 0, 0, 1, '2021-01-20 07:02:51'),
(37, 'ZIAUDIN', 'ضیاء الدین بینگل اسٹور', '', '', 0, 0, 1, '2021-01-20 07:04:55'),
(38, 'ARIF CHANDA', 'عارف چندہ  بینگل اسٹور', '', '', 0, 0, 1, '2021-01-20 06:37:55'),
(39, 'UZMA', 'عظمی بینگل اسٹور', '', '', 0, 0, 1, '2021-01-20 07:04:01'),
(40, 'PRIME', 'پرائم بینگل اسٹور', '', '', 0, 0, 1, '2021-01-20 06:59:19'),
(41, 'ZAHID KHALID', 'زاہد خالد بینگل اسٹور', '', '', 0, 0, 1, '2021-01-20 07:04:18'),
(42, 'HADI HASAN', 'ہادی حسن   بینگل اسٹور', '', '', 0, 0, 1, '2021-01-20 06:45:40'),
(43, 'HINA NAEEM', 'حنا نعیم بینگل اسٹور', '', '', 0, 0, 1, '2021-01-20 07:15:40'),
(44, 'JUNAID RUBAB', 'جنید رباب بینگل اسٹور', '', '', 0, 0, 1, '2021-01-20 06:50:03'),
(45, 'MUSKURAHAT', 'مسکراہٹ بینگل اسٹور', '', '', 0, 0, 1, '2021-01-20 06:53:29'),
(46, 'ADNAN KAMRAN', 'عدنان کامران  بینگل اسٹور', '', '', 0, 0, 1, '2021-01-20 06:34:03'),
(47, 'ASIF INSHA', 'آصف انشاء  بینگل اسٹور', '', '', 0, 0, 1, '2021-01-20 06:38:47'),
(48, 'IRFAN ASHRAF', 'عرفان اشرف بینگل اسٹور', '', '', 0, 0, 1, '2021-01-20 06:49:27'),
(49, 'NEHAL SHAH', 'نہال   شاہ بینگل اسٹور', '', '', 0, 0, 1, '2021-01-20 06:57:48'),
(50, 'M NADEM JUNAID', 'ایم ندیم جنید بینگل اسٹور', '', '', 0, 0, 1, '2021-01-20 06:51:52'),
(51, 'EMAN AMIMA', 'ایمان عمائمہ بینگل اسٹور', '', '', 0, 0, 1, '2021-01-20 07:14:07'),
(52, 'NAWAB', 'نواب بینگل اسٹور', '', '', 0, 0, 1, '2021-01-20 06:57:17'),
(53, 'HAMAD FAIZA NOOR', 'حماد فائزہ نور  بینگل اسٹور', '', '', 0, 0, 1, '2021-01-20 06:47:30'),
(54, 'ASGHAR BHAI', 'اصغر بھائی  بینگل اسٹور', '', '', 0, 0, 1, '2021-01-20 06:38:16'),
(55, 'INTIZAR ARIF', 'انتظار عارف بینگل اسٹور', '', '', 0, 0, 1, '2021-01-20 06:49:12'),
(56, ' MEQAT ANWAR', 'میقات انور  بینگل اسٹور', '', '', 0, 0, 1, '2021-01-20 07:11:41'),
(57, 'SALMAN MUKHTIYAR', 'سلمان مختیار بینگل اسٹور', '', '', 0, 0, 1, '2021-01-20 07:02:35'),
(58, 'NOMAN HASAN', 'نعمان حسن  بینگل اسٹور', '', '', 0, 0, 1, '2021-01-20 06:58:59'),
(59, 'ARIF AZIZ', 'عارف عزیز  بینگل اسٹور', '', '', 0, 0, 1, '2021-01-20 06:37:23'),
(60, 'HAMZA BILAL', 'حمزہ بلال بینگل اسٹور', '', '', 0, 0, 1, '2021-01-20 06:47:48'),
(61, 'RIYAZ ALFATIMA', 'ریاض الفاطمہ بینگل اسٹور', '', '', 0, 0, 1, '2021-01-20 07:01:36'),
(62, 'NIMRA DANYAL', 'نمرہ دانیال  بینگل اسٹور', '', '', 0, 0, 1, '2021-01-20 06:58:32'),
(63, 'IMRAN IQBAL', 'عمران اقبال بینگل اسٹور', '', '', 0, 0, 1, '2021-01-20 06:48:43'),
(64, 'KAMALUDIN', 'کمال الدین بینگل اسٹور', '', '', 0, 0, 1, '2021-01-20 06:50:31'),
(65, 'BAB E ZAFAR', 'باب ظفر  بینگل اسٹور', '', '', 0, 0, 1, '2021-01-20 07:13:34'),
(66, 'SHAHID HIRA', 'شاہد حرا بینگل اسٹور', '', '', 0, 0, 1, '2021-01-20 07:16:48'),
(67, 'AKHTAR INSHA', 'اختر انشاء  بینگل اسٹور', '', '', 0, 0, 1, '2021-01-20 06:35:26'),
(68, 'MAJID SALAM MIA', 'ماجد سلام میاں بینگل اسٹور', '', '', 0, 0, 1, '2021-01-20 07:16:03'),
(69, 'AHSAN ISHRAT', 'احسن عشرت  بینگل اسٹور', '', '', 0, 0, 1, '2021-01-20 06:34:38'),
(70, 'AL MOIN', 'المعین  بینگل اسٹور', '', '', 0, 0, 1, '2021-01-20 06:35:49'),
(71, 'SALMAN', 'سلمان بینگل اسٹور', '', '', 0, 0, 1, '2021-01-20 07:02:16'),
(72, 'ZAINAB NAZ', 'زینب ناز بینگل اسٹور', '', '', 0, 0, 1, '2021-01-20 07:04:38'),
(73, 'FAIZAN HANEF', 'فیضان حنیف بینگل اسٹور', '', '', 0, 0, 1, '2021-01-20 06:41:57'),
(74, 'HAJI KHALID', 'حاجی خالد  بینگل اسٹور', '', '', 0, 0, 1, '2021-01-20 06:47:11'),
(75, 'SHAHRUKH', 'شاہ رخ بینگل اسٹور', '', '', 0, 0, 1, '2021-01-20 07:03:41'),
(76, 'FAIZAN ADNAN', 'فیضان عدنان بینگل اسٹور', '', '', 0, 0, 1, '2021-01-20 06:41:40'),
(77, 'FAYAZ AHMAD', 'فیاض احمد بینگل اسٹور', '', '', 0, 0, 1, '2021-01-20 06:43:46'),
(78, 'ADIL YAMEN', 'عادل یامین  بینگل اسٹور', '', '', 105520, 0, 1, '2021-01-20 06:36:34'),
(79, 'EBAD OMAR', 'عباد عمر  بینگل اسٹور', '', '', 422256, 0, 1, '2021-01-20 07:18:36'),
(80, 'NADEM SIKANDAR', 'ندیم سکندر بینگل اسٹور', '', '', 56900, 0, 1, '2021-01-20 06:54:28'),
(81, 'CHAMAN', 'چمن  بینگل اسٹور', '', '', 85160, 0, 1, '2021-01-20 06:40:17'),
(82, 'AJAZ KHALID', 'اعجاز خالد  بینگل اسٹور', '', '', 0, 0, 1, '2021-01-20 06:35:06'),
(83, 'FAHIM SP', 'فہیم ایس پی  بینگل اسٹور', '', '', 0, 0, 1, '2021-01-20 06:41:21'),
(84, 'ERUM ISLAM', 'ارم اسلام بینگل اسٹور', '', '', 0, 0, 1, '2021-01-20 07:15:01'),
(85, 'JALWA ', 'جلوہ بینگل اسٹور', '', '', 3310805, 0, 1, '2021-01-21 20:31:14'),
(86, 'NADEEM ADNAN', 'ندیم عدنان بینگل اسٹور', '', '', 1881520, 0, 1, '2021-01-21 21:49:17'),
(87, 'MUZAHIR', '', '', '', 1483445, 0, 1, '2021-01-22 02:52:25'),
(88, 'ADIL', '', '', '', 79350, 0, 1, '2021-01-22 07:31:17'),
(89, 'HAJI ATHAR', '', '', '', 44175, 0, 1, '2021-01-22 07:34:41'),
(90, 'ALAM', '', '', '', 60600, 0, 1, '2021-01-22 07:42:55'),
(91, 'BOMBAY', '', '', '', 31500, 0, 1, '2021-01-22 10:18:46'),
(92, 'SHARAFAT', '', '', '', 94185, 0, 1, '2021-01-22 13:48:18'),
(93, 'IKRAM YOUSUF', '', '', '', 366100, 0, 1, '2021-01-22 13:49:50'),
(94, 'FAHIM PAYAL', '', '', '', 13705, 0, 1, '2021-01-22 13:51:57');

-- --------------------------------------------------------

--
-- Table structure for table `customer_payment`
--

CREATE TABLE `customer_payment` (
  `id` int(11) NOT NULL,
  `customer_id` int(11) NOT NULL,
  `machine_id` int(11) NOT NULL DEFAULT 0,
  `datetime_added` datetime NOT NULL,
  `amount` decimal(10,2) NOT NULL,
  `discount` decimal(10,2) NOT NULL,
  `account_id` int(11) NOT NULL,
  `details` varchar(1000) CHARACTER SET utf8 NOT NULL,
  `status` int(1) NOT NULL DEFAULT 1,
  `ts` timestamp NOT NULL DEFAULT current_timestamp() ON UPDATE current_timestamp()
) ENGINE=InnoDB DEFAULT CHARSET=latin1;

--
-- Dumping data for table `customer_payment`
--

INSERT INTO `customer_payment` (`id`, `customer_id`, `machine_id`, `datetime_added`, `amount`, `discount`, `account_id`, `details`, `status`, `ts`) VALUES
(1, 1, 0, '2020-06-11 15:08:00', '200000.00', '0.00', 0, 'جمع', 1, '2021-01-20 07:28:45'),
(2, 1, 0, '2020-06-15 15:11:00', '30000.00', '0.00', 0, 'جمع', 1, '2021-01-20 07:28:40'),
(3, 1, 0, '2020-07-11 15:12:00', '50000.00', '0.00', 0, 'جمع', 1, '2021-01-20 07:28:34'),
(4, 1, 0, '2020-07-27 15:12:00', '50000.00', '0.00', 0, 'جمع', 1, '2021-01-20 07:28:29'),
(6, 1, 0, '2020-08-27 15:22:00', '100000.00', '0.00', 0, 'جمع', 1, '2021-01-20 07:28:23'),
(8, 1, 0, '2020-09-16 15:27:00', '30000.00', '0.00', 0, 'جمع', 1, '2021-01-20 07:28:17'),
(9, 1, 0, '2020-09-24 15:27:00', '50000.00', '0.00', 0, 'جمع', 1, '2021-01-20 07:28:12'),
(11, 1, 0, '2020-10-08 15:28:00', '20000.00', '0.00', 0, 'جمع', 1, '2021-01-20 07:28:05'),
(12, 1, 0, '2020-10-15 15:29:00', '50000.00', '0.00', 0, 'جمع', 1, '2021-01-20 07:26:11'),
(16, 1, 0, '2020-11-30 15:36:00', '0.00', '1300.00', 0, 'LOSS TOREY نقصان', 1, '2021-01-20 07:29:56'),
(20, 85, 0, '2020-06-10 01:32:00', '500000.00', '0.00', 0, '', 1, '2021-01-21 20:33:21'),
(21, 85, 0, '2020-06-15 01:33:00', '300000.00', '0.00', 0, '', 1, '2021-01-21 20:34:13'),
(22, 85, 0, '2020-06-18 01:34:00', '200000.00', '0.00', 0, '', 1, '2021-01-21 20:34:38'),
(23, 85, 0, '2020-06-24 01:34:00', '100000.00', '0.00', 0, '', 1, '2021-01-21 20:34:53'),
(24, 85, 0, '2020-07-07 01:34:00', '400000.00', '0.00', 0, '', 1, '2021-01-21 20:35:13'),
(25, 85, 0, '2020-07-29 01:35:00', '500000.00', '0.00', 0, '', 1, '2021-01-21 20:35:30'),
(26, 85, 0, '2020-07-30 01:35:00', '400000.00', '0.00', 0, '', 1, '2021-01-21 20:35:49'),
(27, 85, 0, '2020-09-03 01:35:00', '300000.00', '0.00', 0, '', 1, '2021-01-21 20:36:09'),
(28, 85, 0, '2020-10-04 01:38:00', '0.00', '610805.00', 0, 'VIRUS', 1, '2021-01-21 20:38:53'),
(29, 85, 0, '2021-01-22 01:43:40', '0.00', '0.00', 15, 'Payment against Delivery #1', 1, '2021-01-21 20:43:40'),
(30, 85, 0, '2020-10-22 01:43:00', '0.00', '23610.00', 0, 'DISCOUNT', 1, '2021-01-21 20:47:24'),
(31, 85, 0, '2020-10-30 01:45:00', '150000.00', '0.00', 0, '', 1, '2021-01-21 20:45:51'),
(38, 2, 0, '2020-06-03 02:32:00', '500000.00', '0.00', 0, '', 1, '2021-01-21 21:33:08'),
(39, 2, 0, '2020-06-20 02:33:00', '100000.00', '0.00', 0, '', 1, '2021-01-21 21:34:04'),
(40, 2, 0, '2020-06-22 02:34:00', '100000.00', '0.00', 0, '', 1, '2021-01-21 21:34:19'),
(41, 2, 0, '2020-06-25 02:34:00', '200000.00', '0.00', 0, '', 1, '2021-01-21 21:34:35'),
(42, 2, 0, '2020-06-30 02:34:00', '200000.00', '0.00', 0, '', 1, '2021-01-21 21:34:53'),
(43, 2, 0, '2020-06-30 02:35:00', '0.00', '38000.00', 0, 'RF', 1, '2021-01-21 21:35:59'),
(44, 2, 0, '2020-06-30 02:36:00', '0.00', '32500.00', 0, 'CLAIM', 1, '2021-01-21 21:36:30'),
(45, 2, 0, '2020-07-02 02:36:00', '50000.00', '0.00', 0, '', 1, '2021-01-21 21:36:59'),
(46, 2, 0, '2020-07-03 02:37:00', '0.00', '25200.00', 0, 'CLAIM', 1, '2021-01-21 21:37:45'),
(47, 2, 0, '2020-08-08 02:37:00', '500000.00', '0.00', 0, '', 1, '2021-01-21 21:38:07'),
(48, 2, 0, '2020-08-11 02:38:00', '500000.00', '0.00', 0, '', 1, '2021-01-21 21:38:24'),
(49, 2, 0, '2020-08-30 02:38:00', '0.00', '270605.00', 0, 'PRIZE', 1, '2021-01-21 21:39:23'),
(50, 2, 0, '2020-10-31 02:39:00', '0.00', '31050.00', 0, 'CLAIM', 1, '2021-01-21 21:40:13'),
(51, 2, 0, '2020-10-31 02:40:00', '0.00', '124930.00', 0, 'CLAIM 1509', 1, '2021-01-21 21:41:15'),
(52, 2, 0, '2020-12-21 02:41:00', '100000.00', '0.00', 0, '', 1, '2021-01-21 21:41:39'),
(53, 2, 0, '2020-12-24 02:41:00', '100000.00', '0.00', 0, '', 1, '2021-01-21 21:41:51'),
(54, 2, 0, '2020-12-29 02:41:00', '100000.00', '0.00', 0, '', 1, '2021-01-21 21:42:08'),
(55, 2, 0, '2020-12-31 02:42:00', '0.00', '2750.00', 0, 'CLAIM', 1, '2021-01-21 21:42:34'),
(56, 86, 0, '2020-06-01 02:50:00', '800000.00', '0.00', 0, '', 1, '2021-01-21 21:50:34'),
(57, 86, 0, '2020-06-02 02:50:00', '50000.00', '0.00', 0, '', 1, '2021-01-21 21:50:55'),
(58, 86, 0, '2020-06-08 02:51:00', '200000.00', '0.00', 0, '', 1, '2021-01-21 21:51:17'),
(59, 86, 0, '2020-06-17 02:51:00', '50000.00', '0.00', 0, '', 1, '2021-01-21 21:51:34'),
(60, 86, 0, '2020-06-18 02:51:00', '500000.00', '0.00', 0, '', 1, '2021-01-21 21:51:55'),
(61, 86, 0, '2020-06-30 02:52:00', '0.00', '281520.00', 0, 'RF', 1, '2021-01-21 21:52:32'),
(62, 3, 0, '2020-06-01 02:54:00', '700000.00', '0.00', 0, '', 1, '2021-01-21 21:54:54'),
(63, 3, 0, '2020-06-13 02:54:00', '450000.00', '0.00', 0, '', 1, '2021-01-21 21:55:17'),
(64, 3, 0, '2020-06-30 02:55:00', '0.00', '39665.00', 0, 'CLAIM 603', 1, '2021-01-21 21:56:03'),
(66, 3, 0, '2020-07-01 03:00:00', '251785.00', '0.00', 0, '', 1, '2021-01-21 22:01:27'),
(67, 3, 0, '2020-07-13 03:01:00', '180000.00', '0.00', 0, '', 1, '2021-01-21 22:02:02'),
(69, 3, 0, '2020-08-18 03:03:00', '220000.00', '0.00', 0, '', 1, '2021-01-21 22:03:40'),
(71, 3, 0, '2020-10-17 03:06:00', '100000.00', '0.00', 0, '', 1, '2021-01-21 22:06:44'),
(72, 3, 0, '2020-10-30 03:06:00', '0.00', '5130.00', 0, 'CLAIM 40', 1, '2021-01-21 22:07:28'),
(74, 3, 0, '2020-11-11 03:08:00', '100000.00', '0.00', 0, '', 1, '2021-01-21 22:09:03'),
(76, 3, 0, '2020-12-08 03:10:00', '160000.00', '0.00', 0, '', 1, '2021-01-21 22:11:01'),
(77, 3, 0, '2020-12-23 03:11:00', '100000.00', '0.00', 0, '', 1, '2021-01-21 22:11:27'),
(78, 3, 0, '2020-12-29 03:11:00', '0.00', '28350.00', 0, 'CLAIM 210', 1, '2021-01-21 22:12:20'),
(79, 3, 0, '2020-12-28 03:12:00', '10400.00', '0.00', 0, '', 1, '2021-01-21 22:13:10'),
(81, 4, 0, '2020-06-09 03:15:00', '500000.00', '0.00', 0, '', 1, '2021-01-21 22:15:27'),
(82, 4, 0, '2020-06-22 03:15:00', '300000.00', '0.00', 0, '', 1, '2021-01-21 22:15:51'),
(83, 4, 0, '2020-06-29 03:15:00', '200000.00', '0.00', 0, '', 1, '2021-01-21 22:16:16'),
(85, 4, 0, '2020-07-31 03:18:00', '0.00', '233630.00', 0, 'VIRUS ', 1, '2021-01-22 05:15:46'),
(87, 4, 0, '2020-10-01 03:22:00', '200000.00', '0.00', 0, '', 1, '2021-01-21 22:22:58'),
(88, 4, 0, '2020-10-21 03:23:00', '200000.00', '0.00', 0, '', 1, '2021-01-21 22:23:21'),
(90, 4, 0, '2020-11-19 07:40:00', '200000.00', '0.00', 0, '', 1, '2021-01-22 02:41:18'),
(92, 4, 0, '2020-12-21 07:42:00', '200000.00', '0.00', 0, '', 1, '2021-01-22 02:42:36'),
(93, 4, 0, '2020-12-23 07:42:00', '30000.00', '0.00', 0, '', 1, '2021-01-22 02:42:59'),
(94, 4, 0, '2020-12-24 07:43:00', '25000.00', '0.00', 0, '', 1, '2021-01-22 02:43:31'),
(95, 4, 0, '2020-12-27 07:43:00', '0.00', '650.00', 0, 'loss', 1, '2021-01-22 02:44:21'),
(97, 87, 0, '2020-06-10 07:52:00', '300000.00', '0.00', 0, '', 1, '2021-01-22 02:53:04'),
(99, 87, 0, '2020-06-29 07:53:00', '100000.00', '0.00', 0, '', 1, '2021-01-22 02:53:56'),
(100, 87, 0, '2020-07-06 07:54:00', '50000.00', '0.00', 0, '', 1, '2021-01-22 02:54:18'),
(101, 87, 0, '2020-07-16 07:54:00', '500000.00', '0.00', 0, '', 1, '2021-01-22 02:54:43'),
(102, 87, 0, '2020-09-10 07:54:00', '300000.00', '0.00', 0, '', 1, '2021-01-22 02:55:13'),
(103, 87, 0, '2020-10-08 07:55:00', '0.00', '183445.00', 0, 'RF', 1, '2021-01-22 02:58:48'),
(104, 87, 0, '2020-06-23 07:57:00', '50000.00', '0.00', 0, '', 1, '2021-01-22 02:57:44'),
(105, 5, 0, '2020-06-18 08:01:00', '300000.00', '0.00', 0, '', 1, '2021-01-22 03:01:36'),
(106, 5, 0, '2020-06-20 08:01:00', '200000.00', '0.00', 0, '', 1, '2021-01-22 03:01:54'),
(109, 5, 0, '2020-08-17 08:03:00', '400000.00', '0.00', 0, '', 1, '2021-01-22 03:03:56'),
(110, 5, 0, '2020-08-20 08:04:00', '125000.00', '0.00', 0, '', 1, '2021-01-22 03:04:29'),
(111, 5, 0, '2020-07-31 08:04:00', '0.00', '130495.00', 0, 'RF', 1, '2021-01-22 03:05:08'),
(115, 5, 0, '2020-11-18 08:07:00', '50000.00', '0.00', 0, '', 1, '2021-01-22 03:07:41'),
(117, 5, 0, '2020-12-22 08:09:00', '50000.00', '0.00', 0, '', 1, '2021-01-22 03:10:13'),
(118, 5, 0, '2020-12-27 08:10:00', '0.00', '16000.00', 0, 'LOSS', 1, '2021-01-22 03:10:42'),
(120, 6, 0, '2020-06-22 08:15:00', '300000.00', '0.00', 0, '', 1, '2021-01-22 03:15:46'),
(121, 6, 0, '2020-06-24 08:15:00', '300000.00', '0.00', 0, '', 1, '2021-01-22 03:16:01'),
(122, 6, 0, '2020-06-30 08:16:00', '0.00', '44253.00', 0, 'RF', 1, '2021-01-22 03:16:35'),
(124, 6, 0, '2020-07-27 08:17:00', '200000.00', '0.00', 0, '', 1, '2021-01-22 03:17:43'),
(126, 6, 0, '2020-08-10 08:18:00', '0.00', '138875.00', 0, 'RF', 1, '2021-01-22 03:19:11'),
(127, 6, 0, '2020-08-17 08:19:00', '400000.00', '0.00', 0, '', 1, '2021-01-22 03:19:33'),
(129, 6, 0, '2020-09-30 08:20:00', '0.00', '31860.00', 0, 'CLAIM 708', 1, '2021-01-22 03:20:52'),
(133, 6, 0, '2020-12-10 08:23:00', '200000.00', '0.00', 0, '', 1, '2021-01-22 03:23:18'),
(134, 6, 0, '2020-12-27 08:23:00', '0.00', '56095.00', 0, 'CLAIM 863', 1, '2021-01-22 03:23:48'),
(135, 6, 0, '2020-12-28 08:23:00', '0.00', '1040.00', 0, 'LOSS', 1, '2021-01-22 03:24:10'),
(137, 7, 0, '2020-06-14 08:31:00', '500000.00', '0.00', 0, '', 1, '2021-01-22 03:31:35'),
(138, 7, 0, '2020-06-16 08:31:00', '500000.00', '0.00', 0, '', 1, '2021-01-22 03:31:56'),
(141, 7, 0, '2020-08-12 08:34:00', '500000.00', '0.00', 0, '', 1, '2021-01-22 03:34:42'),
(142, 7, 0, '2020-08-13 08:34:00', '100000.00', '0.00', 0, '', 1, '2021-01-22 03:35:02'),
(143, 7, 0, '2020-07-31 08:35:00', '0.00', '256750.00', 0, 'RF', 1, '2021-01-22 03:35:54'),
(145, 7, 0, '2020-08-31 08:36:00', '0.00', '34500.00', 0, 'CLAIM 600', 1, '2021-01-22 03:37:18'),
(147, 7, 0, '2020-10-27 08:38:00', '50000.00', '0.00', 0, '', 1, '2021-01-22 03:39:07'),
(148, 7, 0, '2020-10-31 08:39:00', '0.00', '7965.00', 0, 'CLAIM 59', 1, '2021-01-22 03:39:39'),
(150, 7, 0, '2020-11-12 08:41:00', '200000.00', '0.00', 0, '', 1, '2021-01-22 03:42:10'),
(151, 7, 0, '2020-11-21 08:42:00', '0.00', '53235.00', 0, 'CLAIM 757', 1, '2021-01-22 03:43:01'),
(153, 7, 0, '2020-12-16 08:43:00', '250000.00', '0.00', 0, '', 1, '2021-01-22 03:45:52'),
(154, 7, 0, '2020-12-27 08:45:00', '0.00', '54700.00', 0, 'CLAIM 820', 1, '2021-01-22 03:46:19'),
(155, 7, 0, '2020-12-28 08:46:00', '0.00', '5300.00', 0, 'LOSS', 1, '2021-01-22 03:46:43'),
(157, 8, 0, '2020-06-08 08:53:00', '500000.00', '0.00', 0, '', 1, '2021-01-22 03:54:11'),
(158, 8, 0, '2020-06-30 08:54:00', '100000.00', '0.00', 0, '', 1, '2021-01-22 03:54:46'),
(159, 8, 0, '2020-06-30 08:54:00', '0.00', '20500.00', 0, 'CLAIM 1200', 1, '2021-01-22 03:55:17'),
(161, 8, 0, '2020-07-11 08:56:00', '100000.00', '0.00', 0, '', 1, '2021-01-22 03:57:13'),
(162, 8, 0, '2020-07-18 08:57:00', '200000.00', '0.00', 0, '', 1, '2021-01-22 03:57:36'),
(164, 8, 0, '2020-08-15 08:58:00', '500000.00', '0.00', 0, '', 1, '2021-01-22 03:58:54'),
(165, 8, 0, '2020-08-28 08:58:00', '0.00', '33000.00', 0, 'CLAIM 600', 1, '2021-01-22 03:59:37'),
(166, 8, 0, '2020-08-29 08:59:00', '0.00', '37000.00', 0, 'CLAIM 700', 1, '2021-01-22 04:00:13'),
(167, 8, 0, '2020-07-31 09:00:00', '0.00', '153435.00', 0, 'RF', 1, '2021-01-22 04:00:48'),
(169, 8, 0, '2020-08-31 09:01:00', '0.00', '81800.00', 0, 'CLAIM 1260', 1, '2021-01-22 04:02:20'),
(171, 8, 0, '2020-10-14 09:06:00', '0.00', '39000.00', 0, 'CLAIM 600', 1, '2021-01-22 04:06:38'),
(173, 8, 0, '2020-11-16 09:08:00', '200000.00', '0.00', 0, '', 1, '2021-01-22 04:08:48'),
(174, 8, 0, '2020-10-30 09:09:00', '0.00', '39000.00', 0, 'CLAIM 600', 1, '2021-01-22 04:09:30'),
(176, 8, 0, '2020-12-12 09:10:00', '200000.00', '0.00', 0, '', 1, '2021-01-22 04:10:46'),
(177, 8, 0, '2020-12-14 09:10:00', '50000.00', '0.00', 0, '', 1, '2021-01-22 04:11:03'),
(178, 8, 0, '2020-12-15 09:11:00', '50000.00', '0.00', 0, '', 1, '2021-01-22 04:11:18'),
(179, 8, 0, '2020-12-18 09:11:00', '0.00', '19500.00', 0, 'CLAIM 430', 1, '2021-01-22 04:11:51'),
(180, 8, 0, '2020-12-25 09:11:00', '0.00', '6500.00', 0, 'LOSS', 1, '2021-01-22 04:12:17'),
(182, 9, 0, '2020-06-15 09:17:00', '900000.00', '0.00', 0, '', 1, '2021-01-22 04:17:37'),
(184, 9, 0, '2020-07-28 09:25:00', '200000.00', '0.00', 0, '', 1, '2021-01-22 04:25:19'),
(186, 9, 0, '2020-08-22 09:26:00', '200000.00', '0.00', 0, '', 1, '2021-01-22 04:26:52'),
(187, 9, 0, '2020-08-26 09:26:00', '0.00', '49900.00', 0, 'CLAIM 998', 1, '2021-01-22 04:27:27'),
(189, 9, 0, '2020-09-01 09:28:00', '300000.00', '0.00', 0, '', 1, '2021-01-22 04:28:43'),
(190, 9, 0, '2020-09-10 09:28:00', '100000.00', '0.00', 0, '', 1, '2021-01-22 04:29:08'),
(191, 9, 0, '2020-09-14 09:29:00', '100000.00', '0.00', 0, '', 1, '2021-01-22 04:29:45'),
(193, 9, 0, '2020-10-05 09:31:00', '250827.00', '0.00', 0, '', 1, '2021-01-22 04:31:50'),
(197, 9, 0, '2020-12-22 09:34:00', '100000.00', '0.00', 0, '', 1, '2021-01-22 04:34:31'),
(198, 9, 0, '2020-12-23 09:34:00', '0.00', '120380.00', 0, 'CLAIM 1852', 1, '2021-01-22 04:35:05'),
(199, 9, 0, '2020-12-25 09:35:00', '0.00', '82815.00', 0, 'CLAIM 1181', 1, '2021-01-22 04:35:37'),
(200, 9, 0, '2020-12-28 09:35:00', '0.00', '12420.00', 0, 'LOSS', 1, '2021-01-22 04:36:00'),
(203, 9, 0, '2021-01-06 09:51:00', '100000.00', '0.00', 0, '', 1, '2021-01-22 04:51:42'),
(204, 10, 0, '2020-06-11 09:56:00', '350000.00', '0.00', 0, '', 1, '2021-01-22 04:57:16'),
(205, 10, 0, '2020-06-24 09:57:00', '50000.00', '0.00', 0, '', 1, '2021-01-22 04:57:46'),
(206, 10, 0, '2020-06-26 09:57:00', '0.00', '22000.00', 0, 'RF', 1, '2021-01-22 04:58:34'),
(208, 10, 0, '2020-07-04 09:59:00', '100000.00', '0.00', 0, '', 1, '2021-01-22 04:59:49'),
(209, 10, 0, '2020-07-06 09:59:00', '100000.00', '0.00', 0, '', 1, '2021-01-22 05:00:12'),
(210, 10, 0, '2020-07-29 10:00:00', '0.00', '17500.00', 0, 'CLAIM 320', 1, '2021-01-22 05:00:44'),
(212, 10, 0, '2020-08-27 10:01:00', '400000.00', '0.00', 0, '', 1, '2021-01-22 05:02:07'),
(213, 10, 0, '2020-08-29 10:02:00', '0.00', '13750.00', 0, 'CLAIM 250', 1, '2021-01-22 05:02:48'),
(217, 10, 0, '2020-10-30 10:06:00', '0.00', '2950.00', 0, 'CLAIM 25', 1, '2021-01-22 05:07:09'),
(219, 10, 0, '2020-11-30 10:08:00', '0.00', '2025.00', 0, 'CLAIM 15', 1, '2021-01-22 05:08:40'),
(221, 4, 0, '2020-07-28 10:15:00', '500000.00', '0.00', 0, '', 1, '2021-01-22 05:16:19'),
(222, 11, 0, '2020-06-01 10:23:00', '500000.00', '0.00', 0, '', 1, '2021-01-22 05:23:57'),
(223, 11, 0, '2020-06-10 10:24:00', '100000.00', '0.00', 0, '', 1, '2021-01-22 05:25:06'),
(224, 11, 0, '2020-06-22 10:25:00', '50000.00', '0.00', 0, '', 1, '2021-01-22 05:25:59'),
(225, 11, 0, '2020-06-25 10:26:00', '200000.00', '0.00', 0, '', 1, '2021-01-22 05:26:19'),
(226, 11, 0, '2020-06-29 10:26:00', '100000.00', '0.00', 0, '', 1, '2021-01-22 05:26:37'),
(227, 11, 0, '2021-01-22 10:29:12', '0.00', '0.00', 15, 'Payment against Delivery #1', 1, '2021-01-22 05:29:12'),
(228, 11, 0, '2021-01-22 10:32:37', '0.00', '0.00', 15, 'Payment against Delivery #2', 1, '2021-01-22 05:32:37'),
(229, 11, 0, '2020-08-11 10:33:00', '580000.00', '0.00', 0, '', 1, '2021-01-22 05:34:11'),
(230, 11, 0, '2020-08-17 10:34:00', '70000.00', '0.00', 0, '', 1, '2021-01-22 05:34:35'),
(231, 11, 0, '2020-08-18 10:34:00', '50000.00', '0.00', 0, '', 1, '2021-01-22 05:35:04'),
(232, 11, 0, '2020-08-25 10:35:00', '50000.00', '0.00', 0, '', 1, '2021-01-22 05:35:24'),
(233, 11, 0, '2020-08-27 10:35:00', '50000.00', '0.00', 0, '', 1, '2021-01-22 05:35:45'),
(234, 11, 0, '2020-08-29 10:35:00', '0.00', '293315.00', 0, 'RF', 1, '2021-01-22 05:36:31'),
(235, 11, 0, '2021-01-22 10:38:22', '0.00', '0.00', 15, 'Payment against Delivery #3', 1, '2021-01-22 05:38:22'),
(236, 11, 0, '2021-01-22 10:49:20', '0.00', '0.00', 15, 'Payment against Delivery #4', 1, '2021-01-22 05:49:20'),
(237, 11, 0, '2020-10-10 10:49:00', '150000.00', '0.00', 0, '', 1, '2021-01-22 05:49:51'),
(238, 11, 0, '2021-01-22 11:25:17', '0.00', '0.00', 15, 'Payment against Delivery #5', 1, '2021-01-22 06:25:17'),
(239, 11, 0, '2020-11-08 11:25:00', '150000.00', '0.00', 0, '', 1, '2021-01-22 06:26:36'),
(240, 11, 0, '2020-11-29 11:53:00', '100000.00', '0.00', 0, '', 1, '2021-01-22 06:53:50'),
(241, 11, 0, '2020-11-30 11:53:00', '0.00', '300000.00', 0, 'CLAIM 3007', 1, '2021-01-22 06:54:29'),
(242, 11, 0, '2021-01-22 11:56:16', '0.00', '0.00', 15, 'Payment against Delivery #6', 1, '2021-01-22 06:56:16'),
(244, 11, 0, '2021-01-22 12:00:11', '0.00', '0.00', 15, 'Payment against Delivery #7', 1, '2021-01-22 07:00:11'),
(245, 12, 0, '2021-01-22 12:04:09', '0.00', '0.00', 15, 'Payment against Delivery #1', 1, '2021-01-22 07:04:09'),
(246, 12, 0, '2021-01-22 12:04:52', '0.00', '0.00', 15, 'Payment against Delivery #2', 1, '2021-01-22 07:04:52'),
(247, 12, 0, '2021-01-22 12:05:21', '0.00', '0.00', 15, 'Payment against Delivery #3', 1, '2021-01-22 07:05:21'),
(248, 12, 0, '2020-06-17 12:05:00', '300000.00', '0.00', 0, '', 1, '2021-01-22 07:05:44'),
(249, 12, 0, '2020-08-29 12:05:00', '200000.00', '0.00', 0, '', 1, '2021-01-22 07:06:04'),
(251, 12, 0, '2021-01-22 12:11:47', '0.00', '0.00', 15, 'Payment against Delivery #4', 1, '2021-01-22 07:11:47'),
(252, 13, 0, '2020-06-13 12:12:00', '150000.00', '0.00', 0, '', 1, '2021-01-22 07:13:06'),
(253, 13, 0, '2020-07-13 12:13:00', '10000.00', '0.00', 0, '', 1, '2021-01-22 07:13:30'),
(254, 13, 0, '2020-07-28 12:13:00', '100000.00', '0.00', 0, '', 1, '2021-01-22 07:13:46'),
(255, 13, 0, '2021-01-22 12:14:20', '0.00', '0.00', 15, 'Payment against Delivery #1', 1, '2021-01-22 07:14:20'),
(256, 13, 0, '2021-01-22 12:14:56', '0.00', '0.00', 15, 'Payment against Delivery #2', 1, '2021-01-22 07:14:56'),
(257, 13, 0, '2020-07-31 12:15:00', '0.00', '35875.00', 0, 'RF', 1, '2021-01-22 07:16:00'),
(258, 13, 0, '2021-01-22 12:16:45', '0.00', '0.00', 15, 'Payment against Delivery #3', 1, '2021-01-22 07:16:45'),
(259, 13, 0, '2021-01-22 12:17:15', '0.00', '0.00', 15, 'Payment against Delivery #4', 1, '2021-01-22 07:17:15'),
(260, 13, 0, '2020-11-30 12:17:00', '0.00', '13000.00', 0, 'LOSS', 1, '2021-01-22 07:17:59'),
(261, 13, 0, '2021-01-22 12:18:31', '0.00', '0.00', 15, 'Payment against Delivery #4', 1, '2021-01-22 07:18:31'),
(262, 14, 0, '2021-01-22 12:20:33', '0.00', '0.00', 15, 'Payment against Delivery #1', 1, '2021-01-22 07:20:33'),
(263, 14, 0, '2021-01-22 12:21:15', '0.00', '0.00', 15, 'Payment against Delivery #2', 1, '2021-01-22 07:21:15'),
(264, 14, 0, '2021-01-22 12:21:42', '0.00', '0.00', 15, 'Payment against Delivery #3', 1, '2021-01-22 07:21:42'),
(265, 14, 0, '2021-01-22 12:22:19', '0.00', '0.00', 15, 'Payment against Delivery #4', 1, '2021-01-22 07:22:19'),
(266, 14, 0, '2021-01-22 12:22:57', '0.00', '0.00', 15, 'Payment against Delivery #5', 1, '2021-01-22 07:22:57'),
(267, 14, 0, '2020-06-15 12:23:00', '30000.00', '0.00', 0, '', 1, '2021-01-22 07:23:48'),
(268, 14, 0, '2020-06-16 12:23:00', '25000.00', '0.00', 0, '', 1, '2021-01-22 07:24:06'),
(269, 14, 0, '2020-06-22 12:24:00', '50000.00', '0.00', 0, '', 1, '2021-01-22 07:24:26'),
(270, 14, 0, '2020-07-15 12:24:00', '50000.00', '0.00', 0, '', 1, '2021-01-22 07:24:47'),
(271, 14, 0, '2020-07-19 12:24:00', '50000.00', '0.00', 0, '', 1, '2021-01-22 07:25:02'),
(272, 14, 0, '2020-07-20 12:25:00', '50000.00', '0.00', 0, '', 1, '2021-01-22 07:25:17'),
(273, 14, 0, '2020-07-28 12:25:00', '0.00', '14500.00', 0, 'CLAIM 140', 1, '2021-01-22 07:25:51'),
(274, 14, 0, '2020-07-29 12:25:00', '25000.00', '0.00', 0, '', 1, '2021-01-22 07:26:16'),
(275, 14, 0, '2020-08-30 12:26:00', '0.00', '46775.00', 0, 'RF', 1, '2021-01-22 07:27:07'),
(276, 14, 0, '2020-09-29 12:27:00', '0.00', '20250.00', 0, 'CLAIM 150', 1, '2021-01-22 07:27:33'),
(277, 14, 0, '2020-11-12 12:27:00', '50000.00', '0.00', 0, '', 1, '2021-01-22 07:27:55'),
(278, 14, 0, '2020-11-13 12:28:00', '0.00', '13500.00', 0, 'CLAIM 100', 1, '2021-01-22 07:28:25'),
(279, 14, 0, '2020-12-29 12:29:00', '0.00', '26000.00', 0, 'CLAIM 400', 1, '2021-01-22 07:29:43'),
(280, 88, 0, '2020-06-11 12:32:00', '60660.00', '0.00', 0, 'CHORI-TOREY', 1, '2021-01-22 07:32:41'),
(281, 88, 0, '2020-06-23 12:32:00', '7000.00', '0.00', 0, '', 1, '2021-01-22 07:33:00'),
(282, 88, 0, '2020-06-30 12:33:00', '0.00', '11690.00', 0, 'RF', 1, '2021-01-22 07:33:24'),
(283, 89, 0, '2020-06-09 12:34:00', '41000.00', '0.00', 0, '', 1, '2021-01-22 07:36:17'),
(284, 89, 0, '2020-06-29 12:36:00', '0.00', '3175.00', 0, 'RF', 1, '2021-01-22 07:36:38'),
(285, 90, 0, '2020-06-29 12:43:00', '50000.00', '0.00', 0, '', 1, '2021-01-22 07:45:22'),
(286, 90, 0, '2020-06-30 12:45:00', '0.00', '10600.00', 0, 'RF', 1, '2021-01-22 07:45:45'),
(287, 90, 0, '2020-07-31 12:46:00', '15000.00', '0.00', 0, '', 1, '2021-01-22 07:49:27'),
(288, 90, 0, '2020-10-05 12:46:00', '0.00', '750.00', 0, 'RF', 1, '2021-01-22 07:47:22'),
(289, 90, 0, '2021-01-22 12:48:45', '0.00', '0.00', 15, 'Payment against Delivery #1', 1, '2021-01-22 07:48:45'),
(290, 15, 0, '2021-01-22 12:56:18', '0.00', '0.00', 15, 'Payment against Delivery #1', 1, '2021-01-22 07:56:18'),
(291, 15, 0, '2021-01-22 14:40:05', '0.00', '0.00', 15, 'Payment against Delivery #2', 1, '2021-01-22 09:40:05'),
(292, 15, 0, '2021-01-22 14:40:50', '0.00', '0.00', 15, 'Payment against Delivery #3', 1, '2021-01-22 09:40:50'),
(293, 15, 0, '2021-01-22 14:41:19', '0.00', '0.00', 15, 'Payment against Delivery #4', 1, '2021-01-22 09:41:19'),
(294, 15, 0, '2021-01-22 14:41:59', '0.00', '0.00', 15, 'Payment against Delivery #5', 1, '2021-01-22 09:41:59'),
(295, 15, 0, '2021-01-22 14:42:30', '0.00', '0.00', 15, 'Payment against Delivery #6', 1, '2021-01-22 09:42:30'),
(296, 15, 0, '2021-01-22 14:43:07', '0.00', '0.00', 15, 'Payment against Delivery #7', 1, '2021-01-22 09:43:07'),
(297, 15, 0, '2020-06-08 14:44:00', '90000.00', '0.00', 0, '', 1, '2021-01-22 09:44:49'),
(298, 15, 0, '2020-06-25 14:44:00', '30000.00', '0.00', 0, '', 1, '2021-01-22 09:45:08'),
(299, 15, 0, '2020-07-06 14:45:00', '50000.00', '0.00', 0, '', 1, '2021-01-22 09:45:29'),
(300, 15, 0, '2020-07-15 14:45:00', '0.00', '43005.00', 0, 'RF', 1, '2021-01-22 09:46:08'),
(301, 15, 0, '2020-08-19 14:46:00', '45000.00', '0.00', 0, '', 1, '2021-01-22 09:50:26'),
(302, 15, 0, '2020-10-11 14:47:00', '30000.00', '0.00', 0, '', 1, '2021-01-22 09:47:22'),
(303, 15, 0, '2020-10-30 14:47:00', '0.00', '22100.00', 0, 'CLAIM 340', 1, '2021-01-22 09:47:54'),
(304, 15, 0, '2020-10-11 14:48:00', '30000.00', '0.00', 0, '', 1, '2021-01-22 09:48:15'),
(305, 15, 0, '2020-12-19 14:48:00', '40000.00', '0.00', 0, '', 1, '2021-01-22 09:48:40'),
(306, 15, 0, '2020-12-28 14:48:00', '0.00', '13500.00', 0, 'CLAIM 100', 1, '2021-01-22 09:49:13'),
(307, 16, 0, '2021-01-22 14:52:21', '0.00', '0.00', 15, 'Payment against Delivery #1', 1, '2021-01-22 09:52:21'),
(308, 16, 0, '2021-01-22 14:53:21', '0.00', '0.00', 15, 'Payment against Delivery #2', 1, '2021-01-22 09:53:21'),
(309, 16, 0, '2021-01-22 14:54:03', '0.00', '0.00', 15, 'Payment against Delivery #3', 1, '2021-01-22 09:54:03'),
(310, 16, 0, '2021-01-22 14:55:14', '0.00', '0.00', 15, 'Payment against Delivery #4', 1, '2021-01-22 09:55:14'),
(311, 16, 0, '2021-01-22 14:56:11', '0.00', '0.00', 15, 'Payment against Delivery #5', 1, '2021-01-22 09:56:11'),
(312, 16, 0, '2021-01-22 14:56:55', '0.00', '0.00', 15, 'Payment against Delivery #6', 1, '2021-01-22 09:56:55'),
(313, 16, 0, '2020-06-17 14:57:00', '70000.00', '0.00', 0, '', 1, '2021-01-22 09:57:22'),
(314, 16, 0, '2020-06-18 14:57:00', '100000.00', '0.00', 0, '', 1, '2021-01-22 09:57:43'),
(315, 16, 0, '2020-06-20 14:57:00', '100000.00', '0.00', 0, '', 1, '2021-01-22 09:58:36'),
(316, 16, 0, '2020-06-28 14:58:00', '0.00', '6510.00', 0, 'CLAIM 623', 1, '2021-01-22 10:04:33'),
(317, 16, 0, '2020-07-02 14:59:00', '0.00', '3125.00', 0, 'CLAIM 25', 1, '2021-01-22 09:59:59'),
(318, 16, 0, '2020-08-13 15:00:00', '250000.00', '0.00', 0, '', 1, '2021-01-22 10:00:24'),
(319, 16, 0, '2020-08-20 15:00:00', '0.00', '4000.00', 0, 'CLAIM 40', 1, '2021-01-22 10:00:53'),
(320, 16, 0, '2020-08-30 15:00:00', '0.00', '108980.00', 0, 'RF', 1, '2021-01-22 10:01:25'),
(321, 16, 0, '2020-10-24 15:01:00', '100000.00', '0.00', 0, '', 1, '2021-01-22 10:01:49'),
(322, 16, 0, '2020-11-16 15:01:00', '100000.00', '0.00', 0, '', 1, '2021-01-22 10:02:08'),
(323, 16, 0, '2020-11-02 15:02:00', '0.00', '1300.00', 0, 'CLAIM 10', 1, '2021-01-22 10:02:41'),
(324, 16, 0, '2020-12-24 15:02:00', '100000.00', '0.00', 0, '', 1, '2021-01-22 10:02:59'),
(325, 17, 0, '2021-01-22 15:11:38', '0.00', '0.00', 15, 'Payment against Delivery #1', 1, '2021-01-22 10:11:38'),
(326, 17, 0, '2021-01-22 15:12:38', '0.00', '0.00', 15, 'Payment against Delivery #2', 1, '2021-01-22 10:12:38'),
(327, 17, 0, '2021-01-22 15:13:08', '0.00', '0.00', 15, 'Payment against Delivery #3', 1, '2021-01-22 10:13:08'),
(328, 17, 0, '2021-01-22 15:13:43', '0.00', '0.00', 15, 'Payment against Delivery #4', 1, '2021-01-22 10:13:43'),
(329, 17, 0, '2021-01-22 15:14:11', '0.00', '0.00', 15, 'Payment against Delivery #5', 1, '2021-01-22 10:14:11'),
(330, 17, 0, '2020-06-17 15:14:00', '50000.00', '0.00', 0, '', 1, '2021-01-22 10:14:36'),
(331, 17, 0, '2020-07-20 15:14:00', '70000.00', '0.00', 0, '', 1, '2021-01-22 10:14:56'),
(332, 17, 0, '2020-08-30 15:15:00', '0.00', '15000.00', 0, 'CLAIM 300', 1, '2021-01-22 10:15:26'),
(333, 17, 0, '2020-08-31 15:15:00', '0.00', '11500.00', 0, 'RF', 1, '2021-01-22 10:16:00'),
(334, 91, 0, '2020-06-11 15:18:00', '31500.00', '0.00', 0, '', 1, '2021-01-22 10:19:13'),
(335, 18, 0, '2021-01-22 15:20:59', '0.00', '0.00', 15, 'Payment against Delivery #1', 1, '2021-01-22 10:20:59'),
(336, 18, 0, '2020-06-15 15:23:00', '200000.00', '0.00', 0, '', 1, '2021-01-22 10:23:42'),
(337, 18, 0, '2020-06-29 15:25:00', '0.00', '9500.00', 0, 'CLAIM 100', 1, '2021-01-22 10:25:49'),
(338, 18, 0, '2020-08-17 15:25:00', '200000.00', '0.00', 0, '', 1, '2021-01-22 10:26:08'),
(339, 18, 0, '2020-08-30 15:26:00', '0.00', '53115.00', 0, 'RF', 1, '2021-01-22 10:26:45'),
(340, 19, 0, '2021-01-22 15:33:16', '0.00', '0.00', 15, 'Payment against Delivery #1', 1, '2021-01-22 10:33:16'),
(341, 19, 0, '2021-01-22 15:34:12', '0.00', '0.00', 15, 'Payment against Delivery #2', 1, '2021-01-22 10:34:12'),
(342, 19, 0, '2021-01-22 15:42:11', '0.00', '0.00', 15, 'Payment against Delivery #3', 1, '2021-01-22 10:42:11'),
(343, 19, 0, '2021-01-22 15:48:08', '0.00', '0.00', 15, 'Payment against Delivery #4', 1, '2021-01-22 10:48:08'),
(344, 19, 0, '2021-01-22 15:48:51', '0.00', '0.00', 15, 'Payment against Delivery #5', 1, '2021-01-22 10:48:51'),
(345, 19, 0, '2021-01-22 15:49:38', '0.00', '0.00', 15, 'Payment against Delivery #6', 1, '2021-01-22 10:49:38'),
(346, 19, 0, '2020-06-10 15:49:00', '100000.00', '0.00', 0, '', 1, '2021-01-22 10:50:11'),
(347, 19, 0, '2020-06-13 15:50:00', '100000.00', '0.00', 0, '', 1, '2021-01-22 10:50:30'),
(348, 19, 0, '2020-07-25 15:51:00', '50000.00', '0.00', 0, '', 1, '2021-01-22 10:51:50'),
(349, 19, 0, '2020-07-26 15:51:00', '0.00', '10500.00', 0, 'CLAIM 100', 1, '2021-01-22 10:52:21'),
(350, 19, 0, '2020-08-30 15:52:00', '0.00', '27000.00', 0, 'CLAIM 540', 1, '2021-01-22 10:52:58'),
(351, 19, 0, '2020-08-30 15:53:00', '0.00', '68375.00', 0, 'RF', 1, '2021-01-22 10:53:32'),
(352, 19, 0, '2020-09-03 15:53:00', '100000.00', '0.00', 0, '', 1, '2021-01-22 10:53:51'),
(353, 19, 0, '2020-09-30 15:54:00', '0.00', '13500.00', 0, 'CLAIM 100', 1, '2021-01-22 10:54:26'),
(354, 19, 0, '2020-11-28 15:54:00', '50000.00', '0.00', 0, '', 1, '2021-01-22 10:54:47'),
(355, 19, 0, '2020-10-19 15:54:00', '0.00', '13500.00', 0, 'CLAIM 100', 1, '2021-01-22 10:55:19'),
(356, 19, 0, '2020-12-08 15:55:00', '50000.00', '0.00', 0, '', 1, '2021-01-22 10:55:47'),
(357, 19, 0, '2020-12-28 15:55:00', '0.00', '16200.00', 0, 'CLAIM 120', 1, '2021-01-22 10:56:17'),
(358, 20, 0, '2021-01-22 15:59:01', '0.00', '0.00', 15, 'Payment against Delivery #1', 1, '2021-01-22 10:59:01'),
(359, 20, 0, '2021-01-22 15:59:29', '0.00', '0.00', 15, 'Payment against Delivery #2', 1, '2021-01-22 10:59:29'),
(360, 20, 0, '2021-01-22 16:00:12', '0.00', '0.00', 15, 'Payment against Delivery #3', 1, '2021-01-22 11:00:12'),
(361, 20, 0, '2020-06-18 16:01:00', '100000.00', '0.00', 0, '', 1, '2021-01-22 11:01:30'),
(362, 20, 0, '2020-06-25 16:01:00', '50000.00', '0.00', 0, '', 1, '2021-01-22 11:01:54'),
(363, 20, 0, '2020-06-29 16:02:00', '50000.00', '0.00', 0, '', 1, '2021-01-22 11:02:56'),
(364, 20, 0, '2020-06-30 16:03:00', '0.00', '9000.00', 0, 'RF', 1, '2021-01-22 11:03:23'),
(365, 20, 0, '2020-07-15 16:03:00', '100000.00', '0.00', 0, '', 1, '2021-01-22 11:03:49'),
(366, 20, 0, '2020-08-17 16:03:00', '100000.00', '0.00', 0, '', 1, '2021-01-22 11:04:10'),
(367, 20, 0, '2020-08-30 16:04:00', '0.00', '50500.00', 0, 'RF', 1, '2021-01-22 11:04:38'),
(368, 20, 0, '2020-09-29 16:04:00', '0.00', '8100.00', 0, 'CLAIM 60', 1, '2021-01-22 11:05:15'),
(369, 20, 0, '2020-11-17 16:05:00', '50000.00', '0.00', 0, '', 1, '2021-01-22 11:05:32'),
(370, 21, 0, '2021-01-22 17:50:59', '0.00', '0.00', 15, 'Payment against Delivery #1', 1, '2021-01-22 12:50:59'),
(371, 21, 0, '2021-01-22 17:51:23', '0.00', '0.00', 15, 'Payment against Delivery #2', 1, '2021-01-22 12:51:23'),
(372, 21, 0, '2020-06-08 17:51:00', '270000.00', '0.00', 0, '', 1, '2021-01-22 12:51:57'),
(373, 21, 0, '2020-06-20 17:51:00', '0.00', '59816.00', 0, 'RF', 1, '2021-01-22 12:52:47'),
(374, 21, 0, '2020-08-17 17:52:00', '28500.00', '0.00', 0, '', 1, '2021-01-22 12:53:08'),
(375, 21, 0, '2020-08-19 17:53:00', '0.00', '3000.00', 0, 'RF', 1, '2021-01-22 12:53:36'),
(376, 21, 0, '2020-12-12 17:53:00', '12500.00', '0.00', 0, '', 1, '2021-01-22 12:53:59'),
(377, 21, 0, '2020-12-29 17:54:00', '0.00', '1000.00', 0, 'RF', 1, '2021-01-22 12:54:19'),
(378, 22, 0, '2021-01-22 17:58:29', '0.00', '0.00', 15, 'Payment against Delivery #1', 1, '2021-01-22 12:58:29'),
(379, 22, 0, '2021-01-22 17:58:58', '0.00', '0.00', 15, 'Payment against Delivery #2', 1, '2021-01-22 12:58:58'),
(380, 22, 0, '2021-01-22 17:59:32', '0.00', '0.00', 15, 'Payment against Delivery #3', 1, '2021-01-22 12:59:32'),
(381, 22, 0, '2020-06-11 17:59:00', '50000.00', '0.00', 0, '', 1, '2021-01-22 13:00:02'),
(382, 22, 0, '2020-07-22 18:00:00', '50000.00', '0.00', 0, '', 1, '2021-01-22 13:00:24'),
(383, 22, 0, '2020-07-29 18:00:00', '50000.00', '0.00', 0, '', 1, '2021-01-22 13:00:43'),
(384, 22, 0, '2020-08-13 18:00:00', '25000.00', '0.00', 0, '', 1, '2021-01-22 13:01:04'),
(385, 22, 0, '2020-08-30 18:01:00', '0.00', '30760.00', 0, 'RF', 1, '2021-01-22 13:01:40'),
(386, 22, 0, '2020-10-19 18:01:00', '20000.00', '0.00', 0, '', 1, '2021-01-22 13:02:00'),
(387, 22, 0, '2020-11-11 18:02:00', '30000.00', '0.00', 0, '', 1, '2021-01-22 13:02:17'),
(388, 22, 0, '2020-11-18 18:02:00', '0.00', '23750.00', 0, 'CLAIM 250', 1, '2021-01-22 13:02:44'),
(389, 23, 0, '2020-06-01 18:04:00', '100000.00', '0.00', 0, '', 1, '2021-01-22 13:04:44'),
(390, 23, 0, '2020-06-07 18:04:00', '100000.00', '0.00', 0, '', 1, '2021-01-22 13:05:05'),
(391, 23, 0, '2020-06-12 18:05:00', '0.00', '20600.00', 0, 'RF', 1, '2021-01-22 13:05:31'),
(392, 92, 0, '2020-06-25 18:48:00', '82000.00', '0.00', 0, '', 1, '2021-01-22 13:48:45'),
(393, 92, 0, '2020-06-29 18:48:00', '0.00', '12185.00', 0, 'RF', 1, '2021-01-22 13:49:07'),
(394, 93, 0, '2020-06-10 18:49:00', '270000.00', '0.00', 0, '', 1, '2021-01-22 13:50:14'),
(395, 93, 0, '2020-06-29 18:50:00', '0.00', '96100.00', 0, 'RF', 1, '2021-01-22 13:50:36'),
(396, 94, 0, '2020-08-19 18:52:00', '4000.00', '0.00', 0, '', 1, '2021-01-22 13:52:28'),
(397, 94, 0, '2020-08-20 18:52:00', '0.00', '9705.00', 0, 'RF', 1, '2021-01-22 13:52:55'),
(398, 24, 0, '2021-01-22 18:56:14', '0.00', '0.00', 15, 'Payment against Delivery #1', 1, '2021-01-22 13:56:14'),
(399, 24, 0, '2021-01-22 18:57:00', '0.00', '0.00', 15, 'Payment against Delivery #2', 1, '2021-01-22 13:57:00'),
(400, 24, 0, '2021-01-22 18:58:01', '0.00', '0.00', 15, 'Payment against Delivery #3', 1, '2021-01-22 13:58:01'),
(401, 24, 0, '2021-01-22 18:58:32', '0.00', '0.00', 15, 'Payment against Delivery #4', 1, '2021-01-22 13:58:32'),
(402, 24, 0, '2021-01-22 18:59:28', '0.00', '0.00', 15, 'Payment against Delivery #5', 1, '2021-01-22 13:59:28'),
(403, 24, 0, '2021-01-22 19:00:18', '0.00', '0.00', 15, 'Payment against Delivery #6', 1, '2021-01-22 14:00:18'),
(404, 24, 0, '2020-06-11 19:00:00', '200000.00', '0.00', 0, '', 1, '2021-01-22 14:01:07'),
(405, 24, 0, '2020-06-23 19:01:00', '400000.00', '0.00', 0, '', 1, '2021-01-22 14:01:31'),
(406, 24, 0, '2020-06-29 19:01:00', '300000.00', '0.00', 0, '', 1, '2021-01-22 14:01:50'),
(407, 24, 0, '2020-08-15 19:02:00', '200000.00', '0.00', 0, '', 1, '2021-01-22 14:02:12'),
(408, 24, 0, '2020-08-20 19:02:00', '200000.00', '0.00', 0, '', 1, '2021-01-22 14:02:30'),
(409, 24, 0, '2020-11-22 19:02:00', '0.00', '2710.00', 0, 'LOSS', 1, '2021-01-22 14:03:00'),
(410, 25, 0, '2021-01-22 19:16:27', '0.00', '0.00', 15, 'Payment against Delivery #1', 1, '2021-01-22 14:16:27'),
(411, 25, 0, '2021-01-22 19:17:06', '0.00', '0.00', 15, 'Payment against Delivery #2', 1, '2021-01-22 14:17:06'),
(412, 25, 0, '2021-01-22 19:17:45', '0.00', '0.00', 15, 'Payment against Delivery #3', 1, '2021-01-22 14:17:45'),
(413, 25, 0, '2021-01-22 19:18:18', '0.00', '0.00', 15, 'Payment against Delivery #4', 1, '2021-01-22 14:18:18'),
(414, 25, 0, '2021-01-22 19:18:47', '0.00', '0.00', 15, 'Payment against Delivery #5', 1, '2021-01-22 14:18:47'),
(415, 25, 0, '2021-01-22 19:19:37', '0.00', '0.00', 15, 'Payment against Delivery #6', 1, '2021-01-22 14:19:37'),
(416, 25, 0, '2020-06-09 19:19:00', '70000.00', '0.00', 0, '', 1, '2021-01-22 14:20:05'),
(417, 25, 0, '2020-07-13 19:20:00', '35000.00', '0.00', 0, '', 1, '2021-01-22 14:20:46'),
(418, 25, 0, '2020-07-30 19:20:00', '0.00', '19585.00', 0, 'RF', 1, '2021-01-22 14:21:10'),
(419, 25, 0, '2020-12-21 19:21:00', '20000.00', '0.00', 0, '', 1, '2021-01-22 14:21:38'),
(420, 26, 0, '2021-01-22 19:28:34', '0.00', '0.00', 15, 'Payment against Delivery #1', 1, '2021-01-22 14:28:34'),
(421, 26, 0, '2021-01-22 19:29:00', '0.00', '0.00', 15, 'Payment against Delivery #2', 1, '2021-01-22 14:29:00'),
(422, 26, 0, '2021-01-22 19:29:31', '0.00', '0.00', 15, 'Payment against Delivery #3', 1, '2021-01-22 14:29:31'),
(423, 26, 0, '2021-01-22 19:30:05', '0.00', '0.00', 15, 'Payment against Delivery #4', 1, '2021-01-22 14:30:05'),
(424, 26, 0, '2020-06-25 19:30:00', '100000.00', '0.00', 0, '', 1, '2021-01-22 14:30:45'),
(425, 26, 0, '2020-08-27 19:30:00', '100000.00', '0.00', 0, '', 1, '2021-01-22 14:31:02'),
(426, 26, 0, '2020-08-30 19:31:00', '5000.00', '0.00', 0, '', 1, '2021-01-22 14:31:33'),
(427, 26, 0, '2020-08-31 19:31:00', '0.00', '31075.00', 0, 'RF', 1, '2021-01-22 14:32:15'),
(428, 26, 0, '2020-11-12 19:32:00', '20000.00', '0.00', 0, '', 1, '2021-01-22 14:32:37'),
(429, 26, 0, '2020-12-30 19:32:00', '0.00', '13500.00', 0, 'CLAIM ', 1, '2021-01-22 14:33:08'),
(430, 26, 0, '2021-01-11 19:34:00', '40000.00', '0.00', 0, '', 1, '2021-01-22 14:35:21'),
(431, 27, 0, '2021-01-22 19:37:40', '0.00', '0.00', 15, 'Payment against Delivery #1', 1, '2021-01-22 14:37:40'),
(432, 27, 0, '2021-01-22 19:38:19', '0.00', '0.00', 15, 'Payment against Delivery #2', 1, '2021-01-22 14:38:19'),
(433, 27, 0, '2021-01-22 19:38:49', '0.00', '0.00', 15, 'Payment against Delivery #3', 1, '2021-01-22 14:38:49'),
(434, 27, 0, '2020-10-01 19:38:00', '681563.00', '0.00', 0, '', 1, '2021-01-22 14:39:36'),
(436, 28, 0, '2020-10-26 19:42:00', '30000.00', '0.00', 0, '', 1, '2021-01-22 14:42:34'),
(437, 28, 0, '2020-12-30 19:43:00', '25000.00', '0.00', 0, '', 1, '2021-01-22 14:43:42');

-- --------------------------------------------------------

--
-- Table structure for table `delivery`
--

CREATE TABLE `delivery` (
  `id` int(11) NOT NULL,
  `gatepass_id` varchar(20) NOT NULL,
  `date` date NOT NULL,
  `customer_id` int(11) NOT NULL,
  `claim` varchar(50) NOT NULL,
  `labour_id` int(11) NOT NULL,
  `customer_payment_id` int(11) NOT NULL,
  `status` int(1) NOT NULL DEFAULT 1,
  `ts` timestamp NOT NULL DEFAULT current_timestamp() ON UPDATE current_timestamp()
) ENGINE=InnoDB DEFAULT CHARSET=latin1;

--
-- Dumping data for table `delivery`
--

INSERT INTO `delivery` (`id`, `gatepass_id`, `date`, `customer_id`, `claim`, `labour_id`, `customer_payment_id`, `status`, `ts`) VALUES
(1, '1', '2020-07-31', 1, '', 0, 5, 1, '2021-01-16 10:20:51'),
(2, '2', '2020-08-31', 1, '', 0, 7, 1, '2021-01-16 10:27:12'),
(3, '3', '2020-09-30', 1, '', 0, 10, 1, '2021-01-16 10:28:40'),
(4, '4', '2020-10-29', 1, '', 0, 13, 1, '2021-01-16 10:30:10'),
(5, '5', '2020-10-31', 1, '', 0, 14, 1, '2021-01-20 07:31:28'),
(6, '6', '2020-11-30', 1, '', 0, 15, 1, '2021-01-20 07:31:51'),
(8, '7', '2020-12-31', 1, '', 0, 19, 1, '2021-01-20 07:32:10'),
(9, '1', '2020-10-21', 85, '', 0, 29, 1, '2021-01-21 20:43:40'),
(10, '1', '2020-06-30', 2, '', 0, 32, 1, '2021-01-21 20:51:10'),
(11, '2', '2020-07-31', 2, '', 0, 33, 1, '2021-01-21 20:56:05'),
(12, '3', '2020-09-30', 2, '', 0, 34, 1, '2021-01-21 20:57:58'),
(13, '4', '2020-10-31', 2, '', 0, 35, 1, '2021-01-21 20:59:13'),
(14, '5', '2020-11-30', 2, '', 0, 36, 1, '2021-01-21 21:00:45'),
(15, '6', '2020-12-31', 2, '', 0, 37, 1, '2021-01-21 21:02:09'),
(16, '1', '2020-06-30', 3, '', 0, 65, 1, '2021-01-21 21:59:34'),
(17, '2', '2020-07-31', 3, '', 0, 68, 1, '2021-01-21 22:03:13'),
(18, '3', '2020-09-30', 3, '', 0, 70, 1, '2021-01-21 22:05:52'),
(19, '4', '2020-10-31', 3, '', 0, 73, 1, '2021-01-21 22:08:27'),
(20, '5', '2020-11-30', 3, '', 0, 75, 1, '2021-01-21 22:10:19'),
(21, '6', '2020-12-31', 3, '', 0, 80, 1, '2021-01-21 22:14:01'),
(22, '1', '2020-07-31', 4, '', 0, 84, 1, '2021-01-21 22:17:31'),
(23, '2', '2020-09-30', 4, '', 0, 86, 1, '2021-01-21 22:22:19'),
(24, '3', '2020-10-31', 4, '', 0, 89, 1, '2021-01-22 02:40:29'),
(25, '', '2020-11-30', 4, '', 0, 91, 1, '2021-01-22 02:41:59'),
(26, '5', '2020-12-31', 4, '', 0, 96, 1, '2021-01-22 02:47:26'),
(27, '1', '2020-06-30', 5, '', 0, 107, 1, '2021-01-22 03:02:43'),
(28, '2', '2020-07-31', 5, '', 0, 108, 1, '2021-01-22 03:03:27'),
(29, '3', '2020-08-31', 5, '', 0, 112, 1, '2021-01-22 03:05:51'),
(30, '4', '2020-09-30', 5, '', 0, 113, 1, '2021-01-22 03:06:27'),
(31, '5', '2020-10-31', 5, '', 0, 114, 1, '2021-01-22 03:07:17'),
(32, '6', '2020-11-30', 5, '', 0, 116, 1, '2021-01-22 03:08:37'),
(33, '7', '2020-12-31', 5, '', 0, 119, 1, '2021-01-22 03:12:45'),
(34, '1', '2020-06-30', 6, '', 0, 123, 1, '2021-01-22 03:17:24'),
(35, '2', '2020-07-31', 6, '', 0, 125, 1, '2021-01-22 03:18:24'),
(36, '3', '2020-08-31', 6, '', 0, 128, 1, '2021-01-22 03:20:10'),
(37, '4', '2020-09-30', 6, '', 0, 130, 1, '2021-01-22 03:21:37'),
(38, '6', '2020-10-31', 6, '', 0, 131, 1, '2021-01-22 03:22:32'),
(39, '6', '2020-11-30', 6, '', 0, 132, 1, '2021-01-22 03:23:02'),
(40, '7', '2020-12-31', 6, '', 0, 136, 1, '2021-01-22 03:28:20'),
(41, '1', '2020-06-30', 7, '', 0, 139, 1, '2021-01-22 03:33:01'),
(42, '2', '2020-07-31', 7, '', 0, 140, 1, '2021-01-22 03:34:18'),
(43, '3', '2020-08-31', 7, '', 0, 144, 1, '2021-01-22 03:36:39'),
(44, '4', '2020-09-30', 7, '', 0, 146, 1, '2021-01-22 03:38:39'),
(45, '5', '2020-10-31', 7, '', 0, 149, 1, '2021-01-22 03:41:38'),
(46, '6', '2020-11-30', 7, '', 0, 152, 1, '2021-01-22 03:43:55'),
(47, '7', '2020-12-31', 7, '', 0, 156, 1, '2021-01-22 03:48:18'),
(48, '1', '2020-06-30', 8, '', 0, 160, 1, '2021-01-22 03:56:48'),
(49, '2', '2020-07-31', 8, '', 0, 163, 1, '2021-01-22 03:58:28'),
(50, '3', '2020-08-31', 8, '', 0, 168, 1, '2021-01-22 04:01:32'),
(51, '4', '2020-09-30', 8, '', 0, 170, 1, '2021-01-22 04:04:16'),
(52, '5', '2020-10-31', 8, '', 0, 172, 1, '2021-01-22 04:08:19'),
(53, '6', '2020-11-30', 8, '', 0, 175, 1, '2021-01-22 04:10:14'),
(54, '7', '2020-12-30', 8, '', 0, 181, 1, '2021-01-22 04:14:03'),
(55, '1', '2020-06-30', 9, '', 0, 183, 1, '2021-01-22 04:18:14'),
(56, '2', '2021-01-22', 9, '', 0, 185, 1, '2021-01-22 04:26:25'),
(57, '3', '2020-08-31', 9, '', 0, 188, 1, '2021-01-22 04:28:13'),
(58, '4', '2020-09-29', 9, '', 0, 192, 1, '2021-01-22 04:30:49'),
(59, '5', '2020-10-30', 9, '', 0, 194, 1, '2021-01-22 04:32:49'),
(60, '6', '2020-11-29', 9, '', 0, 195, 1, '2021-01-22 04:33:44'),
(61, '7', '2020-12-30', 9, '', 0, 201, 1, '2021-01-22 04:37:15'),
(62, '2', '2020-07-30', 9, '', 0, 202, 1, '2021-01-22 04:42:56'),
(63, '1', '2020-06-29', 10, '', 0, 207, 1, '2021-01-22 04:59:19'),
(64, '2', '2020-07-29', 10, '', 0, 211, 1, '2021-01-22 05:01:32'),
(65, '3', '2020-08-30', 10, '', 0, 214, 1, '2021-01-22 05:03:35'),
(66, '4', '2020-09-29', 10, '', 0, 215, 1, '2021-01-22 05:05:32'),
(67, '5', '2020-10-29', 10, '', 0, 216, 1, '2021-01-22 05:06:14'),
(68, '6', '2020-11-29', 10, '', 0, 218, 1, '2021-01-22 05:08:02'),
(69, '7', '2020-12-30', 10, '', 0, 220, 1, '2021-01-22 05:10:03'),
(70, '1', '2020-06-29', 11, '', 0, 227, 1, '2021-01-22 05:29:12'),
(71, '2', '2020-07-29', 11, '', 0, 228, 1, '2021-01-22 05:32:37'),
(72, '3', '2020-08-30', 11, '', 0, 235, 1, '2021-01-22 05:38:22'),
(73, '4', '2020-09-29', 11, '', 0, 236, 1, '2021-01-22 05:49:20'),
(74, '5', '2020-10-29', 11, '', 0, 238, 1, '2021-01-22 06:25:17'),
(75, '6', '2020-11-30', 11, '', 0, 242, 1, '2021-01-22 06:56:16'),
(76, '7', '2020-12-30', 11, '', 0, 244, 1, '2021-01-22 07:00:11'),
(77, '1', '2020-07-30', 12, '', 0, 245, 1, '2021-01-22 07:04:09'),
(78, '2', '2020-09-29', 12, '', 0, 246, 1, '2021-01-22 07:04:53'),
(79, '3', '2020-10-30', 12, '', 0, 247, 1, '2021-01-22 07:05:21'),
(80, '4', '2020-08-29', 12, '', 0, 251, 1, '2021-01-22 07:11:47'),
(81, '1', '2020-07-30', 13, '', 0, 255, 1, '2021-01-22 07:14:20'),
(82, '2', '2020-09-29', 13, '', 0, 256, 1, '2021-01-22 07:14:56'),
(83, '3', '2020-10-30', 13, '', 0, 258, 1, '2021-01-22 07:16:45'),
(84, '4', '2020-11-29', 13, '', 0, 259, 1, '2021-01-22 07:17:15'),
(85, '4', '2020-12-30', 13, '', 0, 261, 1, '2021-01-22 07:18:31'),
(86, '1', '2020-06-29', 14, '', 0, 262, 1, '2021-01-22 07:20:33'),
(87, '2', '2020-07-30', 14, '', 0, 263, 1, '2021-01-22 07:21:15'),
(88, '3', '2020-09-29', 14, '', 0, 264, 1, '2021-01-22 07:21:42'),
(89, '4', '2020-11-29', 14, '', 0, 265, 1, '2021-01-22 07:22:19'),
(90, '5', '2020-12-30', 14, '', 0, 266, 1, '2021-01-22 07:22:57'),
(91, '1', '2020-07-29', 90, '', 0, 289, 1, '2021-01-22 07:48:45'),
(92, '1', '2020-06-28', 15, '', 0, 290, 1, '2021-01-22 07:56:18'),
(93, '2', '2020-07-29', 15, '', 0, 291, 1, '2021-01-22 09:40:05'),
(94, '3', '2020-08-29', 15, '', 0, 292, 1, '2021-01-22 09:40:50'),
(95, '4', '2020-09-29', 15, '', 0, 293, 1, '2021-01-22 09:41:19'),
(96, '5', '2020-10-29', 15, '', 0, 294, 1, '2021-01-22 09:41:59'),
(97, '6', '2020-11-29', 15, '', 0, 295, 1, '2021-01-22 09:42:31'),
(98, '7', '2020-12-29', 15, '', 0, 296, 1, '2021-01-22 09:43:07'),
(99, '1', '2020-06-24', 16, '', 0, 307, 1, '2021-01-22 09:52:21'),
(100, '2', '2020-07-29', 16, '', 0, 308, 1, '2021-01-22 09:53:21'),
(101, '3', '2020-09-29', 16, '', 0, 309, 1, '2021-01-22 09:54:03'),
(102, '4', '2020-10-28', 16, '', 0, 310, 1, '2021-01-22 09:55:14'),
(103, '5', '2020-11-29', 16, '', 0, 311, 1, '2021-01-22 09:56:11'),
(104, '6', '2020-12-29', 16, '', 0, 312, 1, '2021-01-22 09:56:55'),
(105, '1', '2020-06-28', 17, '', 0, 325, 1, '2021-01-22 10:11:38'),
(106, '2', '2020-07-27', 17, '', 0, 326, 1, '2021-01-22 10:12:38'),
(107, '3', '2020-08-28', 17, '', 0, 327, 1, '2021-01-22 10:13:08'),
(108, '4', '2020-09-29', 17, '', 0, 328, 1, '2021-01-22 10:13:43'),
(109, '5', '2020-12-29', 17, '', 0, 329, 1, '2021-01-22 10:14:11'),
(110, '1', '2020-12-29', 18, '', 0, 335, 1, '2021-01-22 10:20:59'),
(111, '1', '2020-06-28', 19, '', 0, 340, 1, '2021-01-22 10:33:16'),
(112, '2', '2020-07-26', 19, '', 0, 341, 1, '2021-01-22 10:34:12'),
(113, '3', '2020-09-28', 19, '', 0, 342, 1, '2021-01-22 10:42:11'),
(114, '4', '2020-10-28', 19, '', 0, 343, 1, '2021-01-22 10:48:08'),
(115, '5', '2020-11-28', 19, '', 0, 344, 1, '2021-01-22 10:48:51'),
(116, '6', '2020-12-30', 19, '', 0, 345, 1, '2021-01-22 10:49:38'),
(117, '1', '2020-07-28', 20, '', 0, 358, 1, '2021-01-22 10:59:01'),
(118, '2', '2020-08-29', 20, '', 0, 359, 1, '2021-01-22 10:59:29'),
(119, '3', '2020-09-29', 20, '', 0, 360, 1, '2021-01-22 11:00:12'),
(120, '1', '2020-07-29', 21, '', 0, 370, 1, '2021-01-22 12:50:59'),
(121, '2', '2020-11-28', 21, '', 0, 371, 1, '2021-01-22 12:51:23'),
(122, '1', '2020-09-28', 22, '', 0, 378, 1, '2021-01-22 12:58:29'),
(123, '2', '2020-10-30', 22, '', 0, 379, 1, '2021-01-22 12:58:58'),
(124, '3', '2020-11-28', 22, '', 0, 380, 1, '2021-01-22 12:59:32'),
(125, '1', '2020-06-29', 24, '', 0, 398, 1, '2021-01-22 13:56:14'),
(126, '2', '2020-07-29', 24, '', 0, 399, 1, '2021-01-22 13:57:00'),
(127, '3', '2020-09-29', 24, '', 0, 400, 1, '2021-01-22 13:58:01'),
(128, '4', '2020-10-29', 24, '', 0, 401, 1, '2021-01-22 13:58:32'),
(129, '5', '2020-11-29', 24, '', 0, 402, 1, '2021-01-22 13:59:28'),
(130, '6', '2020-11-29', 24, '', 0, 403, 1, '2021-01-22 14:00:18'),
(131, '1', '2020-06-29', 25, '', 0, 410, 1, '2021-01-22 14:16:27'),
(132, '2', '2020-07-27', 25, '', 0, 411, 1, '2021-01-22 14:17:06'),
(133, '3', '2020-09-28', 25, '', 0, 412, 1, '2021-01-22 14:17:45'),
(134, '4', '2020-10-28', 25, '', 0, 413, 1, '2021-01-22 14:18:18'),
(135, '5', '2020-11-29', 25, '', 0, 414, 1, '2021-01-22 14:18:48'),
(136, '6', '2020-12-29', 25, '', 0, 415, 1, '2021-01-22 14:19:37'),
(137, '1', '2020-07-30', 26, '', 0, 420, 1, '2021-01-22 14:28:34'),
(138, '2', '2020-09-29', 26, '', 0, 421, 1, '2021-01-22 14:29:00'),
(139, '3', '2020-11-29', 26, '', 0, 422, 1, '2021-01-22 14:29:31'),
(140, '4', '2020-12-29', 26, '', 0, 423, 1, '2021-01-22 14:30:05'),
(141, '1', '2020-06-29', 27, '', 0, 431, 1, '2021-01-22 14:37:40'),
(142, '2', '2020-07-29', 27, '', 0, 432, 1, '2021-01-22 14:38:19'),
(143, '3', '2020-08-30', 27, '', 0, 433, 1, '2021-01-22 14:38:50');

-- --------------------------------------------------------

--
-- Table structure for table `delivery_items`
--

CREATE TABLE `delivery_items` (
  `id` int(11) NOT NULL,
  `delivery_id` int(11) NOT NULL,
  `machine_id` int(11) NOT NULL,
  `color_id` int(11) NOT NULL,
  `size_id` int(11) NOT NULL,
  `design_id` int(11) NOT NULL,
  `quantity` int(11) NOT NULL,
  `extra` int(11) NOT NULL,
  `unit_price` decimal(10,2) NOT NULL,
  `ts` timestamp NOT NULL DEFAULT current_timestamp() ON UPDATE current_timestamp()
) ENGINE=InnoDB DEFAULT CHARSET=latin1;

--
-- Dumping data for table `delivery_items`
--

INSERT INTO `delivery_items` (`id`, `delivery_id`, `machine_id`, `color_id`, `size_id`, `design_id`, `quantity`, `extra`, `unit_price`, `ts`) VALUES
(1, 1, 16, 13, 11, 154, 100, 0, '105.00', '2021-01-16 10:20:51'),
(2, 2, 16, 15, 11, 154, 300, 0, '50.00', '2021-01-16 10:27:12'),
(3, 3, 16, 14, 11, 154, 300, 0, '135.00', '2021-01-16 10:28:40'),
(4, 4, 16, 14, 11, 154, 300, 0, '135.00', '2021-01-16 10:30:10'),
(5, 5, 16, 37, 11, 154, 290, 0, '80.00', '2021-01-16 10:32:34'),
(6, 6, 16, 14, 11, 154, 699, 0, '135.00', '2021-01-16 10:33:17'),
(8, 8, 0, 16, 11, 154, 550, 0, '50.00', '2021-01-16 10:48:52'),
(9, 9, 7, 14, 11, 154, 1286, 0, '135.00', '2021-01-21 20:43:40'),
(10, 10, 7, 13, 11, 154, 2720, 0, '105.00', '2021-01-21 20:51:10'),
(11, 10, 7, 16, 11, 154, 300, 0, '50.00', '2021-01-21 20:51:10'),
(12, 11, 7, 13, 11, 154, 3915, 0, '105.00', '2021-01-21 21:22:32'),
(13, 11, 7, 16, 11, 154, 585, 0, '50.00', '2021-01-21 20:56:05'),
(15, 12, 7, 14, 11, 154, 2902, 0, '135.00', '2021-01-21 21:24:00'),
(16, 13, 7, 14, 11, 154, 3347, 0, '135.00', '2021-01-21 21:25:41'),
(17, 13, 7, 16, 11, 154, 1015, 0, '50.00', '2021-01-21 20:59:13'),
(18, 14, 7, 14, 11, 154, 9744, 0, '135.00', '2021-01-21 21:29:12'),
(19, 14, 7, 16, 11, 154, 1400, 0, '50.00', '2021-01-21 21:00:45'),
(20, 15, 7, 14, 11, 154, 5964, 0, '135.00', '2021-01-21 21:45:48'),
(21, 15, 7, 16, 11, 154, 880, 0, '50.00', '2021-01-21 21:45:48'),
(22, 11, 7, 39, 11, 154, 169, 0, '160.00', '2021-01-21 21:22:32'),
(23, 11, 7, 38, 11, 154, 52, 0, '180.00', '2021-01-21 21:22:32'),
(24, 12, 7, 40, 11, 154, 140, 0, '220.00', '2021-01-21 21:24:00'),
(25, 13, 7, 40, 11, 154, 180, 0, '220.00', '2021-01-21 21:25:41'),
(26, 14, 7, 40, 11, 154, 529, 0, '220.00', '2021-01-21 21:29:12'),
(27, 14, 7, 43, 11, 154, 380, 0, '200.00', '2021-01-21 21:29:12'),
(28, 15, 7, 42, 11, 154, 859, 0, '240.00', '2021-01-21 21:45:48'),
(29, 15, 7, 41, 11, 154, 126, 0, '120.00', '2021-01-21 21:45:48'),
(30, 16, 7, 13, 11, 154, 2140, 0, '105.00', '2021-01-21 21:59:34'),
(31, 16, 7, 38, 11, 154, 100, 0, '180.00', '2021-01-21 21:59:34'),
(32, 16, 7, 16, 11, 154, 630, 0, '50.00', '2021-01-21 21:59:34'),
(33, 16, 7, 44, 11, 154, 100, 0, '100.00', '2021-01-21 21:59:34'),
(34, 17, 7, 13, 11, 154, 3504, 0, '105.00', '2021-01-21 22:03:13'),
(35, 17, 7, 38, 11, 154, 255, 0, '180.00', '2021-01-21 22:03:13'),
(36, 17, 7, 16, 11, 154, 630, 0, '50.00', '2021-01-21 22:03:13'),
(37, 18, 7, 14, 11, 154, 2130, 0, '135.00', '2021-01-21 22:05:52'),
(38, 18, 7, 40, 11, 154, 156, 0, '220.00', '2021-01-21 22:05:52'),
(39, 19, 7, 14, 11, 154, 2640, 0, '135.00', '2021-01-21 22:08:27'),
(40, 19, 7, 16, 11, 154, 390, 0, '50.00', '2021-01-21 22:08:27'),
(41, 20, 7, 14, 11, 154, 4743, 0, '135.00', '2021-01-21 22:10:19'),
(42, 20, 7, 40, 11, 154, 120, 0, '220.00', '2021-01-21 22:10:19'),
(43, 20, 7, 16, 11, 154, 1010, 0, '50.00', '2021-01-21 22:10:19'),
(44, 21, 7, 14, 11, 154, 3609, 0, '135.00', '2021-01-21 22:14:01'),
(45, 21, 7, 16, 11, 154, 530, 0, '50.00', '2021-01-21 22:14:01'),
(46, 22, 7, 13, 11, 154, 2100, 0, '105.00', '2021-01-21 22:17:31'),
(47, 22, 7, 16, 11, 154, 450, 0, '50.00', '2021-01-21 22:17:31'),
(48, 23, 7, 14, 11, 154, 4005, 0, '135.00', '2021-01-21 22:22:19'),
(49, 23, 7, 45, 11, 154, 280, 0, '25.00', '2021-01-21 22:22:19'),
(50, 24, 7, 14, 11, 154, 7714, 0, '135.00', '2021-01-22 02:40:29'),
(51, 24, 7, 40, 11, 154, 33, 0, '220.00', '2021-01-22 02:40:29'),
(52, 24, 7, 16, 11, 154, 3495, 0, '50.00', '2021-01-22 02:40:29'),
(53, 25, 7, 14, 11, 154, 2376, 0, '135.00', '2021-01-22 02:41:59'),
(54, 26, 7, 14, 11, 154, 914, 0, '135.00', '2021-01-22 02:47:26'),
(55, 26, 7, 40, 11, 154, 203, 0, '220.00', '2021-01-22 02:47:26'),
(56, 26, 7, 16, 11, 154, 850, 0, '50.00', '2021-01-22 02:47:26'),
(57, 26, 7, 46, 11, 154, 500, 0, '60.00', '2021-01-22 02:48:34'),
(58, 26, 7, 47, 11, 154, 500, 0, '50.00', '2021-01-22 02:48:34'),
(59, 27, 7, 16, 11, 154, 1020, 0, '50.00', '2021-01-22 03:02:43'),
(60, 28, 7, 13, 11, 154, 1902, 0, '105.00', '2021-01-22 03:03:27'),
(61, 28, 7, 16, 11, 154, 380, 0, '50.00', '2021-01-22 03:03:27'),
(62, 29, 7, 13, 11, 154, 300, 0, '105.00', '2021-01-22 03:05:51'),
(63, 30, 7, 14, 11, 154, 2000, 0, '135.00', '2021-01-22 03:06:27'),
(64, 31, 7, 14, 11, 154, 1980, 0, '135.00', '2021-01-22 03:07:17'),
(65, 31, 7, 16, 11, 154, 550, 0, '50.00', '2021-01-22 03:07:17'),
(66, 32, 7, 14, 11, 154, 4401, 0, '135.00', '2021-01-22 03:08:37'),
(67, 32, 7, 16, 11, 154, 300, 0, '50.00', '2021-01-22 03:08:37'),
(68, 33, 7, 14, 11, 154, 3990, 0, '135.00', '2021-01-22 03:12:45'),
(69, 33, 7, 42, 11, 154, 45, 0, '240.00', '2021-01-22 03:12:45'),
(70, 33, 7, 16, 11, 154, 860, 0, '50.00', '2021-01-22 03:12:45'),
(71, 33, 7, 48, 11, 154, 311, 0, '120.00', '2021-01-22 03:13:41'),
(72, 34, 7, 13, 11, 154, 899, 0, '105.00', '2021-01-22 03:17:24'),
(73, 35, 7, 13, 11, 154, 2384, 0, '105.00', '2021-01-22 03:18:24'),
(74, 36, 7, 16, 11, 154, 305, 0, '50.00', '2021-01-22 03:20:10'),
(75, 37, 7, 14, 11, 154, 1895, 0, '135.00', '2021-01-22 03:21:37'),
(76, 37, 7, 16, 11, 154, 240, 0, '50.00', '2021-01-22 03:21:37'),
(77, 38, 7, 40, 11, 154, 94, 0, '220.00', '2021-01-22 03:22:32'),
(78, 38, 7, 16, 11, 154, 150, 0, '50.00', '2021-01-22 03:22:33'),
(79, 39, 7, 14, 11, 154, 1486, 0, '135.00', '2021-01-22 03:23:02'),
(80, 40, 7, 14, 11, 154, 1892, 0, '135.00', '2021-01-22 03:28:20'),
(81, 40, 7, 40, 11, 154, 50, 0, '220.00', '2021-01-22 03:28:20'),
(82, 40, 7, 16, 11, 154, 860, 0, '50.00', '2021-01-22 03:28:20'),
(83, 41, 7, 13, 11, 154, 1690, 0, '105.00', '2021-01-22 03:33:01'),
(84, 41, 7, 38, 11, 154, 700, 0, '180.00', '2021-01-22 03:33:01'),
(85, 42, 7, 13, 11, 154, 2328, 0, '105.00', '2021-01-22 03:34:18'),
(86, 42, 7, 38, 11, 154, 472, 0, '180.00', '2021-01-22 03:34:18'),
(87, 42, 7, 16, 11, 154, 300, 0, '50.00', '2021-01-22 03:34:18'),
(88, 43, 7, 13, 11, 154, 300, 0, '105.00', '2021-01-22 03:36:39'),
(89, 43, 7, 38, 11, 154, 130, 0, '180.00', '2021-01-22 03:36:39'),
(90, 44, 7, 14, 11, 154, 3825, 0, '135.00', '2021-01-22 03:38:40'),
(91, 44, 7, 40, 11, 154, 339, 0, '220.00', '2021-01-22 03:38:40'),
(92, 45, 7, 14, 11, 154, 3118, 0, '135.00', '2021-01-22 03:41:38'),
(93, 45, 7, 40, 11, 154, 220, 0, '220.00', '2021-01-22 03:41:38'),
(94, 45, 7, 16, 11, 154, 1350, 0, '50.00', '2021-01-22 03:41:38'),
(95, 45, 7, 44, 11, 154, 24, 0, '100.00', '2021-01-22 03:41:38'),
(96, 46, 7, 14, 11, 154, 4007, 0, '135.00', '2021-01-22 03:43:55'),
(97, 46, 7, 40, 11, 154, 170, 0, '220.00', '2021-01-22 03:43:55'),
(98, 47, 7, 14, 11, 154, 2970, 0, '135.00', '2021-01-22 03:48:18'),
(99, 47, 7, 16, 11, 154, 730, 0, '50.00', '2021-01-22 03:48:18'),
(100, 47, 7, 49, 11, 154, 295, 0, '250.00', '2021-01-22 03:49:30'),
(101, 47, 7, 50, 11, 154, 155, 0, '100.00', '2021-01-22 03:49:30'),
(102, 48, 7, 13, 11, 154, 3200, 0, '105.00', '2021-01-22 03:56:48'),
(103, 48, 7, 38, 11, 154, 364, 0, '180.00', '2021-01-22 03:56:48'),
(104, 48, 7, 16, 11, 154, 200, 0, '50.00', '2021-01-22 03:56:48'),
(105, 48, 7, 50, 11, 154, 56, 0, '100.00', '2021-01-22 03:56:48'),
(106, 49, 7, 13, 11, 154, 5150, 0, '105.00', '2021-01-22 03:58:29'),
(107, 49, 7, 38, 11, 154, 1068, 0, '180.00', '2021-01-22 03:58:29'),
(108, 50, 7, 13, 11, 154, 300, 0, '105.00', '2021-01-22 04:01:32'),
(109, 51, 7, 14, 11, 154, 3540, 0, '135.00', '2021-01-22 04:04:17'),
(110, 51, 7, 47, 11, 154, 720, 0, '50.00', '2021-01-22 04:04:17'),
(111, 51, 7, 40, 11, 154, 249, 0, '220.00', '2021-01-22 04:04:17'),
(112, 51, 7, 51, 11, 154, 237, 0, '210.00', '2021-01-22 04:06:03'),
(113, 52, 7, 14, 11, 154, 3492, 0, '135.00', '2021-01-22 04:08:19'),
(114, 52, 7, 40, 11, 154, 425, 0, '220.00', '2021-01-22 04:08:19'),
(115, 52, 7, 16, 11, 154, 1191, 0, '50.00', '2021-01-22 04:08:19'),
(116, 52, 7, 50, 11, 154, 53, 0, '100.00', '2021-01-22 04:08:19'),
(117, 53, 7, 14, 11, 154, 1700, 0, '135.00', '2021-01-22 04:10:14'),
(118, 53, 7, 40, 11, 154, 404, 0, '220.00', '2021-01-22 04:10:14'),
(119, 54, 7, 14, 11, 154, 2650, 0, '135.00', '2021-01-22 04:14:03'),
(120, 54, 7, 49, 11, 154, 438, 0, '250.00', '2021-01-22 04:14:03'),
(121, 54, 7, 16, 11, 154, 800, 0, '50.00', '2021-01-22 04:14:04'),
(122, 54, 7, 50, 11, 154, 48, 0, '100.00', '2021-01-22 04:14:04'),
(123, 55, 7, 13, 11, 154, 1916, 0, '105.00', '2021-01-22 04:18:14'),
(124, 56, 7, 13, 11, 154, 3879, 0, '105.00', '2021-01-22 04:26:25'),
(125, 56, 7, 38, 11, 154, 27, 0, '180.00', '2021-01-22 04:26:25'),
(126, 56, 7, 16, 11, 154, 1260, 0, '50.00', '2021-01-22 04:26:25'),
(127, 57, 7, 13, 11, 154, 280, 0, '105.00', '2021-01-22 04:28:13'),
(128, 57, 7, 16, 11, 154, 1400, 0, '50.00', '2021-01-22 04:28:13'),
(129, 58, 7, 14, 11, 154, 3560, 0, '135.00', '2021-01-22 04:30:49'),
(130, 59, 7, 14, 11, 154, 6023, 0, '135.00', '2021-01-22 04:32:50'),
(131, 59, 7, 16, 11, 154, 2702, 0, '50.00', '2021-01-22 04:32:50'),
(132, 60, 7, 14, 11, 154, 7160, 0, '135.00', '2021-01-22 04:33:44'),
(133, 60, 7, 16, 11, 154, 1398, 0, '50.00', '2021-01-22 04:33:44'),
(134, 61, 7, 14, 11, 154, 6505, 0, '135.00', '2021-01-22 04:37:15'),
(135, 61, 7, 48, 11, 154, 110, 0, '120.00', '2021-01-22 04:37:15'),
(136, 62, 7, 13, 11, 154, 3879, 0, '105.00', '2021-01-22 04:42:56'),
(137, 62, 7, 38, 11, 154, 27, 0, '180.00', '2021-01-22 04:42:56'),
(138, 62, 7, 16, 11, 154, 1260, 0, '50.00', '2021-01-22 04:42:56'),
(139, 63, 7, 13, 11, 154, 844, 0, '105.00', '2021-01-22 04:59:19'),
(140, 64, 7, 13, 11, 154, 2785, 0, '105.00', '2021-01-22 05:01:32'),
(141, 64, 7, 16, 11, 154, 300, 0, '50.00', '2021-01-22 05:01:33'),
(142, 65, 7, 13, 11, 154, 600, 0, '105.00', '2021-01-22 05:03:35'),
(143, 65, 7, 16, 11, 154, 1350, 0, '50.00', '2021-01-22 05:03:35'),
(144, 66, 7, 14, 11, 154, 2344, 0, '135.00', '2021-01-22 05:05:32'),
(145, 66, 7, 40, 11, 154, 30, 0, '220.00', '2021-01-22 05:05:32'),
(146, 67, 7, 14, 11, 154, 299, 0, '135.00', '2021-01-22 05:06:14'),
(147, 67, 7, 16, 11, 154, 600, 0, '50.00', '2021-01-22 05:06:14'),
(148, 68, 7, 14, 11, 154, 1806, 0, '135.00', '2021-01-22 05:08:02'),
(149, 69, 7, 16, 11, 154, 350, 0, '50.00', '2021-01-22 05:10:03'),
(150, 69, 7, 41, 11, 154, 90, 0, '120.00', '2021-01-22 05:10:03'),
(151, 70, 7, 13, 11, 154, 2008, 0, '105.00', '2021-01-22 05:29:12'),
(152, 70, 7, 38, 11, 154, 190, 0, '180.00', '2021-01-22 05:29:13'),
(153, 70, 7, 16, 11, 154, 2142, 0, '50.00', '2021-01-22 05:29:13'),
(154, 70, 7, 50, 11, 154, 205, 0, '100.00', '2021-01-22 05:29:13'),
(155, 71, 7, 13, 11, 154, 3755, 0, '105.00', '2021-01-22 05:32:37'),
(156, 71, 7, 47, 11, 154, 60, 0, '50.00', '2021-01-22 05:32:38'),
(157, 71, 7, 38, 11, 154, 494, 0, '180.00', '2021-01-22 05:32:38'),
(158, 71, 7, 16, 11, 154, 600, 0, '50.00', '2021-01-22 05:32:38'),
(159, 71, 7, 50, 11, 154, 94, 0, '100.00', '2021-01-22 05:32:38'),
(160, 71, 7, 52, 11, 154, 138, 0, '40.00', '2021-01-22 05:33:32'),
(161, 72, 7, 13, 11, 154, 942, 0, '105.00', '2021-01-22 05:38:22'),
(162, 72, 7, 52, 11, 154, 162, 0, '40.00', '2021-01-22 05:38:22'),
(163, 72, 7, 47, 11, 154, 300, 0, '50.00', '2021-01-22 05:38:22'),
(164, 72, 7, 16, 11, 154, 1400, 0, '50.00', '2021-01-22 05:38:22'),
(165, 72, 7, 50, 11, 154, 277, 0, '100.00', '2021-01-22 05:38:22'),
(166, 73, 7, 53, 11, 154, 760, 0, '35.00', '2021-01-22 05:49:20'),
(167, 73, 7, 14, 11, 154, 1460, 0, '135.00', '2021-01-22 05:49:20'),
(168, 73, 7, 47, 11, 154, 483, 0, '50.00', '2021-01-22 05:49:20'),
(169, 73, 7, 54, 11, 154, 40, 0, '68.00', '2021-01-22 05:49:20'),
(170, 73, 7, 37, 11, 154, 540, 0, '80.00', '2021-01-22 05:49:20'),
(171, 73, 7, 55, 11, 154, 235, 0, '90.00', '2021-01-22 05:49:20'),
(172, 73, 7, 40, 11, 154, 553, 0, '220.00', '2021-01-22 05:49:20'),
(173, 73, 7, 43, 11, 154, 122, 0, '200.00', '2021-01-22 05:49:20'),
(174, 73, 7, 16, 11, 154, 300, 0, '50.00', '2021-01-22 05:49:20'),
(175, 73, 7, 44, 11, 154, 525, 0, '100.00', '2021-01-22 05:49:21'),
(176, 74, 7, 14, 11, 154, 7218, 0, '135.00', '2021-01-22 06:25:17'),
(177, 74, 7, 37, 11, 154, 462, 0, '80.00', '2021-01-22 06:25:17'),
(178, 74, 7, 40, 11, 154, 485, 0, '220.00', '2021-01-22 06:25:17'),
(179, 74, 7, 16, 11, 154, 3305, 0, '50.00', '2021-01-22 06:25:17'),
(180, 74, 7, 44, 11, 154, 77, 0, '100.00', '2021-01-22 06:25:17'),
(181, 74, 7, 56, 11, 154, 243, 0, '65.00', '2021-01-22 06:53:07'),
(182, 75, 7, 14, 11, 154, 3915, 0, '135.00', '2021-01-22 06:56:16'),
(183, 75, 7, 40, 11, 154, 402, 0, '220.00', '2021-01-22 06:56:16'),
(184, 76, 7, 14, 11, 154, 4170, 0, '135.00', '2021-01-22 07:00:11'),
(185, 76, 7, 40, 11, 154, 289, 0, '220.00', '2021-01-22 07:00:11'),
(186, 76, 7, 16, 11, 154, 1894, 0, '50.00', '2021-01-22 07:00:11'),
(187, 77, 7, 38, 11, 154, 35, 0, '180.00', '2021-01-22 07:04:09'),
(188, 78, 7, 14, 11, 154, 1140, 0, '135.00', '2021-01-22 07:04:53'),
(189, 79, 7, 14, 11, 154, 168, 0, '135.00', '2021-01-22 07:05:21'),
(190, 80, 7, 47, 11, 154, 300, 0, '50.00', '2021-01-22 07:11:47'),
(191, 81, 7, 13, 11, 154, 300, 0, '105.00', '2021-01-22 07:14:20'),
(192, 82, 7, 14, 11, 154, 300, 0, '135.00', '2021-01-22 07:14:56'),
(193, 83, 7, 14, 11, 154, 2408, 0, '135.00', '2021-01-22 07:16:46'),
(194, 84, 7, 14, 11, 154, 4900, 0, '135.00', '2021-01-22 07:17:15'),
(195, 85, 7, 14, 11, 154, 2200, 0, '135.00', '2021-01-22 07:18:31'),
(196, 86, 7, 13, 11, 154, 401, 0, '105.00', '2021-01-22 07:20:33'),
(197, 86, 7, 38, 11, 154, 45, 0, '180.00', '2021-01-22 07:20:33'),
(198, 87, 7, 13, 11, 154, 840, 0, '105.00', '2021-01-22 07:21:15'),
(199, 87, 7, 16, 11, 154, 580, 0, '50.00', '2021-01-22 07:21:15'),
(200, 88, 7, 14, 11, 154, 310, 0, '135.00', '2021-01-22 07:21:42'),
(201, 89, 7, 14, 11, 154, 1320, 0, '135.00', '2021-01-22 07:22:19'),
(202, 90, 7, 14, 11, 154, 840, 0, '135.00', '2021-01-22 07:22:58'),
(203, 91, 7, 13, 11, 154, 150, 0, '105.00', '2021-01-22 07:48:45'),
(204, 92, 7, 13, 11, 154, 598, 0, '105.00', '2021-01-22 07:56:18'),
(205, 93, 7, 16, 11, 154, 300, 0, '50.00', '2021-01-22 09:40:05'),
(206, 94, 7, 16, 11, 154, 200, 0, '50.00', '2021-01-22 09:40:50'),
(207, 95, 7, 14, 11, 154, 280, 0, '135.00', '2021-01-22 09:41:19'),
(208, 96, 7, 14, 11, 154, 340, 0, '135.00', '2021-01-22 09:41:59'),
(209, 96, 7, 16, 11, 154, 250, 0, '50.00', '2021-01-22 09:41:59'),
(210, 97, 7, 14, 11, 154, 1370, 0, '135.00', '2021-01-22 09:42:31'),
(211, 98, 7, 14, 11, 154, 650, 0, '135.00', '2021-01-22 09:43:07'),
(212, 98, 7, 16, 11, 154, 370, 0, '50.00', '2021-01-22 09:43:07'),
(213, 98, 7, 57, 11, 154, 300, 0, '70.00', '2021-01-22 09:43:48'),
(214, 99, 7, 13, 11, 154, 935, 0, '105.00', '2021-01-22 09:52:21'),
(215, 99, 7, 38, 11, 154, 180, 0, '180.00', '2021-01-22 09:52:21'),
(216, 100, 7, 13, 11, 154, 1575, 0, '105.00', '2021-01-22 09:53:21'),
(217, 100, 7, 38, 11, 154, 223, 0, '180.00', '2021-01-22 09:53:21'),
(218, 100, 7, 16, 11, 154, 100, 0, '50.00', '2021-01-22 09:53:21'),
(219, 101, 7, 14, 11, 154, 440, 0, '135.00', '2021-01-22 09:54:04'),
(220, 101, 7, 16, 11, 154, 150, 0, '50.00', '2021-01-22 09:54:04'),
(221, 102, 7, 14, 11, 154, 700, 0, '135.00', '2021-01-22 09:55:14'),
(222, 102, 7, 40, 11, 154, 76, 0, '220.00', '2021-01-22 09:55:14'),
(223, 103, 7, 14, 11, 154, 1200, 0, '135.00', '2021-01-22 09:56:11'),
(224, 103, 7, 40, 11, 154, 151, 0, '220.00', '2021-01-22 09:56:11'),
(225, 104, 7, 14, 11, 154, 900, 0, '135.00', '2021-01-22 09:56:55'),
(226, 104, 7, 40, 11, 154, 225, 0, '220.00', '2021-01-22 09:56:56'),
(227, 104, 7, 16, 11, 154, 300, 0, '50.00', '2021-01-22 09:56:56'),
(228, 105, 7, 13, 11, 154, 250, 0, '105.00', '2021-01-22 10:11:39'),
(229, 106, 7, 13, 11, 154, 600, 0, '105.00', '2021-01-22 10:12:38'),
(230, 106, 7, 38, 11, 154, 120, 0, '180.00', '2021-01-22 10:12:38'),
(231, 106, 7, 16, 11, 154, 600, 0, '50.00', '2021-01-22 10:12:38'),
(232, 107, 7, 16, 11, 154, 600, 0, '50.00', '2021-01-22 10:13:08'),
(233, 108, 7, 14, 11, 154, 294, 0, '135.00', '2021-01-22 10:13:43'),
(234, 109, 7, 14, 11, 154, 400, 0, '135.00', '2021-01-22 10:14:11'),
(235, 110, 7, 14, 11, 154, 400, 0, '135.00', '2021-01-22 10:20:59'),
(236, 111, 7, 13, 11, 154, 840, 0, '105.00', '2021-01-22 10:33:16'),
(237, 111, 7, 38, 11, 154, 237, 0, '180.00', '2021-01-22 10:33:16'),
(238, 112, 7, 13, 11, 154, 1320, 0, '105.00', '2021-01-22 10:34:12'),
(239, 112, 7, 38, 11, 154, 228, 0, '180.00', '2021-01-22 10:34:12'),
(240, 113, 7, 14, 11, 154, 1320, 0, '135.00', '2021-01-22 10:42:11'),
(241, 113, 7, 40, 11, 154, 196, 0, '220.00', '2021-01-22 10:42:11'),
(242, 113, 7, 58, 11, 154, 57, 0, '110.00', '2021-01-22 10:43:20'),
(243, 114, 7, 14, 11, 154, 598, 0, '135.00', '2021-01-22 10:48:08'),
(244, 114, 7, 56, 11, 154, 240, 0, '65.00', '2021-01-22 10:48:09'),
(245, 114, 7, 40, 11, 154, 108, 0, '220.00', '2021-01-22 10:48:09'),
(246, 115, 7, 14, 11, 154, 1193, 0, '135.00', '2021-01-22 10:48:51'),
(247, 115, 7, 40, 11, 154, 244, 0, '220.00', '2021-01-22 10:48:52'),
(248, 116, 7, 14, 11, 154, 1229, 0, '135.00', '2021-01-22 10:49:38'),
(249, 116, 7, 40, 11, 154, 160, 0, '220.00', '2021-01-22 10:49:38'),
(250, 117, 7, 13, 11, 154, 760, 0, '105.00', '2021-01-22 10:59:02'),
(251, 118, 7, 16, 11, 154, 500, 0, '50.00', '2021-01-22 10:59:29'),
(252, 119, 7, 14, 11, 154, 900, 0, '135.00', '2021-01-22 11:00:12'),
(253, 120, 7, 13, 11, 154, 300, 0, '105.00', '2021-01-22 12:51:00'),
(254, 121, 7, 14, 11, 154, 100, 0, '135.00', '2021-01-22 12:51:23'),
(255, 122, 7, 43, 11, 154, 242, 0, '200.00', '2021-01-22 12:58:29'),
(256, 123, 7, 14, 11, 154, 1060, 0, '135.00', '2021-01-22 12:58:58'),
(257, 124, 7, 14, 11, 154, 570, 0, '135.00', '2021-01-22 12:59:32'),
(258, 125, 7, 13, 11, 154, 1050, 0, '105.00', '2021-01-22 13:56:15'),
(259, 125, 7, 16, 11, 154, 750, 0, '50.00', '2021-01-22 13:56:15'),
(260, 126, 7, 13, 11, 154, 1562, 0, '105.00', '2021-01-22 13:57:00'),
(261, 126, 7, 38, 11, 154, 240, 0, '180.00', '2021-01-22 13:57:00'),
(262, 127, 7, 14, 11, 154, 1175, 0, '135.00', '2021-01-22 13:58:01'),
(263, 128, 7, 14, 11, 154, 1120, 0, '135.00', '2021-01-22 13:58:32'),
(264, 129, 7, 14, 11, 154, 354, 0, '135.00', '2021-01-22 13:59:28'),
(265, 129, 7, 43, 11, 154, 587, 0, '200.00', '2021-01-22 13:59:28'),
(266, 130, 7, 14, 11, 154, 300, 0, '135.00', '2021-01-22 14:00:18'),
(267, 130, 7, 43, 11, 154, 400, 0, '200.00', '2021-01-22 14:00:18'),
(268, 131, 7, 13, 11, 154, 300, 0, '105.00', '2021-01-22 14:16:27'),
(269, 132, 7, 16, 11, 154, 300, 0, '50.00', '2021-01-22 14:17:06'),
(270, 133, 7, 14, 11, 154, 300, 0, '135.00', '2021-01-22 14:17:45'),
(271, 134, 7, 16, 11, 154, 300, 0, '50.00', '2021-01-22 14:18:18'),
(272, 135, 7, 14, 11, 154, 600, 0, '135.00', '2021-01-22 14:18:48'),
(273, 136, 7, 14, 11, 154, 450, 0, '135.00', '2021-01-22 14:19:37'),
(274, 136, 7, 16, 11, 154, 300, 0, '50.00', '2021-01-22 14:19:37'),
(275, 137, 7, 13, 11, 154, 250, 0, '105.00', '2021-01-22 14:28:34'),
(276, 138, 7, 14, 11, 154, 500, 0, '135.00', '2021-01-22 14:29:00'),
(277, 139, 7, 14, 11, 154, 450, 0, '135.00', '2021-01-22 14:29:31'),
(278, 140, 7, 14, 11, 154, 700, 0, '135.00', '2021-01-22 14:30:05'),
(279, 140, 7, 16, 11, 154, 700, 0, '50.00', '2021-01-22 14:30:05'),
(280, 141, 7, 13, 11, 154, 2689, 0, '105.00', '2021-01-22 14:37:40'),
(281, 141, 7, 16, 11, 154, 1800, 0, '50.00', '2021-01-22 14:37:40'),
(282, 142, 7, 13, 11, 154, 2670, 0, '105.00', '2021-01-22 14:38:19'),
(283, 142, 7, 16, 11, 154, 750, 0, '50.00', '2021-01-22 14:38:19'),
(284, 143, 7, 13, 11, 154, 600, 0, '105.00', '2021-01-22 14:38:50');

-- --------------------------------------------------------

--
-- Table structure for table `design`
--

CREATE TABLE `design` (
  `id` int(11) NOT NULL,
  `title` varchar(100) NOT NULL,
  `title_urdu` varchar(1000) CHARACTER SET utf8mb4 NOT NULL,
  `sortorder` int(11) NOT NULL,
  `status` int(1) NOT NULL DEFAULT 1,
  `ts` timestamp NOT NULL DEFAULT current_timestamp() ON UPDATE current_timestamp()
) ENGINE=InnoDB DEFAULT CHARSET=latin1;

--
-- Dumping data for table `design`
--

INSERT INTO `design` (`id`, `title`, `title_urdu`, `sortorder`, `status`, `ts`) VALUES
(154, 'DI', 'ڈائی', 0, 1, '2020-10-31 06:36:40'),
(155, 'GOLA', 'گولہ', 0, 1, '2020-10-31 06:39:17'),
(158, 'KALA GOLA', 'کالا  گولا', 0, 1, '2021-01-20 07:47:27'),
(160, 'FANOS', 'فانوس', 0, 1, '2021-01-20 07:46:27'),
(161, 'NAGIN', 'ناگن', 0, 1, '2021-01-20 07:54:55'),
(162, 'SURIYA', 'ثریا', 0, 1, '2021-01-20 11:04:44'),
(163, 'MEHRAN', 'مہران', 0, 1, '2021-01-20 07:48:32'),
(164, 'KANTA', 'کانٹا', 0, 1, '2021-01-20 07:47:37'),
(165, 'BARKHA', 'برکھا', 0, 1, '2021-01-20 07:45:58'),
(166, 'KIRRA', 'کرا', 0, 1, '2021-01-20 07:54:24'),
(167, 'CPECK', 'سی پیک', 0, 1, '2021-01-20 07:46:15'),
(168, 'MURKI', 'مڑکی', 0, 1, '2021-01-20 07:54:37'),
(169, 'SADABAHAR', 'سدا بہار', 0, 1, '2021-01-20 07:49:32'),
(170, 'GOLI', 'گولی', 0, 1, '2021-01-20 07:46:51'),
(171, 'KASHMIR', 'کشمیر', 0, 1, '2021-01-20 07:47:50'),
(172, 'MARJAN', 'مرجان', 0, 1, '2021-01-20 07:48:21'),
(173, 'STEEL', 'اسٹیل', 0, 1, '2021-01-20 11:04:27'),
(174, 'SAPNA', 'سپنا', 0, 1, '2021-01-20 07:55:17'),
(175, 'TURKI', 'ترکی', 0, 1, '2021-01-20 11:05:00'),
(176, 'MUSKAN', 'مسکان', 0, 1, '2021-01-20 07:54:46'),
(177, 'JUGNU', 'جگنو', 0, 1, '2021-01-20 07:47:02'),
(178, 'PUNCH PEL KIRAN', 'پنچ پیل کرن', 0, 1, '2021-01-20 07:55:06'),
(179, 'CROWN', 'کراؤن', 0, 1, '2021-01-20 07:54:09'),
(180, 'BHATTI KARA', 'بھٹی کڑا', 0, 1, '2021-01-20 07:53:58'),
(181, 'NOOR', 'نور', 0, 1, '2021-01-20 07:49:18'),
(182, 'GHUNGRO', 'گھنگرو', 0, 1, '2021-01-20 07:46:40'),
(183, 'MOON LIGHT', 'مون لائٹ', 0, 1, '2021-01-20 07:48:43'),
(184, 'KERI', 'کیری', 0, 1, '2021-01-20 07:48:06'),
(185, 'MOTIA', 'موتیا', 0, 1, '2021-01-20 07:48:53');

-- --------------------------------------------------------

--
-- Table structure for table `employees`
--

CREATE TABLE `employees` (
  `id` int(11) NOT NULL,
  `name` varchar(100) NOT NULL,
  `name_in_urdu` varchar(1000) NOT NULL,
  `father_name` varchar(100) NOT NULL,
  `phone_number` varchar(20) NOT NULL,
  `salary_type` tinyint(1) NOT NULL,
  `machine_id` int(11) DEFAULT 0,
  `salary` decimal(10,2) NOT NULL,
  `over_time_per_hour` decimal(10,2) NOT NULL,
  `status` tinyint(1) NOT NULL DEFAULT 1,
  `ts` timestamp NOT NULL DEFAULT current_timestamp() ON UPDATE current_timestamp()
) ENGINE=InnoDB DEFAULT CHARSET=utf8mb4;

--
-- Dumping data for table `employees`
--

INSERT INTO `employees` (`id`, `name`, `name_in_urdu`, `father_name`, `phone_number`, `salary_type`, `machine_id`, `salary`, `over_time_per_hour`, `status`, `ts`) VALUES
(1, 'KHURUM', 'KHURUM', '', '', 0, 0, '30000.00', '50.00', 1, '2021-01-20 17:34:38'),
(2, 'ASGHAR BHAI', 'ASGHAR BHAI', '', '', 0, 0, '30000.00', '50.00', 1, '2021-01-20 17:35:50'),
(3, 'ZAHID BHAI', 'ZAHID BHAI', '', '', 0, 0, '25000.00', '50.00', 1, '2021-01-20 17:36:15'),
(4, 'RAJO BHAI', 'RAJO BHAI', '', '', 0, 0, '25000.00', '50.00', 1, '2021-01-20 17:36:43'),
(5, 'MUBEN BHAI', 'MUBEN BHAI', '', '', 0, 0, '18000.00', '50.00', 1, '2021-01-20 17:37:11'),
(6, 'UZAIR BHAI', 'UZAIR BHAI', '', '', 0, 0, '20000.00', '50.00', 1, '2021-01-20 17:37:32'),
(7, 'ABDULWAHAB BHAI', 'ABDULWAHAB BHAI', '', '', 0, 0, '18000.00', '50.00', 1, '2021-01-20 17:38:02'),
(8, 'SABIR BHAI', 'SABIR BHAI', '', '', 0, 0, '26000.00', '0.00', 1, '2021-01-20 17:43:11'),
(9, 'HYDER BHAI', 'HYDER BHAI', '', '', 0, 0, '25000.00', '0.00', 1, '2021-01-20 17:41:54'),
(10, 'GULAM MUSTAFA BHAI', 'GULAM MUSTAFA BHAI', '', '', 0, 0, '10000.00', '0.00', 1, '2021-01-20 17:41:30'),
(11, 'AHSAN WATCHMAN', 'AHSAN WATCHMAN', '', '', 0, 0, '18000.00', '0.00', 1, '2021-01-20 17:41:03'),
(12, 'SAMI WATCHMAN', 'SAMI WATCHMAN', '', '', 0, 0, '15000.00', '0.00', 1, '2021-01-20 17:41:17'),
(13, 'IDRESS GENERATOR', 'ADRESS GENERATOR', '', '', 0, 0, '3000.00', '0.00', 1, '2021-01-20 17:40:49'),
(14, 'NAVEED ELECTRIC', 'NAVEED ELECTRIC', '', '', 0, 0, '10000.00', '0.00', 1, '2021-01-20 17:42:30');

-- --------------------------------------------------------

--
-- Table structure for table `employee_attendance`
--

CREATE TABLE `employee_attendance` (
  `id` int(11) NOT NULL,
  `employee_id` int(11) NOT NULL,
  `date` date NOT NULL,
  `attendance` varchar(3) NOT NULL,
  `ts` timestamp NOT NULL DEFAULT current_timestamp()
) ENGINE=InnoDB DEFAULT CHARSET=latin1;

-- --------------------------------------------------------

--
-- Table structure for table `employee_payment`
--

CREATE TABLE `employee_payment` (
  `id` int(11) NOT NULL,
  `employee_id` int(11) NOT NULL,
  `employee_salary_id` int(11) DEFAULT NULL,
  `date` date NOT NULL,
  `amount` int(11) NOT NULL,
  `account_id` int(11) NOT NULL,
  `ts` timestamp NOT NULL DEFAULT current_timestamp()
) ENGINE=InnoDB DEFAULT CHARSET=latin1;

-- --------------------------------------------------------

--
-- Table structure for table `employee_salary`
--

CREATE TABLE `employee_salary` (
  `id` int(11) NOT NULL,
  `employee_id` int(11) NOT NULL,
  `date` date NOT NULL,
  `salary_rate` int(11) NOT NULL,
  `over_time_rate` int(11) NOT NULL,
  `calculated_salary` int(11) NOT NULL,
  `ts` timestamp NOT NULL DEFAULT current_timestamp()
) ENGINE=InnoDB DEFAULT CHARSET=latin1;

-- --------------------------------------------------------

--
-- Table structure for table `expense`
--

CREATE TABLE `expense` (
  `id` int(11) NOT NULL,
  `datetime_added` datetime NOT NULL,
  `expense_category_id` varchar(100) NOT NULL,
  `account_id` int(11) NOT NULL,
  `details` varchar(1000) NOT NULL,
  `amount` decimal(10,2) NOT NULL,
  `added_by` int(11) NOT NULL,
  `status` int(1) NOT NULL DEFAULT 1,
  `ts` timestamp NOT NULL DEFAULT current_timestamp() ON UPDATE current_timestamp()
) ENGINE=InnoDB DEFAULT CHARSET=utf8mb4;

-- --------------------------------------------------------

--
-- Table structure for table `expense_category`
--

CREATE TABLE `expense_category` (
  `id` int(11) NOT NULL,
  `title` varchar(50) NOT NULL,
  `title_urdu` varchar(1000) CHARACTER SET utf8mb4 NOT NULL,
  `status` int(11) NOT NULL DEFAULT 1,
  `ts` timestamp NOT NULL DEFAULT current_timestamp() ON UPDATE current_timestamp()
) ENGINE=InnoDB DEFAULT CHARSET=latin1;

--
-- Dumping data for table `expense_category`
--

INSERT INTO `expense_category` (`id`, `title`, `title_urdu`, `status`, `ts`) VALUES
(1, 'FOOD', 'کھانا', 1, '2021-01-13 13:51:42'),
(2, 'PETROL', '', 1, '2020-02-24 15:46:46'),
(3, 'DIESEL', '', 1, '2020-02-24 15:49:05'),
(4, 'RENT', '', 1, '2020-02-24 15:49:21'),
(5, 'MONTHLY LABOR GROUP - A', '', 1, '2020-02-24 16:07:58'),
(6, 'DAILY WAGES LABOR (PLYDAR)', '', 1, '2020-02-24 16:06:43'),
(7, 'WEEKLY LABOR GROUP - B', 'WEEKLY LABOR GROUP - B', 1, '2021-01-19 16:40:18'),
(8, 'WAQAR FOR COUNTING', '', 1, '2020-07-07 09:52:45'),
(9, 'ELECTRIC  BILL', '', 1, '2020-02-24 16:09:28'),
(10, 'WATER BILL', '', 1, '2020-02-24 16:09:40'),
(11, 'LPG  CYLINDER PAYMENT', '', 1, '2020-02-24 16:10:01'),
(12, 'PLANT MAINTENANCE ', '', 1, '2020-02-24 16:10:36'),
(13, 'GENERAL MAINTENANCE ', '', 1, '2020-02-24 16:11:00'),
(14, 'BIKE REPAIR', '', 1, '2020-02-24 16:11:15'),
(15, 'ABC OFFICE EXPENSES ', '', 1, '2020-02-24 16:11:55'),
(16, 'ABC BANK ACCOUNT EXPENSES ', '', 1, '2020-02-24 16:12:25'),
(17, 'CUSTOMER GIFT EXPENSES ', '', 1, '2020-02-24 16:13:07'),
(18, 'EMPLOYEE  APPRECIATION GIFT', '', 1, '2020-02-24 16:13:53'),
(19, 'OFFICE  STAFF SALARY', '', 1, '2020-02-24 16:14:12'),
(20, 'OVERTIME', 'OVERTIME', 1, '2021-01-19 16:39:09'),
(21, 'MISC EXPENSES ', '', 1, '2020-02-24 16:15:52'),
(22, 'WATER TANKER', '', 1, '2020-02-24 16:16:11'),
(23, 'DRINKING WATER', '', 1, '2020-02-24 16:16:24'),
(24, 'BAKRA CHARA', '', 1, '2020-02-24 16:16:36'),
(25, 'SEEYLANI CHARITY ', '', 1, '2020-02-24 16:17:35'),
(26, 'KASHIF(OWNER) DRAWING', '', 1, '2020-02-24 16:18:13'),
(38, 'HIRING LABOR FOR MALL KHULAI', '', 1, '2020-04-14 10:09:59'),
(39, 'TRANSPORT/TRAVEL', '', 1, '2020-04-18 11:20:06'),
(40, 'BANGLE PAYMENT', '', 1, '2020-04-21 09:43:12'),
(41, 'NADEM PLYDAR', '', 1, '2020-07-08 13:22:10'),
(42, 'ADVANCE', '', 1, '2020-06-06 11:30:47'),
(43, 'YUSUF FOR COUNTING', '', 1, '2020-07-07 09:53:56'),
(44, 'SUHAIL FOR COUNTING', '', 1, '2020-07-07 09:57:02'),
(45, 'SHAKIR FOR COUNTING', '', 1, '2020-07-07 09:57:31'),
(46, 'ASIF FOR COUNTING', '', 1, '2020-07-07 10:07:55'),
(47, 'IKRAM FOR COUNTING', '', 1, '2020-07-07 10:08:10'),
(48, 'RAFIQ PLYDAR', '', 1, '2020-07-08 13:22:22'),
(49, 'SABIR PLYDAR', '', 1, '2020-07-09 14:09:39'),
(50, 'JAVED  PLYDAR', '', 1, '2020-07-08 13:24:18'),
(51, 'NASIR PLYDAR', '', 1, '2020-07-08 13:24:33'),
(52, 'NABEL  PLYDAR', '', 1, '2020-07-08 13:25:13'),
(53, 'SHAHBAZ PLYDAR', '', 1, '2020-07-08 13:26:05'),
(54, 'JAVED  B  PLYDAR', '', 1, '2020-07-08 13:31:22'),
(55, 'AMIR PLYDAR', '', 1, '2020-07-08 13:32:41'),
(56, 'RIZWAN PLYDAR', '', 1, '2020-07-08 13:37:21'),
(57, 'AKRAM FOR COUNTING', '', 1, '2020-07-08 13:44:08'),
(58, 'ADIL PLYDAR', '', 1, '2020-07-09 13:58:53'),
(59, 'SAMAD PLYDAR', '', 1, '2020-07-09 14:52:44'),
(60, 'BALA PLYDAR', '', 1, '2020-07-09 14:59:38'),
(61, 'MOHAN  PLYDAR', '', 1, '2020-07-09 14:59:53'),
(62, 'SHANI PLYDAR', '', 1, '2020-07-09 15:00:32'),
(63, 'BHOLA PLYDAR', '', 1, '2020-07-09 15:00:58'),
(64, 'ISHTIYAQ PLYDAR', '', 1, '2020-07-09 15:01:15'),
(65, 'KHURSHED  PLYDAR', '', 1, '2020-07-09 15:01:30'),
(66, 'RIYAZ PLYDAR', '', 1, '2020-07-09 15:02:03'),
(67, 'SHAHZAIB  PLYDAR', '', 1, '2020-07-09 15:02:21'),
(68, 'RAOUF PLYDAR', '', 1, '2020-07-09 15:02:54'),
(69, 'KAMRAN B PLYDAR', '', 1, '2020-07-09 15:11:53'),
(70, 'SHAHID PLYDAR', '', 1, '2020-07-09 15:22:58'),
(71, 'MAKRANI MALL KHULAI', '', 1, '2020-07-09 15:29:29'),
(72, 'ZUBAIR PLYDAR', '', 1, '2020-07-09 15:41:52'),
(73, 'NADEM  MALL  KHULAI', '', 1, '2020-07-09 15:54:11'),
(74, 'RAFIQ B PLYDAR', '', 1, '2020-07-09 16:17:18'),
(75, 'SAQIB MALL KHULAI', '', 1, '2020-07-09 17:04:53'),
(76, 'ESSA MALL KHULAI', '', 1, '2020-07-09 17:05:06'),
(77, 'AJAZ MALL KHULAI', '', 1, '2020-07-12 15:56:16'),
(78, 'KASHIF MALL  KHULAI', '', 1, '2020-07-12 15:56:34'),
(79, 'WASEM MALL KHULAI', '', 1, '2020-07-12 15:56:54'),
(80, 'SAEED  MALL KHULAI', '', 1, '2020-07-12 15:57:24'),
(81, 'ADNAN MALL  KHULAI', '', 1, '2020-07-12 15:57:56'),
(82, 'INCENTIVE ', '', 1, '2020-07-13 08:46:07'),
(83, 'PLYDAR', '', 1, '2020-07-14 06:25:42'),
(84, 'TM', '', 1, '2020-07-28 19:33:05'),
(85, 'LABOR ADVANCE', '', 1, '2020-09-06 13:24:44'),
(86, 'REHAN', '', 1, '2020-09-06 13:28:43'),
(87, 'BABAR', '', 1, '2020-09-06 13:28:53'),
(88, 'SHAHID PLYDAR', '', 1, '2020-09-06 13:29:03'),
(89, 'RASHID', '', 1, '2020-09-06 14:08:49'),
(90, 'ASAD', '', 1, '2020-09-06 14:17:53'),
(91, 'GULAM HUSAIN', '', 1, '2020-09-06 14:29:52'),
(92, 'KASHIF', '', 1, '2020-09-06 14:39:35'),
(93, 'UMAIR BHAI', '', 1, '2020-09-07 06:41:09'),
(94, 'SAHIL', '', 1, '2020-09-07 06:43:01'),
(95, 'NOMAN', '', 1, '2020-09-07 06:43:07'),
(96, 'MOLANA REHAN', '', 1, '2020-09-07 06:43:16'),
(97, 'AFTAB', '', 1, '2020-09-07 06:43:27'),
(98, 'MAMO', '', 1, '2020-09-07 06:43:39'),
(99, 'SHAHZAIB', '', 1, '2020-09-07 06:43:46'),
(100, 'SHARJEL', '', 1, '2020-09-07 06:43:52'),
(101, 'AHTISHAM ALAM', '', 1, '2020-09-07 06:44:05'),
(102, 'SMALL SHAHZAIB', '', 1, '2020-09-07 06:44:26'),
(103, 'NADEM', '', 1, '2020-09-07 06:44:32'),
(104, 'TARIQ', '', 1, '2020-09-07 06:44:38'),
(105, 'ADNAN', '', 1, '2020-09-07 06:44:44'),
(106, 'ZOHAIB', '', 1, '2020-09-07 06:44:51'),
(107, 'BURHAN', '', 1, '2020-09-07 06:44:57'),
(108, 'ABID ', '', 1, '2020-09-07 06:45:10'),
(109, 'YOUSUF PLYDAR', '', 1, '2020-09-07 06:45:22'),
(110, 'IRFAN', '', 1, '2020-09-07 07:45:33'),
(111, 'RAHEL', '', 1, '2020-09-07 07:55:11'),
(112, 'WALI', '', 1, '2020-09-07 09:53:45'),
(113, 'AHSAN', '', 1, '2020-09-07 09:53:57'),
(114, 'AWAIS', '', 1, '2020-09-07 09:54:19'),
(115, 'JAVED', '', 1, '2020-09-07 09:54:28'),
(116, 'JAMEL', '', 1, '2020-09-07 09:54:39'),
(117, 'FAYSAL', '', 1, '2020-09-07 09:54:52'),
(118, 'SAJID', '', 1, '2020-09-07 09:58:09'),
(119, 'ARSHAD', '', 1, '2020-09-07 10:01:35'),
(120, 'OFFICE ADVANVE', '', 1, '2020-09-21 06:00:31');

-- --------------------------------------------------------

--
-- Table structure for table `incoming`
--

CREATE TABLE `incoming` (
  `id` int(11) NOT NULL,
  `gatepass_id` varchar(20) NOT NULL,
  `date` date NOT NULL,
  `customer_id` int(11) NOT NULL,
  `labour_id` int(11) NOT NULL,
  `status` int(1) NOT NULL DEFAULT 1,
  `ts` timestamp NOT NULL DEFAULT current_timestamp() ON UPDATE current_timestamp()
) ENGINE=InnoDB DEFAULT CHARSET=latin1;

--
-- Dumping data for table `incoming`
--

INSERT INTO `incoming` (`id`, `gatepass_id`, `date`, `customer_id`, `labour_id`, `status`, `ts`) VALUES
(1, '1', '2021-01-20', 22, 0, 1, '2021-01-20 18:00:38'),
(2, '2', '2021-01-20', 45, 0, 1, '2021-01-20 18:01:44'),
(3, '3', '2021-01-20', 15, 0, 1, '2021-01-20 18:02:10'),
(4, '4', '2021-01-20', 15, 0, 1, '2021-01-20 18:02:37'),
(5, '5', '2021-01-20', 8, 0, 1, '2021-01-20 18:03:10'),
(6, '6', '2021-01-20', 3, 0, 1, '2021-01-20 18:10:04'),
(7, '7', '2021-01-20', 10, 0, 1, '2021-01-20 18:10:37'),
(8, '8', '2021-01-20', 10, 0, 1, '2021-01-20 18:11:55'),
(9, '9', '2021-01-20', 48, 0, 1, '2021-01-20 18:12:18'),
(10, '10', '2021-01-20', 82, 0, 1, '2021-01-20 18:15:22'),
(11, '11', '2021-01-20', 2, 0, 1, '2021-01-20 18:16:27'),
(12, '15', '2021-01-20', 9, 0, 1, '2021-01-20 18:17:49'),
(13, '16', '2021-01-20', 29, 0, 1, '2021-01-20 18:18:17'),
(14, '17', '2021-01-20', 2, 0, 1, '2021-01-20 18:18:43'),
(15, '18', '2021-01-20', 7, 0, 1, '2021-01-20 18:19:15'),
(16, '19', '2021-01-20', 14, 0, 1, '2021-01-20 18:19:49'),
(17, '20', '2021-01-20', 50, 0, 1, '2021-01-20 18:20:19'),
(18, '21', '2021-01-20', 25, 0, 1, '2021-01-20 18:20:44'),
(19, '22', '2021-01-20', 9, 0, 1, '2021-01-20 18:21:26'),
(20, '23', '2021-01-20', 29, 0, 1, '2021-01-20 18:22:50'),
(21, '24', '2021-01-20', 7, 0, 1, '2021-01-20 18:23:22'),
(22, '25', '2021-01-20', 30, 0, 1, '2021-01-20 18:24:09'),
(23, '26', '2021-01-20', 60, 0, 1, '2021-01-20 18:24:57'),
(24, '27', '2021-01-20', 83, 0, 1, '2021-01-20 18:26:39'),
(25, '28', '2021-01-20', 11, 0, 1, '2021-01-20 18:27:11'),
(26, '29', '2021-01-20', 47, 0, 1, '2021-01-20 18:27:38'),
(27, '30', '2021-01-20', 47, 0, 1, '2021-01-20 18:28:15'),
(28, '31', '2021-01-20', 9, 0, 1, '2021-01-20 18:28:42'),
(29, '32', '2021-01-20', 2, 0, 1, '2021-01-20 18:29:09'),
(30, '33', '2021-01-20', 11, 0, 1, '2021-01-20 18:29:42'),
(31, '34', '2021-01-20', 33, 0, 1, '2021-01-20 18:30:08'),
(32, '35', '2021-01-20', 33, 0, 1, '2021-01-20 18:30:40'),
(33, '36', '2021-01-20', 75, 0, 1, '2021-01-20 18:31:12'),
(34, '37', '2021-01-20', 14, 0, 1, '2021-01-20 18:31:45'),
(35, '38', '2021-01-20', 14, 0, 1, '2021-01-20 18:32:30'),
(36, '39', '2021-01-20', 4, 0, 1, '2021-01-20 18:33:21'),
(37, '40', '2021-01-20', 16, 0, 1, '2021-01-20 18:33:44'),
(38, '43', '2021-01-20', 10, 0, 1, '2021-01-20 18:35:26'),
(39, '44', '2021-01-20', 5, 0, 1, '2021-01-20 18:35:57'),
(40, '45', '2021-01-20', 3, 0, 1, '2021-01-20 18:36:24'),
(41, '46', '2021-01-20', 11, 0, 1, '2021-01-20 18:36:59'),
(42, '47', '2021-01-20', 24, 0, 1, '2021-01-20 18:38:32'),
(43, '48', '2021-01-20', 13, 0, 1, '2021-01-20 18:39:09'),
(44, '49', '2021-01-20', 16, 0, 1, '2021-01-20 18:40:44'),
(45, '50', '2021-01-20', 73, 0, 1, '2021-01-20 18:41:08'),
(46, '51', '2021-01-20', 60, 0, 1, '2021-01-20 18:41:36'),
(47, '52', '2021-01-20', 5, 0, 1, '2021-01-20 18:42:19'),
(48, '53', '2021-01-20', 84, 0, 1, '2021-01-20 18:43:57'),
(49, '55', '2021-01-20', 5, 0, 1, '2021-01-20 18:44:24'),
(50, '56', '2021-01-20', 47, 0, 1, '2021-01-20 18:45:18'),
(51, '57', '2021-01-20', 8, 0, 1, '2021-01-20 18:45:39'),
(52, '58', '2021-01-20', 84, 0, 1, '2021-01-20 18:46:29'),
(53, '60', '2021-01-20', 64, 0, 1, '2021-01-20 18:47:01'),
(54, '61', '2021-01-20', 2, 0, 1, '2021-01-20 18:47:32'),
(55, '62', '2021-01-20', 33, 0, 1, '2021-01-20 18:48:33'),
(56, '64', '2021-01-20', 33, 0, 1, '2021-01-20 18:49:07'),
(57, '65', '2021-01-20', 60, 0, 1, '2021-01-20 18:49:38'),
(58, '66', '2021-01-20', 48, 0, 1, '2021-01-20 18:53:53'),
(59, '67', '2021-01-20', 19, 0, 1, '2021-01-20 18:54:17'),
(60, '68', '2021-01-20', 38, 0, 1, '2021-01-20 18:54:47'),
(61, '69', '2021-01-20', 9, 0, 1, '2021-01-20 18:55:32'),
(62, '71', '2021-01-20', 73, 0, 1, '2021-01-20 18:55:59'),
(63, '72', '2021-01-20', 36, 0, 1, '2021-01-20 18:56:28'),
(64, '74', '2021-01-20', 47, 0, 1, '2021-01-20 18:56:59'),
(65, '75', '2021-01-20', 2, 0, 1, '2021-01-20 18:57:23'),
(66, '76', '2021-01-20', 5, 0, 1, '2021-01-20 18:57:49'),
(67, '77', '2021-01-20', 37, 0, 1, '2021-01-20 06:06:36'),
(68, '78', '2021-01-20', 36, 0, 1, '2021-01-20 06:07:25'),
(69, '80', '2021-01-20', 2, 0, 1, '2021-01-20 16:39:07'),
(70, '79', '2021-01-20', 2, 0, 1, '2021-01-20 16:40:06'),
(71, '81', '2021-01-20', 7, 0, 1, '2021-01-20 16:40:37'),
(72, '82', '2021-01-20', 5, 0, 1, '2021-01-20 16:41:04'),
(73, '83', '2021-01-20', 69, 0, 1, '2021-01-20 16:41:28'),
(74, '84', '2021-01-20', 3, 0, 1, '2021-01-20 16:41:48'),
(75, '85', '2021-01-20', 6, 0, 1, '2021-01-20 16:42:44'),
(76, '86', '2021-01-20', 28, 0, 1, '2021-01-20 16:43:06'),
(77, '87', '2021-01-20', 31, 0, 1, '2021-01-20 16:43:59'),
(78, '88', '2021-01-20', 31, 0, 1, '2021-01-20 16:45:36'),
(79, '92', '2021-01-20', 18, 0, 1, '2021-01-20 16:46:03'),
(80, '93', '2021-01-20', 30, 0, 1, '2021-01-20 16:46:37'),
(81, '94', '2021-01-20', 7, 0, 1, '2021-01-20 16:46:55'),
(82, '95', '2021-01-20', 11, 0, 1, '2021-01-20 16:47:17'),
(83, '96', '2021-01-20', 65, 0, 1, '2021-01-20 16:48:20'),
(84, '97', '2021-01-20', 3, 0, 1, '2021-01-20 16:48:38'),
(85, '98', '2021-01-20', 30, 0, 1, '2021-01-20 16:49:21'),
(86, '99', '2021-01-20', 9, 0, 1, '2021-01-20 16:50:07'),
(87, '100', '2021-01-20', 30, 0, 1, '2021-01-20 16:50:39'),
(88, '101', '2021-01-20', 46, 0, 1, '2021-01-20 16:51:00'),
(89, '102', '2021-01-20', 3, 0, 1, '2021-01-20 16:51:22'),
(90, '103', '2021-01-20', 38, 0, 1, '2021-01-20 16:52:06'),
(91, '104', '2021-01-20', 6, 0, 1, '2021-01-20 16:53:41'),
(92, '105', '2021-01-20', 11, 0, 1, '2021-01-20 16:54:07'),
(93, '106', '2021-01-20', 2, 0, 1, '2021-01-20 16:58:41'),
(94, '107', '2021-01-20', 75, 0, 1, '2021-01-20 17:00:13'),
(95, '108', '2021-01-20', 16, 0, 1, '2021-01-20 17:00:37'),
(96, '109', '2021-01-20', 2, 0, 1, '2021-01-20 17:01:18'),
(97, '110', '2021-01-20', 6, 0, 1, '2021-01-20 17:02:00'),
(98, '111', '2021-01-20', 9, 0, 1, '2021-01-20 17:02:53'),
(99, '112', '2021-01-20', 11, 0, 1, '2021-01-20 17:03:33'),
(100, '114', '2021-01-20', 71, 0, 1, '2021-01-20 17:04:19'),
(101, '115', '2021-01-20', 5, 0, 1, '2021-01-20 17:04:49'),
(102, '116', '2021-01-20', 13, 0, 1, '2021-01-20 17:05:30'),
(103, '23', '2021-01-20', 29, 0, 1, '2021-01-21 19:22:43'),
(104, '42', '2021-01-20', 11, 0, 1, '2021-01-21 19:26:13'),
(105, '42', '2021-01-20', 11, 0, 1, '2021-01-21 19:26:58'),
(106, '96', '2021-01-20', 10, 0, 1, '2021-01-21 19:27:59');

-- --------------------------------------------------------

--
-- Table structure for table `incoming_items`
--

CREATE TABLE `incoming_items` (
  `id` int(11) NOT NULL,
  `incoming_id` int(11) NOT NULL,
  `machine_id` int(11) NOT NULL,
  `color_id` int(11) NOT NULL,
  `size_id` int(11) NOT NULL,
  `design_id` int(11) NOT NULL,
  `quantity` int(11) NOT NULL,
  `ts` timestamp NOT NULL DEFAULT current_timestamp() ON UPDATE current_timestamp()
) ENGINE=InnoDB DEFAULT CHARSET=latin1;

--
-- Dumping data for table `incoming_items`
--

INSERT INTO `incoming_items` (`id`, `incoming_id`, `machine_id`, `color_id`, `size_id`, `design_id`, `quantity`, `ts`) VALUES
(1, 1, 0, 13, 11, 158, 300, '2021-01-20 18:00:38'),
(2, 2, 0, 13, 11, 155, 350, '2021-01-20 18:01:44'),
(3, 3, 0, 13, 11, 160, 750, '2021-01-20 18:02:10'),
(4, 4, 0, 13, 5, 161, 50, '2021-01-20 18:02:37'),
(5, 5, 0, 13, 4, 161, 200, '2021-01-20 18:03:10'),
(6, 6, 0, 13, 4, 162, 450, '2021-01-20 18:10:04'),
(7, 7, 0, 13, 11, 163, 240, '2021-01-20 18:10:37'),
(8, 8, 0, 13, 11, 164, 300, '2021-01-20 18:11:55'),
(9, 9, 0, 13, 11, 165, 300, '2021-01-20 18:12:19'),
(10, 10, 0, 13, 11, 161, 560, '2021-01-20 18:15:22'),
(11, 11, 0, 13, 4, 166, 32, '2021-01-20 18:16:27'),
(12, 11, 0, 13, 4, 161, 163, '2021-01-20 18:16:28'),
(13, 11, 0, 13, 11, 155, 700, '2021-01-20 18:16:28'),
(14, 12, 0, 13, 11, 167, 550, '2021-01-20 18:17:49'),
(15, 13, 0, 13, 11, 168, 277, '2021-01-20 18:18:17'),
(16, 14, 0, 13, 11, 169, 200, '2021-01-20 18:18:43'),
(17, 15, 0, 13, 11, 170, 200, '2021-01-20 18:19:15'),
(18, 16, 0, 13, 11, 155, 270, '2021-01-20 18:19:49'),
(19, 17, 0, 13, 4, 166, 100, '2021-01-20 18:20:19'),
(20, 17, 0, 13, 11, 166, 100, '2021-01-20 18:20:19'),
(21, 18, 0, 13, 11, 161, 650, '2021-01-20 18:20:44'),
(22, 19, 0, 13, 12, 171, 440, '2021-01-20 18:21:26'),
(23, 20, 0, 13, 11, 168, 310, '2021-01-20 18:22:50'),
(24, 21, 0, 13, 11, 172, 350, '2021-01-20 18:23:22'),
(25, 22, 0, 13, 11, 173, 865, '2021-01-20 18:24:09'),
(26, 23, 0, 13, 4, 161, 51, '2021-01-20 18:24:57'),
(27, 23, 0, 13, 4, 181, 49, '2021-01-20 18:24:57'),
(28, 24, 0, 13, 5, 155, 600, '2021-01-20 18:26:39'),
(29, 24, 0, 13, 11, 155, 500, '2021-01-20 18:26:39'),
(30, 25, 0, 13, 11, 174, 600, '2021-01-20 18:27:11'),
(31, 26, 0, 13, 11, 167, 300, '2021-01-20 18:27:39'),
(32, 27, 0, 13, 4, 161, 100, '2021-01-20 18:28:15'),
(33, 28, 0, 13, 11, 175, 150, '2021-01-20 18:28:42'),
(34, 29, 0, 13, 11, 160, 310, '2021-01-20 18:29:09'),
(35, 30, 0, 13, 11, 176, 600, '2021-01-20 18:29:42'),
(36, 31, 0, 13, 11, 161, 400, '2021-01-20 18:30:08'),
(37, 32, 0, 13, 11, 155, 400, '2021-01-20 18:30:40'),
(38, 33, 0, 13, 4, 164, 50, '2021-01-20 18:31:12'),
(39, 33, 0, 13, 11, 164, 500, '2021-01-20 18:31:13'),
(40, 34, 0, 13, 11, 177, 210, '2021-01-20 18:31:45'),
(41, 35, 0, 13, 4, 161, 50, '2021-01-20 18:32:30'),
(42, 35, 0, 13, 4, 155, 100, '2021-01-20 18:32:30'),
(43, 36, 0, 13, 11, 178, 831, '2021-01-20 18:33:21'),
(44, 37, 0, 13, 11, 161, 200, '2021-01-20 18:33:44'),
(45, 38, 0, 13, 11, 155, 300, '2021-01-20 18:35:26'),
(46, 39, 0, 13, 4, 182, 265, '2021-01-20 18:35:57'),
(47, 40, 0, 13, 4, 175, 370, '2021-01-20 18:36:24'),
(48, 41, 0, 13, 11, 155, 600, '2021-01-20 18:37:00'),
(49, 42, 0, 13, 11, 155, 206, '2021-01-20 18:38:32'),
(50, 43, 0, 13, 5, 158, 100, '2021-01-20 18:39:09'),
(51, 43, 0, 13, 12, 158, 300, '2021-01-20 18:39:09'),
(52, 44, 0, 13, 11, 161, 300, '2021-01-20 18:40:44'),
(53, 45, 0, 13, 11, 160, 300, '2021-01-20 18:41:08'),
(54, 46, 0, 13, 4, 161, 100, '2021-01-20 18:41:36'),
(55, 47, 0, 13, 4, 179, 100, '2021-01-20 18:42:19'),
(56, 47, 0, 13, 4, 163, 50, '2021-01-20 18:42:19'),
(57, 48, 0, 13, 4, 161, 100, '2021-01-20 18:43:58'),
(58, 48, 0, 13, 4, 155, 40, '2021-01-20 18:43:58'),
(59, 48, 0, 13, 11, 155, 120, '2021-01-20 18:43:58'),
(60, 48, 0, 13, 4, 185, 150, '2021-01-20 18:43:58'),
(61, 49, 0, 13, 11, 160, 600, '2021-01-20 18:44:24'),
(62, 50, 0, 13, 11, 163, 200, '2021-01-20 18:45:19'),
(63, 51, 0, 13, 11, 180, 72, '2021-01-20 18:45:39'),
(64, 52, 0, 13, 12, 161, 220, '2021-01-20 18:46:29'),
(65, 52, 0, 13, 12, 181, 220, '2021-01-20 18:46:29'),
(66, 53, 0, 13, 4, 155, 50, '2021-01-20 18:47:02'),
(67, 53, 0, 13, 12, 155, 400, '2021-01-20 18:47:02'),
(68, 54, 0, 13, 11, 161, 300, '2021-01-20 18:47:32'),
(69, 55, 0, 13, 5, 182, 75, '2021-01-20 18:48:33'),
(70, 55, 0, 13, 5, 160, 75, '2021-01-20 18:48:33'),
(71, 56, 0, 13, 11, 170, 78, '2021-01-20 18:49:07'),
(72, 57, 0, 13, 12, 163, 100, '2021-01-20 18:49:38'),
(73, 58, 0, 13, 11, 180, 74, '2021-01-20 18:53:53'),
(74, 59, 0, 13, 11, 180, 71, '2021-01-20 18:54:17'),
(75, 60, 0, 13, 12, 155, 300, '2021-01-20 18:54:47'),
(76, 61, 0, 13, 11, 181, 320, '2021-01-20 18:55:32'),
(77, 61, 0, 13, 11, 166, 300, '2021-01-20 18:55:33'),
(78, 62, 0, 13, 4, 155, 100, '2021-01-20 18:55:59'),
(79, 63, 0, 13, 4, 181, 100, '2021-01-20 18:56:28'),
(80, 64, 0, 13, 11, 167, 250, '2021-01-20 18:56:59'),
(81, 65, 0, 13, 11, 164, 300, '2021-01-20 18:57:23'),
(82, 66, 0, 13, 12, 155, 400, '2021-01-20 18:57:49'),
(83, 67, 0, 13, 4, 175, 200, '2021-01-20 06:06:36'),
(84, 68, 0, 13, 11, 161, 400, '2021-01-20 06:07:25'),
(85, 69, 0, 13, 4, 167, 225, '2021-01-20 16:39:07'),
(86, 69, 0, 13, 11, 167, 300, '2021-01-20 16:39:07'),
(87, 70, 0, 13, 4, 161, 175, '2021-01-20 16:40:06'),
(88, 71, 0, 13, 4, 154, 200, '2021-01-20 16:40:38'),
(89, 72, 0, 13, 11, 154, 210, '2021-01-20 16:41:04'),
(90, 73, 0, 13, 11, 155, 570, '2021-01-20 16:41:28'),
(91, 74, 0, 13, 4, 161, 200, '2021-01-20 16:41:48'),
(92, 75, 0, 13, 11, 166, 515, '2021-01-20 16:42:44'),
(93, 76, 0, 13, 11, 177, 150, '2021-01-20 16:43:07'),
(94, 77, 0, 13, 4, 167, 50, '2021-01-20 16:43:59'),
(95, 77, 0, 13, 11, 167, 150, '2021-01-20 16:43:59'),
(96, 78, 0, 13, 11, 183, 150, '2021-01-20 16:45:37'),
(97, 78, 0, 13, 4, 160, 50, '2021-01-20 16:45:37'),
(98, 78, 0, 13, 11, 184, 150, '2021-01-20 16:45:37'),
(99, 78, 0, 13, 4, 161, 50, '2021-01-20 16:45:37'),
(100, 78, 0, 13, 11, 161, 150, '2021-01-20 16:45:37'),
(101, 78, 0, 13, 5, 172, 70, '2021-01-20 16:45:37'),
(102, 78, 0, 13, 11, 172, 150, '2021-01-20 16:45:37'),
(103, 79, 0, 13, 11, 155, 200, '2021-01-20 16:46:03'),
(104, 79, 0, 13, 12, 155, 175, '2021-01-20 16:46:03'),
(105, 80, 0, 13, 11, 173, 812, '2021-01-20 16:46:38'),
(106, 81, 0, 13, 4, 175, 200, '2021-01-20 16:46:55'),
(107, 82, 0, 13, 11, 155, 300, '2021-01-20 16:47:17'),
(108, 83, 0, 13, 11, 173, 200, '2021-01-20 16:48:20'),
(109, 84, 0, 13, 4, 161, 100, '2021-01-20 16:48:38'),
(110, 85, 0, 13, 11, 154, 788, '2021-01-20 16:49:21'),
(111, 86, 0, 13, 4, 164, 150, '2021-01-20 16:50:07'),
(112, 86, 0, 13, 4, 181, 40, '2021-01-20 16:50:07'),
(113, 86, 0, 13, 4, 161, 50, '2021-01-20 16:50:07'),
(114, 87, 0, 13, 11, 154, 188, '2021-01-20 16:50:40'),
(115, 88, 0, 13, 11, 183, 50, '2021-01-20 16:51:00'),
(116, 89, 0, 13, 11, 162, 260, '2021-01-20 16:51:22'),
(117, 90, 0, 13, 11, 155, 225, '2021-01-20 16:52:06'),
(118, 91, 0, 13, 12, 154, 200, '2021-01-20 16:53:42'),
(119, 92, 0, 13, 11, 161, 400, '2021-01-20 16:54:07'),
(120, 93, 0, 13, 4, 183, 57, '2021-01-20 16:58:41'),
(121, 93, 0, 13, 5, 161, 115, '2021-01-20 16:58:41'),
(122, 94, 0, 13, 4, 154, 104, '2021-01-20 17:00:13'),
(123, 94, 0, 13, 4, 185, 129, '2021-01-20 17:00:14'),
(124, 94, 0, 13, 4, 181, 87, '2021-01-20 17:00:14'),
(125, 95, 0, 13, 4, 161, 100, '2021-01-20 17:00:37'),
(126, 96, 0, 13, 12, 155, 700, '2021-01-20 17:01:18'),
(127, 97, 0, 13, 11, 161, 240, '2021-01-20 17:02:00'),
(128, 98, 0, 13, 4, 161, 234, '2021-01-20 17:02:53'),
(129, 98, 0, 13, 4, 181, 160, '2021-01-20 17:02:53'),
(130, 99, 0, 13, 12, 174, 400, '2021-01-20 17:03:33'),
(131, 100, 0, 13, 4, 161, 50, '2021-01-20 17:04:19'),
(132, 100, 0, 13, 11, 161, 160, '2021-01-20 17:04:19'),
(133, 100, 0, 13, 4, 155, 50, '2021-01-20 17:04:19'),
(134, 100, 0, 13, 11, 155, 250, '2021-01-20 17:04:20'),
(135, 101, 0, 13, 11, 160, 400, '2021-01-20 17:04:49'),
(136, 102, 0, 13, 12, 158, 400, '2021-01-20 17:05:31'),
(137, 103, 0, 13, 4, 168, 263, '2021-01-21 19:22:43'),
(138, 103, 0, 13, 11, 168, 233, '2021-01-21 19:22:43'),
(139, 104, 0, 13, 11, 155, 1364, '2021-01-21 19:26:13'),
(140, 105, 0, 13, 11, 155, 1300, '2021-01-21 19:26:58'),
(141, 106, 0, 13, 11, 161, 300, '2021-01-21 19:28:00');

-- --------------------------------------------------------

--
-- Table structure for table `invoice`
--

CREATE TABLE `invoice` (
  `id` int(11) NOT NULL,
  `customer_id` int(11) NOT NULL,
  `machine_id` int(11) NOT NULL DEFAULT 0,
  `date_from` date NOT NULL,
  `date_to` date NOT NULL,
  `datetime_added` datetime NOT NULL,
  `notes` text NOT NULL,
  `status` int(1) NOT NULL DEFAULT 1,
  `ts` timestamp NOT NULL DEFAULT current_timestamp() ON UPDATE current_timestamp()
) ENGINE=InnoDB DEFAULT CHARSET=latin1;

--
-- Dumping data for table `invoice`
--

INSERT INTO `invoice` (`id`, `customer_id`, `machine_id`, `date_from`, `date_to`, `datetime_added`, `notes`, `status`, `ts`) VALUES
(2, 1, 0, '2020-05-01', '2020-12-31', '2021-01-16 16:11:00', '', 1, '2021-01-21 20:46:48'),
(5, 85, 0, '2020-05-01', '2020-12-31', '2021-01-22 01:36:00', '', 1, '2021-01-21 20:46:09'),
(6, 2, 0, '2020-05-01', '2020-12-31', '2021-01-22 02:31:00', '', 1, '2021-01-21 21:31:54'),
(7, 86, 0, '2020-05-01', '2020-12-31', '2021-01-22 02:52:00', '', 1, '2021-01-21 21:52:54'),
(8, 3, 0, '2020-05-01', '2020-12-31', '2021-01-22 03:03:00', '', 1, '2021-01-21 22:04:04'),
(9, 4, 0, '2020-06-01', '2020-12-31', '2021-01-22 03:19:00', '', 1, '2021-01-21 22:19:24'),
(10, 87, 0, '2020-05-01', '2020-12-31', '2021-01-22 07:55:00', '', 1, '2021-01-22 02:56:06'),
(11, 5, 0, '2020-05-01', '2020-12-31', '2021-01-22 08:13:00', '', 1, '2021-01-22 03:14:01'),
(12, 6, 0, '2020-05-01', '2020-12-31', '2021-01-22 08:24:00', '', 1, '2021-01-22 03:24:28'),
(13, 7, 0, '2020-05-01', '2020-12-31', '2021-01-22 08:49:00', '', 1, '2021-01-22 03:49:50'),
(14, 8, 0, '2020-05-01', '2020-12-31', '2021-01-22 09:14:00', '', 1, '2021-01-22 04:14:21'),
(15, 9, 0, '2020-05-01', '2020-12-31', '2021-01-22 09:37:00', '', 1, '2021-01-22 04:37:45'),
(17, 10, 0, '2020-05-01', '2020-12-31', '2021-01-22 10:04:00', '', 1, '2021-01-22 05:04:26'),
(18, 11, 0, '2020-05-01', '2020-12-31', '2021-01-22 10:22:00', '', 1, '2021-01-22 05:22:56'),
(19, 12, 0, '2020-05-01', '2020-12-31', '2021-01-22 12:07:00', '', 1, '2021-01-22 07:07:14'),
(20, 13, 0, '2020-05-01', '2020-12-31', '2021-01-22 12:18:00', '', 1, '2021-01-22 07:18:54'),
(21, 14, 0, '2020-05-01', '2020-12-31', '2021-01-22 12:28:00', '', 1, '2021-01-22 07:28:53'),
(22, 88, 0, '2020-05-01', '2020-12-31', '2021-01-22 12:33:00', '', 1, '2021-01-22 07:33:43'),
(23, 89, 0, '2020-06-01', '2020-12-31', '2021-01-22 12:36:00', '', 1, '2021-01-22 07:36:58'),
(24, 90, 0, '2020-05-01', '2020-12-31', '2021-01-22 12:48:00', '', 1, '2021-01-22 07:49:01'),
(25, 15, 0, '2020-05-01', '2020-12-31', '2021-01-22 14:49:00', '', 1, '2021-01-22 09:49:38'),
(26, 16, 0, '2020-05-01', '2020-12-31', '2021-01-22 15:03:00', '', 1, '2021-01-22 10:03:22'),
(27, 17, 0, '2020-05-01', '2020-12-31', '2021-01-22 15:17:00', '', 1, '2021-01-22 10:17:38'),
(28, 91, 0, '2020-05-01', '2020-12-31', '2021-01-22 15:19:00', '', 1, '2021-01-22 10:19:33'),
(29, 18, 0, '2020-05-01', '2020-12-31', '2021-01-22 15:26:00', '', 1, '2021-01-22 10:27:12'),
(30, 19, 0, '2020-05-01', '2020-12-31', '2021-01-22 15:56:00', '', 1, '2021-01-22 10:56:41'),
(31, 20, 0, '2020-05-01', '2020-12-31', '2021-01-22 16:05:00', '', 1, '2021-01-22 11:05:55'),
(32, 21, 0, '2020-05-01', '2020-12-31', '2021-01-22 17:54:00', '', 1, '2021-01-22 12:54:54'),
(33, 22, 0, '2020-05-01', '2020-12-31', '2021-01-22 18:02:00', '', 1, '2021-01-22 13:03:40'),
(34, 23, 0, '2020-05-01', '2020-12-31', '2021-01-22 18:05:00', '', 1, '2021-01-22 13:05:58'),
(35, 93, 0, '2020-05-01', '2020-12-31', '2021-01-22 18:53:00', '', 1, '2021-01-22 13:53:18'),
(36, 92, 0, '2020-05-01', '2020-12-31', '2021-01-22 18:53:00', '', 1, '2021-01-22 13:54:04'),
(37, 94, 0, '2020-05-01', '2020-12-31', '2021-01-22 18:54:00', '', 1, '2021-01-22 13:54:41'),
(38, 24, 0, '2020-05-01', '2020-12-31', '2021-01-22 19:03:00', '', 1, '2021-01-22 14:03:22'),
(39, 25, 0, '2020-05-01', '2020-12-31', '2021-01-22 19:21:00', '', 1, '2021-01-22 14:21:59'),
(40, 26, 0, '2020-05-01', '2020-12-31', '2021-01-22 19:35:00', '', 1, '2021-01-22 14:35:55'),
(41, 27, 0, '2020-05-01', '2020-12-31', '2021-01-22 19:41:00', '', 1, '2021-01-22 14:41:18'),
(42, 28, 0, '2020-05-01', '2020-12-31', '2021-01-22 19:43:00', '', 1, '2021-01-22 14:44:02');

-- --------------------------------------------------------

--
-- Table structure for table `labour`
--

CREATE TABLE `labour` (
  `id` int(11) NOT NULL,
  `name` varchar(220) NOT NULL,
  `status` int(1) NOT NULL DEFAULT 1,
  `ts` datetime NOT NULL DEFAULT current_timestamp() ON UPDATE current_timestamp()
) ENGINE=InnoDB DEFAULT CHARSET=latin1;

--
-- Dumping data for table `labour`
--

INSERT INTO `labour` (`id`, `name`, `status`, `ts`) VALUES
(1, 'AII', 1, '2020-07-28 11:49:04');

-- --------------------------------------------------------

--
-- Table structure for table `machine`
--

CREATE TABLE `machine` (
  `id` int(11) NOT NULL,
  `title` varchar(250) NOT NULL,
  `status` tinyint(1) NOT NULL DEFAULT 1,
  `ts` timestamp NOT NULL DEFAULT current_timestamp()
) ENGINE=InnoDB DEFAULT CHARSET=latin1;

-- --------------------------------------------------------

--
-- Table structure for table `menu`
--

CREATE TABLE `menu` (
  `id` int(11) NOT NULL,
  `title` varchar(100) NOT NULL,
  `url` varchar(100) NOT NULL,
  `parent_id` int(11) NOT NULL,
  `depth` int(1) NOT NULL,
  `sortorder` int(11) NOT NULL,
  `icon` varchar(200) NOT NULL,
  `small_icon` varchar(200) CHARACTER SET latin1 NOT NULL
) ENGINE=MyISAM DEFAULT CHARSET=utf8;

--
-- Dumping data for table `menu`
--

INSERT INTO `menu` (`id`, `title`, `url`, `parent_id`, `depth`, `sortorder`, `icon`, `small_icon`) VALUES
(1, 'Dashboard', '#', 0, 0, 1, 'dashboard.png', 'home'),
(68, 'Bangles Setting', '#', 0, 0, 6, 'bengles.jpg', 'magnet'),
(69, 'Color', 'color_manage.php', 68, 1, 7, 'color.png', 'circle'),
(8, 'Manage Users', 'admin_manage.php', 1, 1, 4, 'administrator.png', 'user'),
(7, 'General Settings', 'config_manage.php?config_id=1', 1, 1, 2, 'general-settings.png', 'cog'),
(12, 'Upload Center', 'upload_manage.php', 1, 1, 3, 'upload-center.png', 'file-o'),
(22, 'Reports', '#', 0, 0, 24, 'reports.png', 'line-chart'),
(24, 'General Journal', 'report_manage.php?tab=general_journal', 22, 1, 23, 'general-journal.png', 'th-large'),
(26, 'Manage User Types', 'admin_type_manage.php', 1, 1, 5, 'admin-type.png', 'unlock-alt'),
(30, 'Accounts', '#', 0, 0, 19, 'accounts.jpg', 'suitcase'),
(28, 'Manage Expenses', 'expense_manage.php', 30, 1, 14, 'manage-expense.png', 'car'),
(32, 'Manage Transactions', 'transaction_manage.php', 30, 1, 21, 'transaction.png', 'money'),
(35, 'Manage Accounts', 'account_manage.php', 30, 1, 10, 'manage-accounts.png', 'balance-scale'),
(40, 'Expense Category', 'expense_category_manage.php', 30, 1, 13, 'expense-category.png', 'server'),
(74, 'Incoming', 'incoming_manage.php', 78, 1, 13, 'incoming.png', 'rub'),
(75, 'Washing', 'washing_manage.php', 78, 1, 14, 'washing.png', 'eraser'),
(76, 'Delivery', 'delivery_manage.php', 78, 1, 15, 'delivery.png', 'yelp'),
(53, 'Balance Sheet', 'report_manage.php?tab=balance_sheet', 22, 1, 24, 'balance-sheet.png', '500px'),
(54, 'Income Report', 'report_manage.php?tab=income', 22, 1, 25, 'income-report.png', 'backward'),
(73, 'Labour', 'labour_manage.php', 68, 1, 12, 'labour.png', 'male'),
(70, 'Size', 'size_manage.php', 68, 1, 8, 'size.png', 'exchange'),
(71, 'Design', 'design_manage.php', 68, 1, 9, 'design.png', 'empire'),
(72, 'Customer', 'customer_manage.php', 30, 1, 11, 'customer.png', 'male'),
(77, 'Customer Payment', 'customer_payment_manage.php', 30, 1, 12, 'customer-payment.png', 'random'),
(78, 'Bangles Manufacturing', '#', 0, 0, 7, 'bengles-manufacturing.jpg', 'map-signs'),
(79, 'Employees', '#', 0, 0, 18, 'employees.png', 'male'),
(80, 'Manage Employee', 'employee_manage.php', 79, 1, 27, 'manage-employee.png', 'user'),
(84, 'Employee Payment', 'employee_payment_manage.php', 79, 1, 30, 'employee-payment.png', 'archive'),
(82, 'Stock Report', 'report_manage.php?tab=stock_report', 22, 1, 28, 'stock-report.png', 'cogs'),
(83, 'Machine', 'machine_manage.php', 68, 1, 30, 'machine.png', 'magnet'),
(85, 'Employee Salary', 'employee_salary_manage.php', 79, 1, 31, 'employee-salary.png', 'anchor'),
(86, 'Manage Invoice', 'invoice_manage.php', 30, 1, 32, 'manage-invoice.png', 'balance-scale');

-- --------------------------------------------------------

--
-- Table structure for table `menu_2_admin_type`
--

CREATE TABLE `menu_2_admin_type` (
  `menu_id` int(11) NOT NULL,
  `admin_type_id` int(11) NOT NULL
) ENGINE=InnoDB DEFAULT CHARSET=utf8mb4;

--
-- Dumping data for table `menu_2_admin_type`
--

INSERT INTO `menu_2_admin_type` (`menu_id`, `admin_type_id`) VALUES
(1, 1),
(2, 1),
(3, 1),
(4, 1),
(4, 3),
(4, 4),
(5, 1),
(5, 3),
(6, 1),
(7, 1),
(8, 1),
(9, 1),
(12, 1),
(14, 1),
(14, 3),
(15, 1),
(15, 3),
(16, 1),
(16, 3),
(17, 1),
(17, 3),
(18, 1),
(18, 3),
(19, 1),
(20, 1),
(21, 1),
(21, 3),
(22, 1),
(22, 3),
(23, 1),
(24, 1),
(24, 3),
(25, 1),
(26, 1),
(27, 1),
(27, 3),
(28, 1),
(28, 3),
(29, 1),
(29, 3),
(30, 1),
(30, 3),
(31, 1),
(32, 1),
(32, 3),
(33, 1),
(33, 3),
(34, 1),
(34, 3),
(35, 1),
(36, 1),
(37, 1),
(38, 1),
(39, 1),
(40, 1),
(41, 1),
(41, 3),
(42, 1),
(43, 1),
(44, 1),
(45, 1),
(46, 1),
(47, 1),
(48, 1),
(49, 1),
(50, 1),
(51, 1),
(52, 1),
(53, 1),
(54, 1),
(55, 1),
(56, 1),
(57, 1),
(58, 1),
(58, 3),
(59, 1),
(59, 3),
(60, 1),
(60, 3),
(61, 1),
(61, 3),
(62, 1),
(62, 3),
(63, 1),
(63, 3),
(64, 1),
(64, 3),
(65, 1),
(65, 3),
(66, 1),
(66, 3),
(67, 1),
(67, 3),
(68, 1),
(69, 1),
(70, 1),
(71, 1),
(72, 1),
(73, 1),
(74, 1),
(75, 1),
(76, 1),
(77, 1),
(78, 1),
(79, 1),
(80, 1),
(81, 1),
(82, 1),
(83, 1),
(84, 1),
(85, 1),
(86, 1);

-- --------------------------------------------------------

--
-- Table structure for table `scheduled_transaction`
--

CREATE TABLE `scheduled_transaction` (
  `id` int(11) NOT NULL,
  `type` int(1) NOT NULL,
  `schedule` int(11) NOT NULL,
  `day_number` int(11) NOT NULL,
  `project_id` int(11) NOT NULL,
  `account_id` int(11) NOT NULL,
  `reference_id` int(1) NOT NULL DEFAULT 0,
  `datetime_added` datetime NOT NULL,
  `amount` decimal(10,2) NOT NULL,
  `details` text NOT NULL,
  `lastrun` int(11) NOT NULL,
  `nextrun` int(11) NOT NULL,
  `added_by` int(11) NOT NULL,
  `status` int(11) NOT NULL DEFAULT 1,
  `ts` timestamp NOT NULL DEFAULT current_timestamp() ON UPDATE current_timestamp()
) ENGINE=InnoDB DEFAULT CHARSET=latin1;

-- --------------------------------------------------------

--
-- Table structure for table `size`
--

CREATE TABLE `size` (
  `id` int(11) NOT NULL,
  `title` varchar(100) NOT NULL,
  `title_urdu` varchar(300) NOT NULL,
  `sortorder` int(11) NOT NULL,
  `status` int(1) NOT NULL DEFAULT 1,
  `ts` timestamp NOT NULL DEFAULT current_timestamp() ON UPDATE current_timestamp()
) ENGINE=InnoDB DEFAULT CHARSET=latin1;

--
-- Dumping data for table `size`
--

INSERT INTO `size` (`id`, `title`, `title_urdu`, `sortorder`, `status`, `ts`) VALUES
(4, '21=', '=21', 0, 1, '2021-01-16 10:05:48'),
(5, '111=', '=111', 0, 1, '2021-01-16 10:05:54'),
(11, 'BIG', 'BIG', 0, 1, '2021-01-16 10:04:23'),
(12, 'SMALL', 'SMALL', 0, 1, '2021-01-16 10:04:33'),
(13, '21x', '21x', 0, 1, '2021-01-20 17:33:30');

-- --------------------------------------------------------

--
-- Table structure for table `transaction`
--

CREATE TABLE `transaction` (
  `id` int(11) NOT NULL,
  `account_id` int(11) NOT NULL,
  `reference_id` int(1) NOT NULL DEFAULT 0,
  `datetime_added` datetime NOT NULL,
  `amount` decimal(10,2) NOT NULL,
  `details` text NOT NULL,
  `added_by` int(11) NOT NULL,
  `status` int(11) NOT NULL DEFAULT 1,
  `ts` timestamp NOT NULL DEFAULT current_timestamp() ON UPDATE current_timestamp()
) ENGINE=InnoDB DEFAULT CHARSET=latin1;

-- --------------------------------------------------------

--
-- Table structure for table `uploads`
--

CREATE TABLE `uploads` (
  `id` int(11) NOT NULL,
  `filename` varchar(200) NOT NULL,
  `filelocation` varchar(200) NOT NULL
) ENGINE=MyISAM DEFAULT CHARSET=utf8;

--
-- Dumping data for table `uploads`
--

INSERT INTO `uploads` (`id`, `filename`, `filelocation`) VALUES
(1, 'my file', 'my-file.xlsx');

-- --------------------------------------------------------

--
-- Table structure for table `washing`
--

CREATE TABLE `washing` (
  `id` int(11) NOT NULL,
  `date` date NOT NULL,
  `customer_id` int(11) NOT NULL,
  `status` int(1) NOT NULL DEFAULT 1,
  `ts` timestamp NOT NULL DEFAULT current_timestamp() ON UPDATE current_timestamp()
) ENGINE=InnoDB DEFAULT CHARSET=latin1;

-- --------------------------------------------------------

--
-- Table structure for table `washing_items`
--

CREATE TABLE `washing_items` (
  `id` int(11) NOT NULL,
  `washing_id` int(11) NOT NULL,
  `color_id` int(11) NOT NULL,
  `size_id` int(11) NOT NULL,
  `design_id` int(11) NOT NULL,
  `quantity` int(11) NOT NULL,
  `ts` timestamp NOT NULL DEFAULT current_timestamp() ON UPDATE current_timestamp()
) ENGINE=InnoDB DEFAULT CHARSET=latin1;

--
-- Indexes for dumped tables
--

--
-- Indexes for table `account`
--
ALTER TABLE `account`
  ADD PRIMARY KEY (`id`);

--
-- Indexes for table `admin`
--
ALTER TABLE `admin`
  ADD PRIMARY KEY (`id`);

--
-- Indexes for table `admin_type`
--
ALTER TABLE `admin_type`
  ADD PRIMARY KEY (`id`);

--
-- Indexes for table `color`
--
ALTER TABLE `color`
  ADD PRIMARY KEY (`id`);

--
-- Indexes for table `config_type`
--
ALTER TABLE `config_type`
  ADD PRIMARY KEY (`id`);

--
-- Indexes for table `config_variable`
--
ALTER TABLE `config_variable`
  ADD PRIMARY KEY (`id`);

--
-- Indexes for table `customer`
--
ALTER TABLE `customer`
  ADD PRIMARY KEY (`id`);

--
-- Indexes for table `customer_payment`
--
ALTER TABLE `customer_payment`
  ADD PRIMARY KEY (`id`);

--
-- Indexes for table `delivery`
--
ALTER TABLE `delivery`
  ADD PRIMARY KEY (`id`);

--
-- Indexes for table `delivery_items`
--
ALTER TABLE `delivery_items`
  ADD PRIMARY KEY (`id`);

--
-- Indexes for table `design`
--
ALTER TABLE `design`
  ADD PRIMARY KEY (`id`);

--
-- Indexes for table `employees`
--
ALTER TABLE `employees`
  ADD PRIMARY KEY (`id`);

--
-- Indexes for table `employee_attendance`
--
ALTER TABLE `employee_attendance`
  ADD PRIMARY KEY (`id`);

--
-- Indexes for table `employee_payment`
--
ALTER TABLE `employee_payment`
  ADD PRIMARY KEY (`id`);

--
-- Indexes for table `employee_salary`
--
ALTER TABLE `employee_salary`
  ADD PRIMARY KEY (`id`);

--
-- Indexes for table `expense`
--
ALTER TABLE `expense`
  ADD PRIMARY KEY (`id`);

--
-- Indexes for table `expense_category`
--
ALTER TABLE `expense_category`
  ADD PRIMARY KEY (`id`);

--
-- Indexes for table `incoming`
--
ALTER TABLE `incoming`
  ADD PRIMARY KEY (`id`);

--
-- Indexes for table `incoming_items`
--
ALTER TABLE `incoming_items`
  ADD PRIMARY KEY (`id`);

--
-- Indexes for table `invoice`
--
ALTER TABLE `invoice`
  ADD PRIMARY KEY (`id`);

--
-- Indexes for table `labour`
--
ALTER TABLE `labour`
  ADD PRIMARY KEY (`id`);

--
-- Indexes for table `machine`
--
ALTER TABLE `machine`
  ADD PRIMARY KEY (`id`);

--
-- Indexes for table `menu`
--
ALTER TABLE `menu`
  ADD PRIMARY KEY (`id`);

--
-- Indexes for table `menu_2_admin_type`
--
ALTER TABLE `menu_2_admin_type`
  ADD PRIMARY KEY (`menu_id`,`admin_type_id`);

--
-- Indexes for table `scheduled_transaction`
--
ALTER TABLE `scheduled_transaction`
  ADD PRIMARY KEY (`id`);

--
-- Indexes for table `size`
--
ALTER TABLE `size`
  ADD PRIMARY KEY (`id`);

--
-- Indexes for table `transaction`
--
ALTER TABLE `transaction`
  ADD PRIMARY KEY (`id`);

--
-- Indexes for table `uploads`
--
ALTER TABLE `uploads`
  ADD PRIMARY KEY (`id`);

--
-- Indexes for table `washing`
--
ALTER TABLE `washing`
  ADD PRIMARY KEY (`id`);

--
-- Indexes for table `washing_items`
--
ALTER TABLE `washing_items`
  ADD PRIMARY KEY (`id`);

--
-- AUTO_INCREMENT for dumped tables
--

--
-- AUTO_INCREMENT for table `account`
--
ALTER TABLE `account`
  MODIFY `id` int(11) NOT NULL AUTO_INCREMENT, AUTO_INCREMENT=10;

--
-- AUTO_INCREMENT for table `admin`
--
ALTER TABLE `admin`
  MODIFY `id` int(11) NOT NULL AUTO_INCREMENT, AUTO_INCREMENT=28;

--
-- AUTO_INCREMENT for table `admin_type`
--
ALTER TABLE `admin_type`
  MODIFY `id` int(11) NOT NULL AUTO_INCREMENT, AUTO_INCREMENT=4;

--
-- AUTO_INCREMENT for table `color`
--
ALTER TABLE `color`
  MODIFY `id` int(11) NOT NULL AUTO_INCREMENT, AUTO_INCREMENT=59;

--
-- AUTO_INCREMENT for table `config_type`
--
ALTER TABLE `config_type`
  MODIFY `id` int(11) NOT NULL AUTO_INCREMENT, AUTO_INCREMENT=10;

--
-- AUTO_INCREMENT for table `config_variable`
--
ALTER TABLE `config_variable`
  MODIFY `id` int(11) NOT NULL AUTO_INCREMENT, AUTO_INCREMENT=23;

--
-- AUTO_INCREMENT for table `customer`
--
ALTER TABLE `customer`
  MODIFY `id` int(11) NOT NULL AUTO_INCREMENT, AUTO_INCREMENT=95;

--
-- AUTO_INCREMENT for table `customer_payment`
--
ALTER TABLE `customer_payment`
  MODIFY `id` int(11) NOT NULL AUTO_INCREMENT, AUTO_INCREMENT=438;

--
-- AUTO_INCREMENT for table `delivery`
--
ALTER TABLE `delivery`
  MODIFY `id` int(11) NOT NULL AUTO_INCREMENT, AUTO_INCREMENT=144;

--
-- AUTO_INCREMENT for table `delivery_items`
--
ALTER TABLE `delivery_items`
  MODIFY `id` int(11) NOT NULL AUTO_INCREMENT, AUTO_INCREMENT=285;

--
-- AUTO_INCREMENT for table `design`
--
ALTER TABLE `design`
  MODIFY `id` int(11) NOT NULL AUTO_INCREMENT, AUTO_INCREMENT=186;

--
-- AUTO_INCREMENT for table `employees`
--
ALTER TABLE `employees`
  MODIFY `id` int(11) NOT NULL AUTO_INCREMENT, AUTO_INCREMENT=15;

--
-- AUTO_INCREMENT for table `employee_attendance`
--
ALTER TABLE `employee_attendance`
  MODIFY `id` int(11) NOT NULL AUTO_INCREMENT;

--
-- AUTO_INCREMENT for table `employee_payment`
--
ALTER TABLE `employee_payment`
  MODIFY `id` int(11) NOT NULL AUTO_INCREMENT;

--
-- AUTO_INCREMENT for table `employee_salary`
--
ALTER TABLE `employee_salary`
  MODIFY `id` int(11) NOT NULL AUTO_INCREMENT;

--
-- AUTO_INCREMENT for table `expense`
--
ALTER TABLE `expense`
  MODIFY `id` int(11) NOT NULL AUTO_INCREMENT, AUTO_INCREMENT=2;

--
-- AUTO_INCREMENT for table `expense_category`
--
ALTER TABLE `expense_category`
  MODIFY `id` int(11) NOT NULL AUTO_INCREMENT, AUTO_INCREMENT=121;

--
-- AUTO_INCREMENT for table `incoming`
--
ALTER TABLE `incoming`
  MODIFY `id` int(11) NOT NULL AUTO_INCREMENT, AUTO_INCREMENT=107;

--
-- AUTO_INCREMENT for table `incoming_items`
--
ALTER TABLE `incoming_items`
  MODIFY `id` int(11) NOT NULL AUTO_INCREMENT, AUTO_INCREMENT=142;

--
-- AUTO_INCREMENT for table `invoice`
--
ALTER TABLE `invoice`
  MODIFY `id` int(11) NOT NULL AUTO_INCREMENT, AUTO_INCREMENT=43;

--
-- AUTO_INCREMENT for table `labour`
--
ALTER TABLE `labour`
  MODIFY `id` int(11) NOT NULL AUTO_INCREMENT, AUTO_INCREMENT=2;

--
-- AUTO_INCREMENT for table `machine`
--
ALTER TABLE `machine`
  MODIFY `id` int(11) NOT NULL AUTO_INCREMENT, AUTO_INCREMENT=18;

--
-- AUTO_INCREMENT for table `menu`
--
ALTER TABLE `menu`
  MODIFY `id` int(11) NOT NULL AUTO_INCREMENT, AUTO_INCREMENT=87;

--
-- AUTO_INCREMENT for table `scheduled_transaction`
--
ALTER TABLE `scheduled_transaction`
  MODIFY `id` int(11) NOT NULL AUTO_INCREMENT;

--
-- AUTO_INCREMENT for table `size`
--
ALTER TABLE `size`
  MODIFY `id` int(11) NOT NULL AUTO_INCREMENT, AUTO_INCREMENT=14;

--
-- AUTO_INCREMENT for table `transaction`
--
ALTER TABLE `transaction`
  MODIFY `id` int(11) NOT NULL AUTO_INCREMENT;

--
-- AUTO_INCREMENT for table `uploads`
--
ALTER TABLE `uploads`
  MODIFY `id` int(11) NOT NULL AUTO_INCREMENT, AUTO_INCREMENT=2;

--
-- AUTO_INCREMENT for table `washing`
--
ALTER TABLE `washing`
  MODIFY `id` int(11) NOT NULL AUTO_INCREMENT;

--
-- AUTO_INCREMENT for table `washing_items`
--
ALTER TABLE `washing_items`
  MODIFY `id` int(11) NOT NULL AUTO_INCREMENT;
COMMIT;

/*!40101 SET CHARACTER_SET_CLIENT=@OLD_CHARACTER_SET_CLIENT */;
/*!40101 SET CHARACTER_SET_RESULTS=@OLD_CHARACTER_SET_RESULTS */;
/*!40101 SET COLLATION_CONNECTION=@OLD_COLLATION_CONNECTION */;
